state,scheme,level,bucket,relevant,categories,link
National (all states),Stand-Up India,Central,"Insurance, accident & death help",yes,"Business & Entrepreneurship; Banking,Financial Services and Insurance; Social welfare & Empowerment",https://www.myscheme.gov.in/schemes/sui
National (all states),Pradhan Mantri Suraksha Bima Yojana,Central,"Insurance, accident & death help",yes,"Banking,Financial Services and Insurance",https://www.myscheme.gov.in/schemes/pmsby
National (all states),Scheme For Financial Assistance For Veteran Artists,Central,"Not for workers: sports, arts, awards",no,Sports & Culture; Social welfare & Empowerment,https://www.myscheme.gov.in/schemes/sfava
National (all states),Research Grant For In-Service Faculty Members,Central,Not for workers: students & education,no,Education & Learning,https://www.myscheme.gov.in/schemes/rgisfm
National (all states),Internship Programme By The Ministry Of External Affairs,Central,Other,no,Education & Learning,https://www.myscheme.gov.in/schemes/ip-mea
National (all states),Post Matric Scholarship Scheme For The Students Belonging To Scheduled Tribe For Studies In India,Central,Not for workers: students & education,no,Education & Learning,https://www.myscheme.gov.in/schemes/post-st
National (all states),Persons With Disabilities Scheme In Colleges: Higher Education For Persons With Special Needs,Central,Not for workers: students & education,no,Education & Learning; Social welfare & Empowerment,https://www.myscheme.gov.in/schemes/hepsn
National (all states),Indirect Tax Internship Scheme In Central Board Of Indirect Taxes And Customs (CBIC),Central,Not for workers: students & education,no,Education & Learning,https://www.myscheme.gov.in/schemes/itiscbic
National (all states),National Solar Science Fellowship Programme,Central,Not for workers: students & education,no,Education & Learning,https://www.myscheme.gov.in/schemes/nssfp
National (all states),Summer Internship Scheme Of DGFT,Central,Not for workers: students & education,no,Education & Learning,https://www.myscheme.gov.in/schemes/sisdgft
National (all states),Central Vigilance Commission (CVC) Internship Scheme,Central,Not for workers: students & education,no,Education & Learning,https://www.myscheme.gov.in/schemes/cvcis
National (all states),Swatantrata Sainik Samman Pension Scheme,Central,"Not for workers: sports, arts, awards",no,"Banking,Financial Services and Insurance; Social welfare & Empowerment",https://www.myscheme.gov.in/schemes/sssps
National (all states),Centrally Sponsored Scheme of Pre-matric Scholarship to Other Backward Classes (OBC) for Studies in India,Central,Not for workers: students & education,no,Social welfare & Empowerment; Education & Learning,https://www.myscheme.gov.in/schemes/csspremsobcsi
National (all states),Abdul Kalam Technology Innovation National Fellowship,Central,Not for workers: students & education,no,"Science, IT & Communications",https://www.myscheme.gov.in/schemes/aktinf
National (all states),Green Business Scheme,Central,"Insurance, accident & death help",yes,"Social welfare & Empowerment; Banking,Financial Services and Insurance",https://www.myscheme.gov.in/schemes/gbs
National (all states),Rashtriya Gram Swaraj Abhiyan - Internship Program,Central,Not for workers: students & education,no,Education & Learning; Skills & Employment,https://www.myscheme.gov.in/schemes/rgsaip
National (all states),National Handicrafts Development Programme: Direct Benefit to Artisans - Supports to Artisans in Indigent Circumstances,Central,"Not for workers: sports, arts, awards",no,Sports & Culture; Social welfare & Empowerment,https://www.myscheme.gov.in/schemes/nhdp-dba-saic
National (all states),National Centre for Earth Science Studies Internship Scheme,Central,Not for workers: students & education,no,Education & Learning,https://www.myscheme.gov.in/schemes/ncessis
National (all states),The NSFDC Internship Scheme ,Central,Not for workers: students & education,no,Education & Learning; Skills & Employment,https://www.myscheme.gov.in/schemes/tnsfdcis
National (all states),ICSSR Doctoral Fellowship,Central,Not for workers: students & education,no,Education & Learning,https://www.myscheme.gov.in/schemes/doctoral-fellowship
National (all states),"""Marketing Incentive"" under the ""Handloom Marketing Assistance"" Component of the National Handloom Development Programme",Central,"Food, LPG & ration",yes,Business & Entrepreneurship,https://www.myscheme.gov.in/schemes/mi-hma-nhdp
National (all states),Visvesvaraya PhD Scheme for Electronics and IT: Full Time PhD Candidates,Central,Not for workers: students & education,no,"Science, IT & Communications; Education & Learning",https://www.myscheme.gov.in/schemes/vphdseitftphdc
National (all states),Visvesvaraya PhD Scheme for Electronics and IT: Part Time PhD Candidates,Central,Other,no,"Science, IT & Communications; Education & Learning",https://www.myscheme.gov.in/schemes/vphdseitptphdc
National (all states),Visvesvaraya PhD Scheme for Electronics and IT: Young Faculty Research Fellowships ,Central,Not for workers: students & education,no,"Science, IT & Communications; Education & Learning",https://www.myscheme.gov.in/schemes/yfrf
National (all states),Financial Assistance as Interest Subsidy on Home Loan,Central,Not for workers: honour & service pensions,no,"Banking,Financial Services and Insurance; Housing & Shelter; Social welfare & Empowerment",https://www.myscheme.gov.in/schemes/faishl
National (all states),Venture Capital Fund for Scheduled Castes,Central,Other,no,Business & Entrepreneurship,https://www.myscheme.gov.in/schemes/vcf-sc
National (all states),Post-Graduate Scholarships for Professional Courses for SC/ST Candidates,Central,Not for workers: students & education,no,Education & Learning,https://www.myscheme.gov.in/schemes/pgspcscstc
National (all states),Pradhan Mantri Uchchatar Shiksha Protsahan (PM-USP) Central Sector Scheme of Scholarship for College and University students,Central,Not for workers: students & education,no,Education & Learning,https://www.myscheme.gov.in/schemes/csss-cus
National (all states),Free Education For Sports Medal Winners / Participants Of National/ International Events,Central,Not for workers: students & education,no,Education & Learning; Sports & Culture,https://www.myscheme.gov.in/schemes/fesmwpnie
National (all states),NITI Internship Scheme,Central,Not for workers: students & education,no,Education & Learning,https://www.myscheme.gov.in/schemes/niti-i
National (all states),Sukhatme National Award in Statistics,Central,"Not for workers: sports, arts, awards",no,"Science, IT & Communications",https://www.myscheme.gov.in/schemes/snas
National (all states),Study in India Programme,Central,Not for workers: students & education,no,Education & Learning,https://www.myscheme.gov.in/schemes/siip
National (all states),Dr Ambedkar Central Sector Scheme of Interest Subsidy on Educational Loans for Overseas Studies for Other Backward Classes (OBCs) and Economically Backward Classes (EBCs),Central,Not for workers: students & education,no,"Education & Learning; Social welfare & Empowerment; Banking,Financial Services and Insurance",https://www.myscheme.gov.in/schemes/dacssiselosobcebc
National (all states), Khadi Gramodyog Vikas Yojana: Khadi Vikas Yojana,Central,Other,no,Business & Entrepreneurship,https://www.myscheme.gov.in/schemes/kvyoj
National (all states),Teachers Associateship for Research Excellence,Central,Not for workers: students & education,no,"Science, IT & Communications",https://www.myscheme.gov.in/schemes/tare
National (all states),"PRISM (Promoting Innovations in Individuals, Start-ups and MSMEs): Category-2: Fabrication of Working Model/Process Know-how/Testing & Trial/Patenting/Technology Transfer",Central,Other,no,"Science, IT & Communications; Business & Entrepreneurship",https://www.myscheme.gov.in/schemes/prism-c2-fwmpkhttptt
National (all states),One District One Product (ODOP) Awards,Central,"Not for workers: sports, arts, awards",no,Business & Entrepreneurship,https://www.myscheme.gov.in/schemes/odopa
National (all states),Rashtriya Krishi Vigyan Puraskar,Central,"Not for workers: sports, arts, awards",no,"Agriculture,Rural & Environment",https://www.myscheme.gov.in/schemes/rkvp
National (all states),Police Medal for Meritorious Service,Central,Not for workers: students & education,no,"Public Safety,Law & Justice; Skills & Employment",https://www.myscheme.gov.in/schemes/pmfms
National (all states),The Lokpal of India Internship Scheme,Central,Not for workers: students & education,no,Education & Learning; Skills & Employment,https://www.myscheme.gov.in/schemes/tloiis
National (all states),National Award to Teachers (For Excellence in Vocational Training and Entrepreneurship Development),Central,"Not for workers: sports, arts, awards",no,Education & Learning,https://www.myscheme.gov.in/schemes/nattfeivtaed
National (all states),Padma Awards,Central,"Not for workers: sports, arts, awards",no,Skills & Employment; Sports & Culture,https://www.myscheme.gov.in/schemes/pa
National (all states),Coffee Development Programme in North Eastern Region: Expansion of Coffee,Central,Farmers & agriculture,yes,"Agriculture,Rural & Environment",https://www.myscheme.gov.in/schemes/cdpnerec
National (all states),Women Scientist Scheme-A,Central,Not for workers: students & education,no,"Education & Learning; Skills & Employment; Social welfare & Empowerment; Science, IT & Communications; Women and Child",https://www.myscheme.gov.in/schemes/wos-a
National (all states),Women’s Instinct for Developing and Ushering in Scientific Heights & Innovation,Central,Not for workers: students & education,no,"Women and Child; Science, IT & Communications",https://www.myscheme.gov.in/schemes/widushi
National (all states),Post Graduate Indira Gandhi Scholarship For Single Girl Child,Central,Not for workers: students & education,no,Education & Learning; Women and Child,https://www.myscheme.gov.in/schemes/pg-igssgc
National (all states),National Savings Time Deposit (TD),Central,"Insurance, accident & death help",yes,"Banking,Financial Services and Insurance",https://www.myscheme.gov.in/schemes/nstdtd
National (all states),Financial Assistance for Tagore Cultural Complexes (TCC),Central,"Not for workers: sports, arts, awards",no,Sports & Culture,https://www.myscheme.gov.in/schemes/faftcc
National (all states),Agnipath Yojana,Central,Health & disability,yes,Skills & Employment,https://www.myscheme.gov.in/schemes/ay
National (all states),Pradhan Mantri Virasat ka Samvardhan,Central,Not for workers: students & education,no,Skills & Employment; Social welfare & Empowerment; Education & Learning; Business & Entrepreneurship,https://www.myscheme.gov.in/schemes/pm-vikas
National (all states),Indira Gandhi National Disability Pension Scheme,Central,Pensions,yes,Social welfare & Empowerment,https://www.myscheme.gov.in/schemes/igndps
National (all states),Market Development Assistance,Central,"Livelihood, loans & self-employment",yes,"Business & Entrepreneurship; Science, IT & Communications",https://www.myscheme.gov.in/schemes/mda-fert
National (all states),National Post Doctoral Fellowship,Central,Not for workers: students & education,no,"Science, IT & Communications",https://www.myscheme.gov.in/schemes/n-pdf
National (all states),Right To Information Fellowship,Central,Not for workers: students & education,no,Education & Learning,https://www.myscheme.gov.in/schemes/rtif
National (all states),Biotechnology Research Innovation And Entrepreneurship Development (Bio-RIDE),Central,Farmers & agriculture,yes,"Science, IT & Communications; Education & Learning",https://www.myscheme.gov.in/schemes/bio-ride
National (all states),Integrated Scheme for Export Promotion & Quality Improvement in Spices and Research and Development of Cardamom: \Small Cardamom Replanting/New Planting: Karnataka (Ha.) and other States,Central,Farmers & agriculture,yes,"Agriculture,Rural & Environment; Business & Entrepreneurship",https://www.myscheme.gov.in/schemes/hsfepqiisaradocscrnpkaos
National (all states),Innovation In Science Pursuit For Inspired Research (INSPIRE) - Fellowship,Central,Not for workers: students & education,no,Education & Learning,https://www.myscheme.gov.in/schemes/inspire-f
National (all states),Marketing Development Assistance Scheme,Central,Other,no,Travel & Tourism; Business & Entrepreneurship,https://www.myscheme.gov.in/schemes/mdas
National (all states),Biotechnology Ignition Grant Scheme,Central,Other,no,Business & Entrepreneurship,https://www.myscheme.gov.in/schemes/big
National (all states),PM POSHAN - Prime Minister's Overarching Scheme For Holistic Nourishment,Central,Not for workers: students & education,no,Health & Wellness; Social welfare & Empowerment,https://www.myscheme.gov.in/schemes/pm-poshan
National (all states),Jute Diversification Scheme,Central,"Livelihood, loans & self-employment",yes,Business & Entrepreneurship,https://www.myscheme.gov.in/schemes/jds
National (all states),Micro Finance Scheme of NMDFC,Central,"Insurance, accident & death help",yes,"Banking,Financial Services and Insurance",https://www.myscheme.gov.in/schemes/mfs-nmdfc
National (all states),Production Linked Incentive Support on JDPs,Central,Other,no,Business & Entrepreneurship,https://www.myscheme.gov.in/schemes/plisjdp
National (all states),Term Loan Scheme of NMDFC,Central,"Insurance, accident & death help",yes,"Banking,Financial Services and Insurance",https://www.myscheme.gov.in/schemes/tls-nmdfc
National (all states),Pre-Matric Scholarship for Scheduled Caste Students,Central,Not for workers: students & education,no,Education & Learning; Social welfare & Empowerment,https://www.myscheme.gov.in/schemes/pre-sc
National (all states),National Savings (Monthly Income  Account) Scheme,Central,"Insurance, accident & death help",yes,"Banking,Financial Services and Insurance",https://www.myscheme.gov.in/schemes/pomis
National (all states),RKVY Soil Health and Fertility - Soil Health Card,Central,Health & disability,yes,"Agriculture,Rural & Environment",https://www.myscheme.gov.in/schemes/rkvyshfshc
National (all states),Hari Om Ashram Prerit Doctor Vikram Sarabhai Research Award,Central,"Not for workers: sports, arts, awards",no,Education & Learning,https://www.myscheme.gov.in/schemes/hoapdvsra
National (all states),Post Matric Scholarship Students With Disabilities,Central,Not for workers: students & education,no,Education & Learning; Social welfare & Empowerment,https://www.myscheme.gov.in/schemes/post-dis
National (all states),Top Class Education For Scheduled Caste Students,Central,Not for workers: students & education,no,Education & Learning; Social welfare & Empowerment,https://www.myscheme.gov.in/schemes/tce-sc
National (all states),National Talent Scholarship Undergraduate,Central,Not for workers: students & education,no,Education & Learning,https://www.myscheme.gov.in/schemes/nts-ug
National (all states),AICTE - Distinguished Chair Professor Fellowship,Central,Not for workers: students & education,no,Education & Learning,https://www.myscheme.gov.in/schemes/dcpf
National (all states),Women Scientist Scheme-B,Central,Not for workers: students & education,no,"Skills & Employment; Social welfare & Empowerment; Science, IT & Communications; Women and Child",https://www.myscheme.gov.in/schemes/wos-b
National (all states),NPS Vatsalya Scheme ,Central,Pensions,yes,"Banking,Financial Services and Insurance",https://www.myscheme.gov.in/schemes/npsvs
National (all states),National Food Security Mission NFSM,Central,"Food, LPG & ration",yes,"Agriculture,Rural & Environment",https://www.myscheme.gov.in/schemes/nfsmcss
National (all states),Pradhan Mantri Bhartiya Janaushadhi Pariyojana (PMBJP),Central,Health & disability,yes,Business & Entrepreneurship; Health & Wellness; Skills & Employment; Social welfare & Empowerment,https://www.myscheme.gov.in/schemes/pmbjp
National (all states),Pre Matric Scholarship For Students With Disabilities,Central,Not for workers: students & education,no,Education & Learning; Social welfare & Empowerment,https://www.myscheme.gov.in/schemes/pre-dis
National (all states),Vanchit Ikai Samooh aur Vargon ki Aarthik Sahayata Yojana (VISVAS) for Individual,Central,"Insurance, accident & death help",yes,"Banking,Financial Services and Insurance; Business & Entrepreneurship",https://www.myscheme.gov.in/schemes/visvasi
National (all states),Pradhan Mantri Shram Yogi Maan-dhan,Central,Pensions,yes,"Social welfare & Empowerment; Banking,Financial Services and Insurance",https://www.myscheme.gov.in/schemes/pm-sym
National (all states),Kisan Credit Card,Central,Farmers & agriculture,yes,"Agriculture,Rural & Environment",https://www.myscheme.gov.in/schemes/kcc
National (all states),NBCFDC General Loan Scheme,Central,"Insurance, accident & death help",yes,"Banking,Financial Services and Insurance; Social welfare & Empowerment",https://www.myscheme.gov.in/schemes/nbcfdc-gls
National (all states),Scheme for Dronacharya Award for Outstanding Coaches in Sports and Games,Central,Not for workers: students & education,no,Sports & Culture,https://www.myscheme.gov.in/schemes/sdaocsg
National (all states),Scheme For Adolescent Girls,Central,Health & disability,yes,Health & Wellness; Social welfare & Empowerment; Women and Child,https://www.myscheme.gov.in/schemes/sag
National (all states),Integrated Scheme for Export Promotion & Quality Improvement in Spices and Research and Development of Cardamom:Small Cardamom Irrigation Land Development : Rain water harvesting structure (nos),Central,Farmers & agriculture,yes,"Agriculture,Rural & Environment; Business & Entrepreneurship",https://www.myscheme.gov.in/schemes/isfepqiisaradocscildrwhs
National (all states),Labour Welfare Scheme (Health),Central,Workers' welfare boards & labour,yes,Health & Wellness; Social welfare & Empowerment,https://www.myscheme.gov.in/schemes/lws-h
National (all states),"Integrated Scheme for Export Promotion & Quality Improvement in Spices and Research and Development of Cardamom: Post-Harvest Improvement: Polisher for Small Cardamom, Large Cardamom, Turmeric, etc (nos)",Central,Farmers & agriculture,yes,"Agriculture,Rural & Environment",https://www.myscheme.gov.in/schemes/isfepqisaradocphipfsclctw
National (all states),Centenaries and Anniversaries Scheme,Central,"Insurance, accident & death help",yes,"Banking,Financial Services and Insurance",https://www.myscheme.gov.in/schemes/cas
National (all states),"Scheme of Human Resources Development in Sports- Exchange of Knowledge / Research / Ideas for Attending Seminars, Workshops and Conferences of Repute in India or Abroad",Central,"Not for workers: sports, arts, awards",no,Sports & Culture,https://www.myscheme.gov.in/schemes/ekri-aswc
National (all states),"Scheme of Human Resources Development in Sports- Assistance to Match Officials, Coaches and Support Personnel",Central,Not for workers: students & education,no,Sports & Culture,https://www.myscheme.gov.in/schemes/shrds-amocsp
National (all states),Scheme of Human Resources Development in Sports- Fellowship Programme,Central,Not for workers: students & education,no,Sports & Culture; Education & Learning,https://www.myscheme.gov.in/schemes/shrds-fp
National (all states),Mobility Scheme,Central,Not for workers: students & education,no,"Science, IT & Communications",https://www.myscheme.gov.in/schemes/msdst
National (all states),WISE Post-Doctoral Fellowship,Central,Not for workers: students & education,no,"Women and Child; Science, IT & Communications",https://www.myscheme.gov.in/schemes/wise-pdf
National (all states),Atal Pension Yojana,Central,Pensions,yes,"Banking,Financial Services and Insurance",https://www.myscheme.gov.in/schemes/apy
National (all states),Pragati Scholarship Scheme For Girl Students (Technical Diploma),Central,Not for workers: students & education,no,Education & Learning; Social welfare & Empowerment; Women and Child,https://www.myscheme.gov.in/schemes/psgs-dip
National (all states),National Youth Corps,Central,"Not for workers: sports, arts, awards",no,Skills & Employment; Social welfare & Empowerment,https://www.myscheme.gov.in/schemes/nyc
National (all states),SVAMITVA Yojana (Survey of Villages and Mapping with Improvised Technology in Village Areas),Central,Housing,yes,"Agriculture,Rural & Environment",https://www.myscheme.gov.in/schemes/pmsy
National (all states),Health Minister’s Discretionary Grant,Central,Health & disability,yes,Health & Wellness,https://www.myscheme.gov.in/schemes/hmdg
National (all states),National Scheme Of Welfare Of Fishermen,Central,Housing,yes,"Agriculture,Rural & Environment",https://www.myscheme.gov.in/schemes/nswf
National (all states),Swami Vivekananda Single Girl Child Fellowship for Research in Social Sciences,Central,Not for workers: students & education,no,Education & Learning,https://www.myscheme.gov.in/schemes/svsgcfrss
National (all states),Innovation In Science Pursuit For Inspired Research (INSPIRE) - Scholarship For Higher Education (SHE),Central,Not for workers: students & education,no,Education & Learning,https://www.myscheme.gov.in/schemes/inspire-she
National (all states),Coaching Schemes For Sc/st/obc (non-creamy Layer) & Minority Students For Universities,Central,Not for workers: students & education,no,Education & Learning; Social welfare & Empowerment,https://www.myscheme.gov.in/schemes/csmsu
National (all states),Internship Policy Of Indian Council For Cultural Relations (ICCR),Central,Not for workers: students & education,no,Education & Learning; Sports & Culture,https://www.myscheme.gov.in/schemes/ipiccr
National (all states),Internship Programme Of The Department Of Expenditure,Central,Other,no,Education & Learning,https://www.myscheme.gov.in/schemes/ipdop
National (all states),"Free Coaching for SCs, OBCs and beneficiaries of PM CARES Children Scheme",Central,Not for workers: students & education,no,Education & Learning; Social welfare & Empowerment,https://www.myscheme.gov.in/schemes/fcssos
National (all states),Development Support for Coffee in Traditional Areas: Water Augmentation,Central,"Livelihood, loans & self-employment",yes,"Agriculture,Rural & Environment",https://www.myscheme.gov.in/schemes/dsctawa
National (all states),FutureSkills Prime Incentive Program,Central,Other,no,Education & Learning; Skills & Employment,https://www.myscheme.gov.in/schemes/fspip
National (all states),Padho Pardesh,Central,Not for workers: students & education,no,Education & Learning,https://www.myscheme.gov.in/schemes/ppma
National (all states),National Scholarship For Post Graduate Studies,Central,Not for workers: students & education,no,Education & Learning,https://www.myscheme.gov.in/schemes/nsfpgs
National (all states),Swarnajayanti Fellowships Scheme,Central,Not for workers: students & education,no,"Science, IT & Communications",https://www.myscheme.gov.in/schemes/sjfs
National (all states),E-YUVA Scheme: BIRAC’s E-YUVA Fellows (for under graduate students),Central,Not for workers: students & education,no,Education & Learning,https://www.myscheme.gov.in/schemes/e-yuvasbirace-yuvafugs
National (all states),Coconut Palm Insurance Scheme,Central,"Insurance, accident & death help",yes,"Agriculture,Rural & Environment; Banking,Financial Services and Insurance",https://www.myscheme.gov.in/schemes/cpis
National (all states),Pradhan Mantri Uchchatar Shiksha Protsahan Yojana: Central Sector Interest Subsidy Scheme,Central,Not for workers: students & education,no,"Banking,Financial Services and Insurance; Education & Learning",https://www.myscheme.gov.in/schemes/pm-uspycsiss
National (all states),National Youth Award ,Central,"Not for workers: sports, arts, awards",no,"Health & Wellness; Public Safety,Law & Justice; Social welfare & Empowerment; Travel & Tourism",https://www.myscheme.gov.in/schemes/nya
National (all states),"PM-YASASVI: Top Class School Education for OBC, EBC and DNT Students",Central,Not for workers: students & education,no,Education & Learning,https://www.myscheme.gov.in/schemes/pm-yasasvitcseobcebcdnts
National (all states),AlCTE - Distinguished Professional Scheme,Central,Not for workers: students & education,no,"Education & Learning; Skills & Employment; Science, IT & Communications",https://www.myscheme.gov.in/schemes/adps
National (all states),Group Insurance Scheme for Powerloom Weavers,Central,"Insurance, accident & death help",yes,"Banking,Financial Services and Insurance",https://www.myscheme.gov.in/schemes/gispw
National (all states),Kishore Vaigyanik Protsahan Yojana,Central,Not for workers: students & education,no,"Education & Learning; Science, IT & Communications",https://www.myscheme.gov.in/schemes/kvpy
National (all states),National Awards to Teachers,Central,Not for workers: students & education,no,Education & Learning,https://www.myscheme.gov.in/schemes/nat
National (all states),ICSSR Post-Doctoral Fellowship,Central,Not for workers: students & education,no,Education & Learning,https://www.myscheme.gov.in/schemes/post-doctoral-fellowship
National (all states),ICSSR Senior Fellowship,Central,Not for workers: students & education,no,Education & Learning,https://www.myscheme.gov.in/schemes/senior-fellowship
National (all states),PM-Special Training of Geriatric Caregivers,Central,Health & disability,yes,Skills & Employment; Health & Wellness,https://www.myscheme.gov.in/schemes/pmstgc
National (all states),Support for Marginalized Individuals for Livelihood and Enterprise (SMILE): Composite Medical Health for Transgender Persons,Central,"Insurance, accident & death help",yes,Social welfare & Empowerment; Health & Wellness,https://www.myscheme.gov.in/schemes/cmhtp-crwtp-smile
National (all states),Samriddhi – Scheme for Scheduled Caste/Scheduled Tribe Students for Setting Start-Ups,Central,Not for workers: students & education,no,Business & Entrepreneurship; Education & Learning,https://www.myscheme.gov.in/schemes/ssscstsssu
National (all states),"Information, Monitoring, Evaluation and Social Audit (I-MESA): Project Monitoring Unit (PMU)",Central,Other,no,Social welfare & Empowerment,https://www.myscheme.gov.in/schemes/i-mesa-pmu
National (all states),AVYAY - National Action Plan for Senior Citizens: Health and Shelter for Senior Citizens,Central,Health & disability,yes,Housing & Shelter; Social welfare & Empowerment; Health & Wellness,https://www.myscheme.gov.in/schemes/avyay-napsc-hssc
National (all states),"Information-Monitoring, Evaluation, and Social Audit (I-MESA): Social Audit",Central,Other,no,Social welfare & Empowerment,https://www.myscheme.gov.in/schemes/i-mesa-sa
National (all states),UGC-BSR Faculty Fellowship Scheme,Central,Not for workers: students & education,no,Education & Learning,https://www.myscheme.gov.in/schemes/bsrs
National (all states),National Means-cum-Merit Scholarship Scheme,Central,Not for workers: students & education,no,Education & Learning,https://www.myscheme.gov.in/schemes/nmmss
National (all states),National Handloom Development Programme (NHDP): Scholarship Component,Central,Not for workers: students & education,no,Education & Learning,https://www.myscheme.gov.in/schemes/nhdpsc
National (all states),Gallantry Medal – PMG/GM,Central,"Not for workers: sports, arts, awards",no,Social welfare & Empowerment,https://www.myscheme.gov.in/schemes/gallantrymedal
National (all states),Skill Development and Training of Candidates in Technical Textiles,Central,"Livelihood, loans & self-employment",yes,Business & Entrepreneurship; Education & Learning,https://www.myscheme.gov.in/schemes/sdatocitt
National (all states),Swachh Bharat Mission – Grameen PHASE I,Central,Health & disability,yes,Health & Wellness; Utility & Sanitation,https://www.myscheme.gov.in/schemes/sbm-g-i
National (all states),Technical Internship Programme,Central,Not for workers: students & education,no,Education & Learning; Skills & Employment,https://www.myscheme.gov.in/schemes/tip
National (all states),Vikaas-Day Care Scheme For Person with Disability Children,Central,Health & disability,yes,Social welfare & Empowerment,https://www.myscheme.gov.in/schemes/vdcspds
National (all states),SITARE-Appreciation Grant,Central,Not for workers: students & education,no,Skills & Employment,https://www.myscheme.gov.in/schemes/sitare-ag
National (all states),National Science Chair- Scientific Excellence,Central,Not for workers: students & education,no,"Science, IT & Communications",https://www.myscheme.gov.in/schemes/nsc-se
National (all states),National Science Chair- Science Leadership,Central,Other,no,"Science, IT & Communications",https://www.myscheme.gov.in/schemes/nsc-sl
National (all states),Rashtriya Vigyan Puraskar ,Central,"Not for workers: sports, arts, awards",no,"Science, IT & Communications",https://www.myscheme.gov.in/schemes/rvp
National (all states),National Awards To Teachers (Higher Education) ,Central,Not for workers: students & education,no,Education & Learning,https://www.myscheme.gov.in/schemes/natthe
National (all states),Rashtriya Khel Protsahan Puraskar,Central,"Not for workers: sports, arts, awards",no,Sports & Culture,https://www.myscheme.gov.in/schemes/rkpp
National (all states),Jeevan Raksha Padak Series of Awards,Central,"Not for workers: sports, arts, awards",no,Social welfare & Empowerment,https://www.myscheme.gov.in/schemes/jrpsa
National (all states),Top Class Education For Students With Disabilities,Central,Not for workers: students & education,no,Education & Learning; Social welfare & Empowerment,https://www.myscheme.gov.in/schemes/tce-swd
National (all states),National Gopal Ratna Award,Central,"Not for workers: sports, arts, awards",no,"Agriculture,Rural & Environment",https://www.myscheme.gov.in/schemes/ngra
National (all states),President’s Medal for Distinguished Service,Central,Not for workers: students & education,no,"Skills & Employment; Public Safety,Law & Justice",https://www.myscheme.gov.in/schemes/pmfds
National (all states),National Metallurgist Award,Central,"Not for workers: sports, arts, awards",no,Business & Entrepreneurship,https://www.myscheme.gov.in/schemes/nma
National (all states),National CSR Awards,Central,"Not for workers: sports, arts, awards",no,Business & Entrepreneurship,https://www.myscheme.gov.in/schemes/nca
National (all states),Sagar Samman Award- Sagar Samman Award for Gallantry,Central,"Not for workers: sports, arts, awards",no,Skills & Employment,https://www.myscheme.gov.in/schemes/ssa-ssag
National (all states),Coir Udyami Yojana,Central,"Livelihood, loans & self-employment",yes,Business & Entrepreneurship,https://www.myscheme.gov.in/schemes/cuy
National (all states),Pradhan Mantri Surakshit Matritva Abhiyan,Central,Health & disability,yes,Health & Wellness; Women and Child,https://www.myscheme.gov.in/schemes/pmsma
National (all states),Indo-French Visiting/Mobility Programme for Women in Science,Central,Other,no,"Science, IT & Communications; Women and Child",https://www.myscheme.gov.in/schemes/prowis-ii
National (all states),Nari Shakti Puraskar - National Award for Women,Central,"Not for workers: sports, arts, awards",no,Women and Child,https://www.myscheme.gov.in/schemes/cnspnaw
National (all states),Coffee Development Programme in North Eastern Region: Water Augmentation,Central,"Livelihood, loans & self-employment",yes,"Agriculture,Rural & Environment",https://www.myscheme.gov.in/schemes/cdpnerwa
National (all states),ICAR - Post Matric Scholarship for Scheduled Caste / Scheduled Tribes Candidates,Central,Not for workers: students & education,no,Education & Learning,https://www.myscheme.gov.in/schemes/icar-pms-scstc
National (all states),RMEWF-Financial Assistance For Vocational Training Of Widows Of ESM,Central,Not for workers: honour & service pensions,no,Education & Learning; Women and Child; Skills & Employment,https://www.myscheme.gov.in/schemes/rmewf-vocational-training
National (all states),The Inland Waterways Authority of India Internship Scheme,Central,Not for workers: students & education,no,Education & Learning; Skills & Employment,https://www.myscheme.gov.in/schemes/ipiwai
National (all states),Travel Grant Scheme for College Teachers/Vice Chancellors/Commission Members,Central,Not for workers: students & education,no,Education & Learning,https://www.myscheme.gov.in/schemes/tgsctclvccmuo
National (all states),Production Linked Incentive (PLI) Scheme (PLI 1.2) for Specialty Steel,Central,"Livelihood, loans & self-employment",yes,Business & Entrepreneurship,https://www.myscheme.gov.in/schemes/ssteel
National (all states),National Savings Recurring Deposit Account(RD),Central,"Insurance, accident & death help",yes,"Banking,Financial Services and Insurance",https://www.myscheme.gov.in/schemes/nsrdard
National (all states),Post Office Savings Account(SB),Central,"Insurance, accident & death help",yes,"Banking,Financial Services and Insurance",https://www.myscheme.gov.in/schemes/posa
National (all states),Nikshay Poshan Yojana,Central,Health & disability,yes,Health & Wellness,https://www.myscheme.gov.in/schemes/nikshay
National (all states),Award Of Scholarships To Young Artists In Different Cultural Fields,Central,Not for workers: students & education,no,Sports & Culture; Education & Learning,https://www.myscheme.gov.in/schemes/asyadcf
National (all states),AICTE – Saksham Scholarship Scheme For Specially-Abled Student (Degree),Central,Not for workers: students & education,no,Education & Learning,https://www.myscheme.gov.in/schemes/sak-deg
National (all states),ICRO Amrit Internship Programme,Central,Not for workers: students & education,no,"Agriculture,Rural & Environment; Education & Learning; Social welfare & Empowerment",https://www.myscheme.gov.in/schemes/icroaip
National (all states),Integrated Scheme for Export Promotion & Quality Improvement in Spices and Research and Development of Cardamom:Large cardamom Irrigation Land Development : Irrigation / water storage structures(nos),Central,"Livelihood, loans & self-employment",yes,"Agriculture,Rural & Environment",https://www.myscheme.gov.in/schemes/isfepqiisar
National (all states),Begum Hazrat Mahal National Scholarship Program,Central,Not for workers: students & education,no,Education & Learning,https://www.myscheme.gov.in/schemes/bhmnsp
National (all states),National Overseas Scholarship For Scheduled Caste Etc. Candidates,Central,Not for workers: students & education,no,Education & Learning; Social welfare & Empowerment,https://www.myscheme.gov.in/schemes/nos-sc
National (all states),Domestic Funding Of Foreign Training,Central,"Livelihood, loans & self-employment",yes,Education & Learning,https://www.myscheme.gov.in/schemes/dfft-scheme
National (all states),Women Involvement in Science and Engineering Research,Central,Other,no,Women and Child; Education & Learning,https://www.myscheme.gov.in/schemes/wiser
National (all states),Craftsmen Training Scheme,Central,"Livelihood, loans & self-employment",yes,Skills & Employment,https://www.myscheme.gov.in/schemes/cts-msde
National (all states),Internship Scheme Of The Department Of Economic Affairs,Central,Not for workers: students & education,no,Education & Learning,https://www.myscheme.gov.in/schemes/is-dea
National (all states),Mass Communication Internship Programme ,Central,Not for workers: students & education,no,Education & Learning,https://www.myscheme.gov.in/schemes/mcip
National (all states),Promotion of Exportable surplus of identified spices in NE: Cultivation of Lakadong turmeric (Ha) ,Central,Farmers & agriculture,yes,"Agriculture,Rural & Environment",https://www.myscheme.gov.in/schemes/poesoisincoltha
National (all states),Nyaya Mitra Scheme,Central,Not for workers: honour & service pensions,no,"Public Safety,Law & Justice; Social welfare & Empowerment",https://www.myscheme.gov.in/schemes/nms
National (all states),Prime Minister’s Scholarship Scheme for the Wards of Central Armed Police Forces & Assam Rifles,Central,Not for workers: students & education,no,Education & Learning,https://www.myscheme.gov.in/schemes/pmsswcapfar
National (all states),Agri-Clinics And Agri-Business Centres Scheme,Central,Not for workers: students & education,no,"Agriculture,Rural & Environment; Business & Entrepreneurship; Skills & Employment",https://www.myscheme.gov.in/schemes/acandabc
National (all states),Virasat Loan Scheme of NMDFC,Central,"Insurance, accident & death help",yes,"Banking,Financial Services and Insurance",https://www.myscheme.gov.in/schemes/vls-nmdfc
National (all states),Summer Internship Programme (PRL),Central,Not for workers: students & education,no,Education & Learning,https://www.myscheme.gov.in/schemes/sipprl
National (all states),INAE Travel Grant Scheme for Engineering Students from IITs/NITs/Govt. Approved Engineering Colleges/Institutions other than AICTE,Central,Not for workers: students & education,no,Education & Learning; Travel & Tourism,https://www.myscheme.gov.in/schemes/ai-tgses
National (all states),National Overseas Scholarship For Students With Disabilities,Central,Not for workers: students & education,no,Education & Learning; Social welfare & Empowerment,https://www.myscheme.gov.in/schemes/nos-swd
National (all states),Emeritus Fellowship,Central,Not for workers: students & education,no,Education & Learning,https://www.myscheme.gov.in/schemes/ef
National (all states),National Mission on Natural Farming,Central,"Livelihood, loans & self-employment",yes,"Agriculture,Rural & Environment",https://www.myscheme.gov.in/schemes/nmnf
National (all states),Financial Assistance For Procuring Mobility Equipment To Disabled Ex-Servicemen (All Ranks),Central,Not for workers: honour & service pensions,no,Health & Wellness,https://www.myscheme.gov.in/schemes/affdf
National (all states),NDRI Institute Scholarship For M.Sc. And Ph.d,Central,Not for workers: students & education,no,Education & Learning,https://www.myscheme.gov.in/schemes/ndriis
National (all states),Free Coaching for Students with Disabilities,Central,Not for workers: students & education,no,Education & Learning,https://www.myscheme.gov.in/schemes/fcfswd
National (all states),Integrated Scheme for Export Promotion & Quality Improvement in Spices and Research and Development of Cardamom: Reintroduced subcomponents:Supply of Silpaulin Sheets (nos),Central,Farmers & agriculture,yes,"Agriculture,Rural & Environment",https://www.myscheme.gov.in/schemes/isfepqiisaradocrssoss
National (all states),Khelo India Scheme: Sports Competitions and Talent Development,Central,Not for workers: students & education,no,Sports & Culture,https://www.myscheme.gov.in/schemes/kissctd
National (all states),Employees' Pension Scheme,Central,Pensions,yes,Social welfare & Empowerment; Skills & Employment,https://www.myscheme.gov.in/schemes/eps
National (all states),Integrated Scheme for Export Promotion & Quality Improvement in Spices and Research and Development of Cardamom: New Subcomponents:FRESH-IT (Farmer’s Research & Enterprise in Spice Holdings for Innovative Technology),Central,"Insurance, accident & death help",yes,"Agriculture,Rural & Environment; Business & Entrepreneurship; Banking,Financial Services and Insurance",https://www.myscheme.gov.in/schemes/isfepqisaradocnsffreishfit
National (all states),Integrated Scheme for Export Promotion & Quality Improvement in Spices and Research and Development of Cardamom: New Subcomponents:Weather Based Insurance Scheme for small cardamom,Central,"Insurance, accident & death help",yes,"Agriculture,Rural & Environment",https://www.myscheme.gov.in/schemes/isfepqisaradocnswbisfsc
National (all states),National Quantum Mission (NQM),Central,Other,no,"Science, IT & Communications",https://www.myscheme.gov.in/schemes/nqm
National (all states),Senior Citizens Saving Scheme,Central,"Insurance, accident & death help",yes,"Banking,Financial Services and Insurance",https://www.myscheme.gov.in/schemes/scss
National (all states),National Fellowship For OBC Students,Central,Not for workers: students & education,no,Education & Learning,https://www.myscheme.gov.in/schemes/nfos
National (all states),Junior Research Fellowship In Engineering & Technology,Central,Not for workers: students & education,no,"Education & Learning; Science, IT & Communications",https://www.myscheme.gov.in/schemes/jrfst
National (all states),Dr. S. Radhakrishnan UGC Post-Doctoral Fellowship,Central,Not for workers: students & education,no,Education & Learning,https://www.myscheme.gov.in/schemes/dsrupdf
National (all states),AICTE-Swanath Scholarship Scheme For Students,Central,Not for workers: students & education,no,Education & Learning,https://www.myscheme.gov.in/schemes/aicte-ssss
National (all states),Indian Agricultural Research Institute - Scholarship,Central,Not for workers: students & education,no,"Agriculture,Rural & Environment; Education & Learning",https://www.myscheme.gov.in/schemes/iaris
National (all states),Innovation In Science Pursuit For Inspired Research (INSPIRE) - Internship,Central,Not for workers: students & education,no,Education & Learning,https://www.myscheme.gov.in/schemes/inspire-i
National (all states),Pradhan Mantri Krishi Sinchayee Yojana: Per Drop More Crop,Central,Farmers & agriculture,yes,"Agriculture,Rural & Environment",https://www.myscheme.gov.in/schemes/pmksypdmc
National (all states),Internship Scheme By The Unique Identification Authority Of India (UIDAI),Central,Not for workers: students & education,no,Education & Learning,https://www.myscheme.gov.in/schemes/isuidai
National (all states),SEBI ITD Internship Program,Central,Not for workers: students & education,no,Education & Learning,https://www.myscheme.gov.in/schemes/sebiitdip
National (all states),Security Related Expenditure (Relief and Rehabilitation),Central,Not for workers: honour & service pensions,no,Housing & Shelter; Social welfare & Empowerment,https://www.myscheme.gov.in/schemes/sre-randr
National (all states),Niramaya Health Insurance Scheme,Central,"Insurance, accident & death help",yes,Social welfare & Empowerment; Health & Wellness,https://www.myscheme.gov.in/schemes/nhis
National (all states),International Centre for Environment Audit and Sustainable Development (iCED),Central,Not for workers: students & education,no,Education & Learning,https://www.myscheme.gov.in/schemes/iceasd-iced
National (all states),Establishment of Entrepreneur for Breed Development in Small Ruminant Sector (Sheep and Goat Farming),Central,"Livelihood, loans & self-employment",yes,"Agriculture,Rural & Environment",https://www.myscheme.gov.in/schemes/eebdsrs
National (all states),ICSSR International Collaboration,Central,"Food, LPG & ration",yes,Education & Learning,https://www.myscheme.gov.in/schemes/icssr-international-collaboration
National (all states),"Scheme of Grant-in-Aid for Professional Associations/ Organisations of Social Scientists including Universities, Colleges and Research Institutes for Publication/ Running of their Research Journal(s)",Central,Not for workers: students & education,no,Education & Learning,https://www.myscheme.gov.in/schemes/journal-grants
National (all states),"Scheme of Publication Grant/Subsidy for Publication of Doctoral Thesis/Research Report/ Papers Presented in Seminars/Conferences, etc.",Central,Not for workers: students & education,no,Education & Learning,https://www.myscheme.gov.in/schemes/publication-grant
National (all states),RMEWF- Financial Assistance to Orphan Children of ESM,Central,Not for workers: honour & service pensions,no,Social welfare & Empowerment; Women and Child,https://www.myscheme.gov.in/schemes/rmewf-faocesm
National (all states),"Centrally Sponsored Scheme for Implementation of the Protection of Civil Rights Act, 1955 and the Scheduled Castes and the Scheduled Tribes (Prevention of Atrocities) Act, 1989",Central,"Women, marriage & maternity",yes,Social welfare & Empowerment,https://www.myscheme.gov.in/schemes/cssipcra1scstpaa1
National (all states),Scheme of Assistance to State Scheduled Castes Development Corporations,Central,"Food, LPG & ration",yes,Social welfare & Empowerment; Business & Entrepreneurship,https://www.myscheme.gov.in/schemes/sasscdc
National (all states),PM Janjati Adivasi Nyaya Maha Abhiyan (PM JANMAN),Central,Health & disability,yes,Housing & Shelter; Utility & Sanitation; Health & Wellness; Education & Learning,https://www.myscheme.gov.in/schemes/pm-janman
National (all states),Prime Minister’s Rural Development Fellows Scheme,Central,Not for workers: students & education,no,"Agriculture,Rural & Environment; Skills & Employment",https://www.myscheme.gov.in/schemes/pmrdfs
National (all states),Ambedkar Social Innovation and Incubation Mission (ASIIM),Central,Not for workers: students & education,no,Business & Entrepreneurship; Skills & Employment,https://www.myscheme.gov.in/schemes/asiim
National (all states),AICTE – Mitacs Globalink Research Internship (GRI) Scheme,Central,Not for workers: students & education,no,Education & Learning,https://www.myscheme.gov.in/schemes/am-gris
National (all states),Prime Minister's Scholarship Scheme for the Wards/Widows of Central Police Force Personnel,Central,Not for workers: students & education,no,Education & Learning,https://www.myscheme.gov.in/schemes/pmsswwcpfp
National (all states),Production Linked Incentive (PLI) Scheme for Pharmaceuticals,Central,Health & disability,yes,Business & Entrepreneurship,https://www.myscheme.gov.in/schemes/pli-pharma
National (all states),Integrated Scheme for Export Promotion & Quality Improvement in Spices and Research and Development of Cardamom: Export Oriented Production: Large Cardamom Certified Nursery (Unit),Central,Farmers & agriculture,yes,"Agriculture,Rural & Environment; Business & Entrepreneurship",https://www.myscheme.gov.in/schemes/isepqisrdceoplccn
National (all states),Ramanujan Fellowship,Central,Not for workers: students & education,no,"Education & Learning; Science, IT & Communications",https://www.myscheme.gov.in/schemes/rf
National (all states),Post Graduate Scholarship for GATE/GPAT Qualified Students for Pursuing M.Tech/M.E./M.Pharm-UGC ,Central,Not for workers: students & education,no,Education & Learning,https://www.myscheme.gov.in/schemes/pgsgategpatqspmtmempugc
National (all states),High Risk - High Reward Research,Central,Other,no,"Science, IT & Communications",https://www.myscheme.gov.in/schemes/hr-hrr
National (all states),Disha - Early Intervention and School Readiness Scheme,Central,Not for workers: students & education,no,Social welfare & Empowerment,https://www.myscheme.gov.in/schemes/deisrs
National (all states),Free Coaching Scheme,Central,Not for workers: students & education,no,Education & Learning,https://www.myscheme.gov.in/schemes/freecoach
National (all states),National Agriculture Insurance Scheme,Central,"Livelihood, loans & self-employment",yes,"Agriculture,Rural & Environment",https://www.myscheme.gov.in/schemes/nai
National (all states),Youth Hostel Scheme,Central,Not for workers: students & education,no,Housing & Shelter,https://www.myscheme.gov.in/schemes/yhs
National (all states),Pradhan Mantri Kisan Maandhan Yojana,Central,Pensions,yes,"Agriculture,Rural & Environment; Banking,Financial Services and Insurance; Social welfare & Empowerment",https://www.myscheme.gov.in/schemes/pmkmdy
National (all states),ICAR Senior Research Fellowship For Post-Graduate Studies In Agricultural Sciences,Central,Not for workers: students & education,no,Education & Learning,https://www.myscheme.gov.in/schemes/icar-srf-pgs
National (all states),Pradhan Mantri Dakshta Aur Kushalta Sampann Hitgrahi (PM-DAKSH),Central,Not for workers: students & education,no,Skills & Employment,https://www.myscheme.gov.in/schemes/pm-daksh
National (all states),Nari Adalat,Central,Other,no,"Public Safety,Law & Justice; Social welfare & Empowerment",https://www.myscheme.gov.in/schemes/nari-adalat
National (all states),Janani Shishu Suraksha Karyakram,Central,Health & disability,yes,Health & Wellness; Women and Child,https://www.myscheme.gov.in/schemes/jssk
National (all states),"Logistics Excellence, Advancement, and Performance Shield",Central,"Not for workers: sports, arts, awards",no,Business & Entrepreneurship,https://www.myscheme.gov.in/schemes/leaaps
National (all states),Prime Minister's Award for Yoga,Central,"Not for workers: sports, arts, awards",no,Health & Wellness,https://www.myscheme.gov.in/schemes/pmafy
National (all states),Tagore National Fellowship for Cultural Research,Central,Not for workers: students & education,no,Education & Learning; Sports & Culture,https://www.myscheme.gov.in/schemes/tnfcr
National (all states),Entrepreneurship and Skill Development Programme ,Central,"Livelihood, loans & self-employment",yes,Business & Entrepreneurship; Skills & Employment,https://www.myscheme.gov.in/schemes/esdp
National (all states),NPC Students Internship Program,Central,Not for workers: students & education,no,Education & Learning,https://www.myscheme.gov.in/schemes/npcsip
National (all states),ICMR- Post Doctoral Fellowship ,Central,Not for workers: students & education,no,Education & Learning,https://www.myscheme.gov.in/schemes/icmr-pdf
National (all states),National Renewable Energy Fellowship Scheme,Central,Not for workers: students & education,no,Education & Learning,https://www.myscheme.gov.in/schemes/nrefhrdnre
National (all states),Coffee Development Programme in North Eastern Region: Quality Upgradation / Certification: Drying Yards,Central,"Livelihood, loans & self-employment",yes,"Agriculture,Rural & Environment",https://www.myscheme.gov.in/schemes/cdpnerqucdy
National (all states),Pratyaksh Hanstantrit Labh / Direct Benefits Transfer For LPG,Central,"Food, LPG & ration",yes,Utility & Sanitation,https://www.myscheme.gov.in/schemes/pahal-dbtl
National (all states),Loan Based Schemes For Safai Karamchari - Education Loan,Central,Not for workers: students & education,no,"Education & Learning; Banking,Financial Services and Insurance; Social welfare & Empowerment",https://www.myscheme.gov.in/schemes/lbssf-els
National (all states),WISE Fellowship for Ph.D.,Central,Not for workers: students & education,no,"Science, IT & Communications; Women and Child",https://www.myscheme.gov.in/schemes/wise-phd
National (all states),Internship Programme At Serious Fraud Investigation Office,Central,Not for workers: students & education,no,Education & Learning,https://www.myscheme.gov.in/schemes/ipsfiomca
National (all states),Women Helpline,Central,Other,no,Women and Child,https://www.myscheme.gov.in/schemes/whl-181
National (all states),CBSE Merit Scholarship Scheme For Single Girl Child,Central,Not for workers: students & education,no,Education & Learning; Women and Child,https://www.myscheme.gov.in/schemes/msssgc
National (all states),The Operation of Production Linked Incentive Scheme (PLI) for Large Scale Electronics Manufacturing,Central,"Food, LPG & ration",yes,"Science, IT & Communications",https://www.myscheme.gov.in/schemes/tooplisflsem
National (all states),Public Provident Fund Account(PPF),Central,"Insurance, accident & death help",yes,"Banking,Financial Services and Insurance",https://www.myscheme.gov.in/schemes/ppfa
National (all states),Museum Grant Scheme,Central,"Not for workers: sports, arts, awards",no,Sports & Culture,https://www.myscheme.gov.in/schemes/mgsch
National (all states),MANAGE Internship Programme,Central,Not for workers: students & education,no,Education & Learning,https://www.myscheme.gov.in/schemes/mip
National (all states),TEC Internship Scheme,Central,Not for workers: students & education,no,"Science, IT & Communications; Education & Learning",https://www.myscheme.gov.in/schemes/tecis
National (all states),ICAR Junior Research Fellowship For Post-Graduate Studies In Agricultural Sciences,Central,Not for workers: students & education,no,Education & Learning,https://www.myscheme.gov.in/schemes/icar-jrf-pgs
National (all states),Long Term Fellowship under the Human Resource Development Programme for Health Research,Central,Not for workers: students & education,no,Education & Learning,https://www.myscheme.gov.in/schemes/ltfhrdphr
National (all states),Food Safety & Standards Authority Of India (FSSAI) Internship Scheme,Central,Not for workers: students & education,no,Education & Learning,https://www.myscheme.gov.in/schemes/fssaiis
National (all states),Large cardamom Irrigation Land Development : Irrigation equipment (nos),Central,Farmers & agriculture,yes,"Agriculture,Rural & Environment",https://www.myscheme.gov.in/schemes/lcildie
National (all states),Dr. D.S. Kothari Research Grant For Newly Recruited Faculty Members,Central,Not for workers: students & education,no,Education & Learning,https://www.myscheme.gov.in/schemes/ddskrgnrfm
National (all states),"Ministry of Environment, Forest and Climate Change Internship Scheme",Central,Not for workers: students & education,no,Education & Learning,https://www.myscheme.gov.in/schemes/moefccis
National (all states),Overseas Visiting Doctoral Fellowship,Central,Not for workers: students & education,no,"Science, IT & Communications",https://www.myscheme.gov.in/schemes/ovdf
National (all states),Petrochemicals Research & Innovation Commendation,Central,Not for workers: students & education,no,Education & Learning; Business & Entrepreneurship,https://www.myscheme.gov.in/schemes/pric
National (all states),Scheme For Arjuna Awards For Outstanding Performance In Sports And Games,Central,"Not for workers: sports, arts, awards",no,Sports & Culture,https://www.myscheme.gov.in/schemes/saaopsg
National (all states),Large cardamom Irrigation Land Development : Rainwater harvesting structure(nos),Central,Farmers & agriculture,yes,"Agriculture,Rural & Environment",https://www.myscheme.gov.in/schemes/lcildrh
National (all states),RMEWF-Financial Assistance For Ex-Servicemen In Penury,Central,Not for workers: honour & service pensions,no,Social welfare & Empowerment,https://www.myscheme.gov.in/schemes/rmewf-penury
National (all states),Chemical Promotion Development Scheme,Central,"Not for workers: sports, arts, awards",no,"Science, IT & Communications; Skills & Employment",https://www.myscheme.gov.in/schemes/cpds
National (all states),Centrally Sponsored Scheme of Post-Matric Scholarship for OBC Students for studying in India,Central,Not for workers: students & education,no,Education & Learning; Social welfare & Empowerment,https://www.myscheme.gov.in/schemes/csspostmsossi
National (all states),Central Sector Scheme of National Fellowship for Providing Fellowship to Scheduled Caste Students to Pursue M.Phil. & PhD,Central,Not for workers: students & education,no,Education & Learning; Social welfare & Empowerment,https://www.myscheme.gov.in/schemes/ccsnfpfscsmap
National (all states),E-YUVA Scheme: BIRAC’s Innovation Fellows (for post graduates and above),Central,Not for workers: students & education,no,"Science, IT & Communications",https://www.myscheme.gov.in/schemes/e-yuvasbiraciffpga
National (all states),Junior Research Fellowship,Central,Not for workers: students & education,no,Education & Learning,https://www.myscheme.gov.in/schemes/jrfbio
National (all states),Paired Early Career Fellowship in Applied Research,Central,Not for workers: students & education,no,"Education & Learning; Science, IT & Communications",https://www.myscheme.gov.in/schemes/pecfar
National (all states),Atal Bhujal Yojana,Central,"Livelihood, loans & self-employment",yes,Utility & Sanitation; Transport & Infrastructure,https://www.myscheme.gov.in/schemes/aby-mojs
National (all states),Atal Beemit Vyakti Kalyan Yojana,Central,"Insurance, accident & death help",yes,"Banking,Financial Services and Insurance; Social welfare & Empowerment",https://www.myscheme.gov.in/schemes/abvky
National (all states),Post Doctoral Fellowship To Women Candidates,Central,Not for workers: students & education,no,Education & Learning,https://www.myscheme.gov.in/schemes/pdfwc
National (all states),Student Internship Programme,Central,Not for workers: students & education,no,Education & Learning,https://www.myscheme.gov.in/schemes/sipocagi
National (all states),Education Loan Scheme,Central,Not for workers: students & education,no,"Education & Learning; Banking,Financial Services and Insurance",https://www.myscheme.gov.in/schemes/els
National (all states),Improved Cultivation and Advanced Retting Exercise (I-CARE),Central,"Food, LPG & ration",yes,Business & Entrepreneurship,https://www.myscheme.gov.in/schemes/icare
National (all states),"PM-YASASVI: Post-Matric Scholarship for OBC, EBC and DNT Students",Central,Not for workers: students & education,no,Education & Learning,https://www.myscheme.gov.in/schemes/pm-yasasvipmsobcebcdnts
National (all states),RKVY Soil Health and Fertility Village level Soil Testing Lab,Central,Health & disability,yes,"Agriculture,Rural & Environment",https://www.myscheme.gov.in/schemes/rkvyshfvlstl
National (all states),Garima Greh Shelter Homes For Transgender Persons,Central,Health & disability,yes,Social welfare & Empowerment; Housing & Shelter,https://www.myscheme.gov.in/schemes/smile
National (all states),Vocational Education and Training Loan Scheme,Central,"Insurance, accident & death help",yes,"Banking,Financial Services and Insurance; Education & Learning; Skills & Employment",https://www.myscheme.gov.in/schemes/vetls
National (all states),Post-Matric Scholarship for SC students,Central,Not for workers: students & education,no,Education & Learning,https://www.myscheme.gov.in/schemes/pmsfss
National (all states),RMEWF-Financial Assistance For Education Of Children & Widows Of Ex-Servicemen,Central,Not for workers: students & education,no,Education & Learning,https://www.myscheme.gov.in/schemes/rmewf-education
National (all states),Prime Minister Research Chair (PMRC) Scheme - For Fellows,Central,Not for workers: students & education,no,"Science, IT & Communications",https://www.myscheme.gov.in/schemes/pmrc
National (all states),Pradhan Mantri Viksit Bharat Rozgar Yojana,Central,"Livelihood, loans & self-employment",yes,Skills & Employment,https://www.myscheme.gov.in/schemes/pmvbry
National (all states),Indira Gandhi National Widow Pension Scheme,Central,Pensions,yes,"Social welfare & Empowerment; Banking,Financial Services and Insurance; Women and Child",https://www.myscheme.gov.in/schemes/ignwps
National (all states),Agricultural Extension,Central,Farmers & agriculture,yes,"Agriculture,Rural & Environment",https://www.myscheme.gov.in/schemes/ae
National (all states),National Pension Scheme For Traders And Self Employed Persons,Central,Pensions,yes,"Banking,Financial Services and Insurance",https://www.myscheme.gov.in/schemes/nps-tsep
National (all states),Integrated Scheme for Export Promotion & Quality Improvement in Spices and Research and Development of Cardamom: Organic Farming: Organic Certification Groups,Central,Farmers & agriculture,yes,"Agriculture,Rural & Environment; Business & Entrepreneurship",https://www.myscheme.gov.in/schemes/isfepqiisaradocofocg
National (all states),Scheme of Human Resources Development in Sports: Assistance for Research,Central,"Not for workers: sports, arts, awards",no,Sports & Culture,https://www.myscheme.gov.in/schemes/sfhrisafr
National (all states),Integrated Scheme for Export Promotion & Quality Improvement in Spices and Research and Development of Cardamom: Post-Harvest Improvement: Seed spice thresher (nos),Central,"Insurance, accident & death help",yes,"Agriculture,Rural & Environment; Business & Entrepreneurship; Banking,Financial Services and Insurance",https://www.myscheme.gov.in/schemes/isfepqiisaradocphisst
National (all states),Integrated Scheme for Export Promotion & Quality Improvement in Spices and Research and Development of Cardamom: New Subcomponents: Basic quality testing of spices,Central,"Insurance, accident & death help",yes,"Agriculture,Rural & Environment; Banking,Financial Services and Insurance; Business & Entrepreneurship",https://www.myscheme.gov.in/schemes/isfepqiisaradocnsbqtos
National (all states),Pradhan Mantri Jeevan Jyoti Bima Yojana,Central,"Insurance, accident & death help",yes,"Banking,Financial Services and Insurance; Social welfare & Empowerment",https://www.myscheme.gov.in/schemes/pmjjby
National (all states),Mahatma Gandhi National Rural Employment Guarantee Act,Central,Housing,yes,Skills & Employment; Social welfare & Empowerment,https://www.myscheme.gov.in/schemes/mgnrega
National (all states),National Overseas Scholarship For Scheduled Tribes (ST) Students,Central,Not for workers: students & education,no,Education & Learning,https://www.myscheme.gov.in/schemes/css-nos-st
National (all states),Rajiv Gandhi National Fellowship For Scheduled Caste Candidates,Central,Not for workers: students & education,no,Education & Learning,https://www.myscheme.gov.in/schemes/rgnfscc
National (all states),Junior Research Fellowship (JRF) And Research Associateship (RA) For Foreign Nationals,Central,Not for workers: students & education,no,Education & Learning,https://www.myscheme.gov.in/schemes/jrfrafn
National (all states),Maulana Azad National Fellowship For Minority Students,Central,Not for workers: students & education,no,Education & Learning,https://www.myscheme.gov.in/schemes/manf
National (all states),CIFE - Institutional Fellowship,Central,Not for workers: students & education,no,Education & Learning,https://www.myscheme.gov.in/schemes/cife-if
National (all states),Land Ports Authority Of India (LPAI) Internship Scheme,Central,Not for workers: students & education,no,Education & Learning,https://www.myscheme.gov.in/schemes/lpaiis
National (all states),National Action Plan for Skill Development of Persons with Disabilities,Central,Health & disability,yes,Social welfare & Empowerment; Skills & Employment,https://www.myscheme.gov.in/schemes/nap-sdp
National (all states),Welfare Measures for Children of Labourers,Central,Not for workers: students & education,no,Education & Learning,https://www.myscheme.gov.in/schemes/wmcl
National (all states),GST Exemption Certificate Scheme,Central,Health & disability,yes,Transport & Infrastructure; Social welfare & Empowerment; Utility & Sanitation,https://www.myscheme.gov.in/schemes/gstecs
National (all states),AICTE-INAE Distinguished Visiting Professorship Scheme,Central,Not for workers: students & education,no,Education & Learning,https://www.myscheme.gov.in/schemes/dvps
National (all states),AICTE-National Initiative for Training of Technical Teachers (for Inductee Teachers) Scheme,Central,"Livelihood, loans & self-employment",yes,Education & Learning,https://www.myscheme.gov.in/schemes/nift
National (all states),Kera Suraksha Insurance Scheme,Central,"Insurance, accident & death help",yes,"Banking,Financial Services and Insurance; Agriculture,Rural & Environment",https://www.myscheme.gov.in/schemes/ksis
National (all states),National Savings Certificates (VIII-Issue) Scheme,Central,"Insurance, accident & death help",yes,"Banking,Financial Services and Insurance",https://www.myscheme.gov.in/schemes/nscs
National (all states),Sub-mission on Breed Development of Livestock and Poultry,Central,Farmers & agriculture,yes,"Business & Entrepreneurship; Agriculture,Rural & Environment",https://www.myscheme.gov.in/schemes/smbdlp
National (all states),Pradhan Mantri Vidyalaxmi (PM-Vidyalaxmi) Scheme,Central,Not for workers: students & education,no,"Banking,Financial Services and Insurance; Education & Learning",https://www.myscheme.gov.in/schemes/pmvs
National (all states),Pradhan Mantri Matsya Kisan Samridhi Sah-yojana (PM-MKSSY): COMPONENT 1B: One-Time Incentive for the Adoption of Aquaculture Insurance,Central,Farmers & agriculture,yes,"Agriculture,Rural & Environment; Banking,Financial Services and Insurance",https://www.myscheme.gov.in/schemes/pmmkssy-1b
National (all states),DESW Internship Scheme,Central,Not for workers: students & education,no,Skills & Employment,https://www.myscheme.gov.in/schemes/deswinternship
National (all states),Scheme For Residential Education For Students in High Schools in Targeted Areas (SHRESHTA): Mode 1 - SHRESHTA Schools (Best CBSE Private Residential Schools),Central,Not for workers: students & education,no,Social welfare & Empowerment; Education & Learning,https://www.myscheme.gov.in/schemes/shrestha-m1-ssbcprs
National (all states),Scheme For Residential Education For Students in High Schools in Targeted Areas (SHRESHTA): Mode 2 - NGO Operated Schools ,Central,Not for workers: students & education,no,Education & Learning,https://www.myscheme.gov.in/schemes/shreshta-m2-ngoos
National (all states),Scheme for Action Research and Studies on Judicial Reforms,Central,"Not for workers: sports, arts, awards",no,"Public Safety,Law & Justice; Skills & Employment",https://www.myscheme.gov.in/schemes/sarsjr
National (all states),Pradhan Mantri Vanbandhu Kalyan Yojana,Central,Not for workers: students & education,no,"Education & Learning; Agriculture,Rural & Environment",https://www.myscheme.gov.in/schemes/pmvky
National (all states),Scholarships for Higher Education for Young Achievers Scheme (SHREYAS)  (OBC & Others),Central,Not for workers: students & education,no,Education & Learning,https://www.myscheme.gov.in/schemes/shreyas
National (all states),BSR Fellowship Scheme for Science Students - UGC,Central,Not for workers: students & education,no,Education & Learning,https://www.myscheme.gov.in/schemes/bsrfssugc
National (all states),National Service Scheme,Central,Not for workers: students & education,no,Sports & Culture,https://www.myscheme.gov.in/schemes/nssc
National (all states),Samarth-Respite Care Scheme,Central,Health & disability,yes,Social welfare & Empowerment,https://www.myscheme.gov.in/schemes/srcs
National (all states),Pre- Matric Scholarships Scheme for Scheduled Castes & Others,Central,Not for workers: students & education,no,Education & Learning,https://www.myscheme.gov.in/schemes/pmsssc
National (all states),Visiting Advanced Joint Research Faculty Scheme,Central,Other,no,"Education & Learning; Science, IT & Communications",https://www.myscheme.gov.in/schemes/vajra
National (all states),SERB International Research Experience,Central,Not for workers: students & education,no,"Science, IT & Communications; Education & Learning",https://www.myscheme.gov.in/schemes/sire
National (all states),SERB Research Scientist Scheme ,Central,Not for workers: students & education,no,"Science, IT & Communications",https://www.myscheme.gov.in/schemes/serbrss
National (all states),J.C. Bose Fellowship,Central,Not for workers: students & education,no,"Education & Learning; Science, IT & Communications",https://www.myscheme.gov.in/schemes/jcbs
National (all states),National Energy Conservation Award,Central,"Not for workers: sports, arts, awards",no,Transport & Infrastructure; Business & Entrepreneurship,https://www.myscheme.gov.in/schemes/neca
National (all states),National Dhanwantari Ayurveda Award,Central,"Not for workers: sports, arts, awards",no,"Agriculture,Rural & Environment",https://www.myscheme.gov.in/schemes/ndaa
National (all states),New Swarnima Scheme For Women,Central,"Insurance, accident & death help",yes,"Banking,Financial Services and Insurance; Business & Entrepreneurship; Social welfare & Empowerment; Women and Child",https://www.myscheme.gov.in/schemes/nssw
National (all states),Rastriya Arogya Nidhi - Health Minister’s Cancer Patient Fund,Central,Health & disability,yes,Health & Wellness; Social welfare & Empowerment,https://www.myscheme.gov.in/schemes/hmcpf
National (all states),Pradhan Mantri Garib Kalyan Package : Insurance Scheme For Health Workers Fighting COVID-19,Central,Health & disability,yes,Health & Wellness,https://www.myscheme.gov.in/schemes/pmgkp
National (all states),Coffee Development Programme in North Eastern Region: Consolidation of Coffee,Central,"Livelihood, loans & self-employment",yes,"Agriculture,Rural & Environment",https://www.myscheme.gov.in/schemes/cdpnercc
National (all states),Scholarship Scheme for Girl Children of Workers of Jute Mills/MSME JDP Units,Central,Not for workers: students & education,no,"Banking,Financial Services and Insurance; Women and Child",https://www.myscheme.gov.in/schemes/ssfgcojmmw
National (all states),Deen Dayal SPARSH Yojana (Scholarship For Promotion Of Aptitude & Research In Stamps As A Hobby),Central,Not for workers: students & education,no,"Science, IT & Communications; Education & Learning",https://www.myscheme.gov.in/schemes/ddsy
National (all states),Varishtha Pension Bima Yojana,Central,Pensions,yes,"Banking,Financial Services and Insurance",https://www.myscheme.gov.in/schemes/vpby
National (all states),LLB Internship Programme,Central,Not for workers: students & education,no,"Education & Learning; Public Safety,Law & Justice; Skills & Employment",https://www.myscheme.gov.in/schemes/llbip
National (all states),Good Samaritan Scheme,Central,"Not for workers: sports, arts, awards",no,Social welfare & Empowerment,https://www.myscheme.gov.in/schemes/sgs
National (all states),National Scheme Of Incentive To Girls For Secondary Education,Central,"Women, marriage & maternity",yes,Education & Learning; Women and Child,https://www.myscheme.gov.in/schemes/nsigse
National (all states),Savitribai Jyotirao Phule Fellowship For Single Girl Child,Central,Not for workers: students & education,no,Education & Learning; Women and Child,https://www.myscheme.gov.in/schemes/sjpfsgc
National (all states),Advanced Vocational Training Scheme,Central,Not for workers: students & education,no,Skills & Employment,https://www.myscheme.gov.in/schemes/avts
National (all states),PM Street Vendor’s AtmaNirbhar Nidhi (PM SVANidhi),Central,"Livelihood, loans & self-employment",yes,Business & Entrepreneurship; Skills & Employment; Social welfare & Empowerment,https://www.myscheme.gov.in/schemes/pm-svanidhi
National (all states),Financial Assistance To Visually Challenged Teachers,Central,Not for workers: students & education,no,"Education & Learning; Banking,Financial Services and Insurance; Social welfare & Empowerment",https://www.myscheme.gov.in/schemes/favct
National (all states),Production Linked Incentive (PLI) Scheme for White Goods (Air Conditioners and LED Lights),Central,Other,no,Business & Entrepreneurship,https://www.myscheme.gov.in/schemes/pliwg
National (all states),Pre-Matric Scholarships to the Children of Those Engaged in Occupations Involving Cleaning and Prone to Health Hazards,Central,Not for workers: students & education,no,Education & Learning; Social welfare & Empowerment,https://www.myscheme.gov.in/schemes/pmscteoicphh
National (all states),Prime Minister’s Internship Scheme,Central,"Livelihood, loans & self-employment",yes,Skills & Employment,https://www.myscheme.gov.in/schemes/pmis
National (all states),Scheme of Internship for Post-Graduate/Research Students,Central,Not for workers: students & education,no,Education & Learning,https://www.myscheme.gov.in/schemes/sipgrs-mospi
National (all states),National Renewable Energy Internship Scheme,Central,Not for workers: students & education,no,Education & Learning,https://www.myscheme.gov.in/schemes/nreis
National (all states),Khadi Gramodyog Vikas Yojana: Gramodyog Vikas Yojana,Central,Other,no,Business & Entrepreneurship,https://www.myscheme.gov.in/schemes/gvyoj
National (all states),Ramalingaswami Re-Entry Fellowship,Central,Not for workers: students & education,no,Education & Learning,https://www.myscheme.gov.in/schemes/rrf
National (all states),Prime Minister's Scholarship Scheme for Railway Protection Force,Central,Not for workers: students & education,no,Education & Learning,https://www.myscheme.gov.in/schemes/pmssrpf
National (all states),Research Associates (RA) ,Central,"Livelihood, loans & self-employment",yes,Education & Learning; Skills & Employment,https://www.myscheme.gov.in/schemes/ra
National (all states),IGSTC Industrial Fellowship- PhD Industrial Exposure Fellowship,Central,Not for workers: students & education,no,"Education & Learning; Science, IT & Communications",https://www.myscheme.gov.in/schemes/igstcifphdief
National (all states),Prime Minister’s Fellowship for Doctoral Research,Central,Not for workers: students & education,no,"Education & Learning; Science, IT & Communications",https://www.myscheme.gov.in/schemes/pmfdr
National (all states),Women In Science and Engineering-Societal Challenges with Opportunities Fellowship,Central,Not for workers: students & education,no,"Science, IT & Communications; Women and Child",https://www.myscheme.gov.in/schemes/wise-scope-fellowship
National (all states),Pragati Scholarship Scheme For Girl Students (Technical Degree),Central,Not for workers: students & education,no,Education & Learning; Social welfare & Empowerment; Women and Child,https://www.myscheme.gov.in/schemes/psgs-deg
National (all states),IGSTC Industrial Fellowship- Post Doctoral Industrial Fellowship,Central,Not for workers: students & education,no,"Education & Learning; Science, IT & Communications",https://www.myscheme.gov.in/schemes/igstcif-pdif
National (all states),National Apprenticeship Promotion Scheme-2,Central,Not for workers: students & education,no,Skills & Employment; Social welfare & Empowerment; Business & Entrepreneurship,https://www.myscheme.gov.in/schemes/naps
National (all states),Post Doctoral Fellowship to Scheduled Caste/Scheduled Tribe Candidates,Central,Not for workers: students & education,no,Education & Learning,https://www.myscheme.gov.in/schemes/pdfscstc
National (all states),National Fellowship for Students with Disabilities,Central,Not for workers: students & education,no,Education & Learning,https://www.myscheme.gov.in/schemes/sn2408
National (all states),Mahila Samriddhi Yojana,Central,"Insurance, accident & death help",yes,"Business & Entrepreneurship; Banking,Financial Services and Insurance; Social welfare & Empowerment; Women and Child",https://www.myscheme.gov.in/schemes/cbssc-msy
National (all states),RMEWF-Financial Assistance To 100% Disabled Child Of Ex-Servicemen,Central,Not for workers: honour & service pensions,no,Social welfare & Empowerment,https://www.myscheme.gov.in/schemes/rmewf-disabled-child
National (all states),Internship Scheme Of The Ministry Of Labour & Employment,Central,Not for workers: students & education,no,Education & Learning,https://www.myscheme.gov.in/schemes/ismole
National (all states),Education Loan Scheme of NMDFC,Central,Not for workers: students & education,no,"Banking,Financial Services and Insurance",https://www.myscheme.gov.in/schemes/els-nmdfc
National (all states),Promotion of Exportable surplus of identified spices in NE: Cultivation of NE ginger (Ha),Central,Farmers & agriculture,yes,"Agriculture,Rural & Environment",https://www.myscheme.gov.in/schemes/poesoisincong
National (all states),Quality Improvement Programme (QIP),Central,Not for workers: students & education,no,Education & Learning,https://www.myscheme.gov.in/schemes/qip
National (all states),Centrally Sponsored Scheme of Upgradation of Merit of Scheduled Caste Students,Central,Not for workers: students & education,no,Social welfare & Empowerment; Education & Learning,https://www.myscheme.gov.in/schemes/css-umscs
National (all states),Jute Design Resource Centre Scheme,Central,Other,no,Business & Entrepreneurship,https://www.myscheme.gov.in/schemes/jdrcs
National (all states),Construction of Hostels for OBC Boys and Girls,Central,Not for workers: students & education,no,Housing & Shelter,https://www.myscheme.gov.in/schemes/chobcbg
National (all states),Post Doctoral Fellowship (PRL Funded),Central,Not for workers: students & education,no,Education & Learning,https://www.myscheme.gov.in/schemes/pdf
National (all states),"PM-YASASVI: Pre-Matric Scholarship for OBC, EBC and DNT Students",Central,Not for workers: students & education,no,Education & Learning,https://www.myscheme.gov.in/schemes/pmyasasvipmsobcebcdnts
National (all states),Post Graduate Scholarship for University Rank Holders Scheme,Central,Not for workers: students & education,no,Education & Learning,https://www.myscheme.gov.in/schemes/pgmssurhula
National (all states),National Talent Scholarship Postgraduate,Central,Not for workers: students & education,no,Education & Learning,https://www.myscheme.gov.in/schemes/nts-pg
National (all states),Hari Om Ashram Prerit Senior Scientist Award,Central,"Not for workers: sports, arts, awards",no,Education & Learning,https://www.myscheme.gov.in/schemes/hoapssa
National (all states),Financial Assistance for Education to the Wards of Beedi/Cine/IOMC/LSDM Workers – Pre & Post-Matric,Central,Not for workers: students & education,no,Skills & Employment; Education & Learning; Social welfare & Empowerment,https://www.myscheme.gov.in/schemes/safaew-bcew
National (all states),Major Dhyan Chand Khel Ratna Award,Central,"Not for workers: sports, arts, awards",no,Sports & Culture,https://www.myscheme.gov.in/schemes/mdckra
National (all states),Netaji Subhas - ICAR International Fellowship,Central,Not for workers: students & education,no,Education & Learning,https://www.myscheme.gov.in/schemes/ns-icarif
National (all states),Prime Minister Research Chair (PMRC) Scheme - For Host Institutions,Central,Other,no,Education & Learning,https://www.myscheme.gov.in/schemes/copy-of-pmrc-hi
National (all states),National Career Service Centers For SC/STs (erstwhile Coaching-cum-Guidance Centre for SC/STs),Central,Not for workers: students & education,no,Skills & Employment,https://www.myscheme.gov.in/schemes/ncscscst
National (all states),Pradhan Mantri Kaushal Vikas Yojana 4.0 - Recognition Of Prior Learning,Central,"Insurance, accident & death help",yes,Skills & Employment,https://www.myscheme.gov.in/schemes/pmkvy-rpl
National (all states),Integrated Scheme for Export Promotion & Quality Improvement in Spices and Research and Development of Cardamom: Organic Farming: Internal Control System (ICS) (nos),Central,"Livelihood, loans & self-employment",yes,"Agriculture,Rural & Environment; Business & Entrepreneurship",https://www.myscheme.gov.in/schemes/isfepqiisaradocofics
National (all states),Khelo India Scheme: Creation and Upgradation of Sports Infrastructure,Central,"Not for workers: sports, arts, awards",no,Sports & Culture,https://www.myscheme.gov.in/schemes/kiscusi
National (all states),Pradhan Mantri Kaushal Vikas Yojana 4.0 - Short-Term Training,Central,"Livelihood, loans & self-employment",yes,Business & Entrepreneurship; Skills & Employment,https://www.myscheme.gov.in/schemes/pmkvy-stt
National (all states),Student READY (Rural Entrepreneurship Awareness Development Yojana) ,Central,Not for workers: students & education,no,"Education & Learning; Agriculture,Rural & Environment",https://www.myscheme.gov.in/schemes/sr
National (all states),"Scheme of Human Resources Development in Sports- Exchange of Knowledge / Research / Ideas for Holding Training Programmes, Seminars, Workshops, Clinics and Conferences Within the Country",Central,"Not for workers: sports, arts, awards",no,Sports & Culture,https://www.myscheme.gov.in/schemes/hrds-ekritpswccc
National (all states),Integrated Scheme for Export Promotion & Quality Improvement in Spices and Research and Development of Cardamom: Post-Harvest Improvement: Turmeric boiler ( nos),Central,Farmers & agriculture,yes,"Agriculture,Rural & Environment; Business & Entrepreneurship",https://www.myscheme.gov.in/schemes/isfepqiisaradocphitbnos
National (all states),Raman-Charpak Fellowship,Central,Not for workers: students & education,no,"Science, IT & Communications",https://www.myscheme.gov.in/schemes/r-cf
National (all states),Pravasi Bharatiya Bima Yojana,Central,"Insurance, accident & death help",yes,"Banking,Financial Services and Insurance",https://www.myscheme.gov.in/schemes/pbby
National (all states),SMILE - Comprehensive Rehabilitation For Welfare Of Transgender Persons – Skill Development And Training,Central,"Livelihood, loans & self-employment",yes,Skills & Employment; Social welfare & Empowerment,https://www.myscheme.gov.in/schemes/smile-skill-and-training
National (all states),SMILE - Comprehensive Rehabilitation For Welfare Of Transgender Persons,Central,Not for workers: students & education,no,Education & Learning,https://www.myscheme.gov.in/schemes/smile-scholarship
National (all states),Pre Matric Scholarship For Scheduled Tribe Students,Central,Not for workers: students & education,no,Education & Learning; Social welfare & Empowerment,https://www.myscheme.gov.in/schemes/pre-st
National (all states),Digital India Internship Scheme,Central,Not for workers: students & education,no,Education & Learning; Skills & Employment,https://www.myscheme.gov.in/schemes/mdiis
National (all states),Dr. D.S. Kothari Post Doctoral Fellowships In Sciences,Central,Not for workers: students & education,no,"Education & Learning; Science, IT & Communications",https://www.myscheme.gov.in/schemes/ddskpdfs
National (all states),"Junior Research Fellowship In Sciences, Humanities, And Social Sciences",Central,Not for workers: students & education,no,"Education & Learning; Science, IT & Communications",https://www.myscheme.gov.in/schemes/jrfshss
National (all states),Tenzing Norgay National Adventure Award,Central,"Not for workers: sports, arts, awards",no,Sports & Culture,https://www.myscheme.gov.in/schemes/tnnaa
National (all states),Pradhan Mantri Fasal Bima Yojna (PMFBY),Central,Farmers & agriculture,yes,"Agriculture,Rural & Environment; Banking,Financial Services and Insurance",https://www.myscheme.gov.in/schemes/pmfby
National (all states),NIELIT Internship Programme,Central,Not for workers: students & education,no,Education & Learning,https://www.myscheme.gov.in/schemes/nielitip
National (all states),Internship Scheme For PG/Research Students In Directorate General Of Trade Remedies (DGTR),Central,Not for workers: students & education,no,Education & Learning,https://www.myscheme.gov.in/schemes/ispgrsdgtr
National (all states),Internship Scheme Of Employees’ Provident Fund Organisation (EPFO),Central,Not for workers: students & education,no,Education & Learning,https://www.myscheme.gov.in/schemes/isepfo
National (all states),Programme For Internship For LL.B./ LL.M./ Environmental Studies/ Research Students,Central,Not for workers: students & education,no,Education & Learning,https://www.myscheme.gov.in/schemes/pfifllesrs
National (all states),National Scheme of Apprenticeship Training,Central,Not for workers: students & education,no,Education & Learning; Skills & Employment,https://www.myscheme.gov.in/schemes/nsat
National (all states),ASEAN-India Research Training Fellowship ,Central,Not for workers: students & education,no,"Science, IT & Communications",https://www.myscheme.gov.in/schemes/ai-rtf
National (all states),AICTE-QUALITY IMPROVEMENT (FOREIGN UNIVERSITY) PROGRAMME,Central,Not for workers: students & education,no,Education & Learning,https://www.myscheme.gov.in/schemes/qipfu
National (all states),AICTE-Technical Book Writing & Translation Scheme,Central,"Food, LPG & ration",yes,Education & Learning,https://www.myscheme.gov.in/schemes/atbwt
National (all states),Pradhan Mantri Rashtriya Bal Puraskar,Central,"Not for workers: sports, arts, awards",no,Women and Child,https://www.myscheme.gov.in/schemes/pmrbp
National (all states),Visitor's Award ,Central,Not for workers: students & education,no,Education & Learning,https://www.myscheme.gov.in/schemes/va
National (all states),"PM-YASASVI: Top Class College Education for OBC, EBC and DNT Students",Central,Not for workers: students & education,no,Education & Learning,https://www.myscheme.gov.in/schemes/pm-yasasvitcceobcebcdnts
National (all states),Solar Energy Corporation of India (SECI) Internship,Central,Not for workers: students & education,no,Skills & Employment; Education & Learning,https://www.myscheme.gov.in/schemes/secoii
National (all states),Micro Credit Finance (NSFDC),Central,"Insurance, accident & death help",yes,"Banking,Financial Services and Insurance; Business & Entrepreneurship",https://www.myscheme.gov.in/schemes/mcfnsfdc
National (all states),Establishment of Regional Semen Production Laboratory and Semen Bank for sheep and goat,Central,Farmers & agriculture,yes,"Agriculture,Rural & Environment",https://www.myscheme.gov.in/schemes/ersplsbsg
National (all states),Prime Minister Early Career Research Grant,Central,Other,no,"Science, IT & Communications",https://www.myscheme.gov.in/schemes/pmecrg
National (all states),Awarding Teleeducation Scholarships To Afghan Students,Central,Not for workers: students & education,no,Education & Learning,https://www.myscheme.gov.in/schemes/atestas
National (all states),"Information, Monitoring, Evaluation and Social Audit (I-MESA): Evaluation and Studies",Central,Other,no,Social welfare & Empowerment,https://www.myscheme.gov.in/schemes/i-mesa-eas
National (all states),Union Home Minister’s Medal for Excellence in Police Training,Central,"Not for workers: sports, arts, awards",no,"Public Safety,Law & Justice",https://www.myscheme.gov.in/schemes/uhmmept
National (all states),Prime Minister's Scholarship Scheme,Central,Not for workers: students & education,no,Education & Learning,https://www.myscheme.gov.in/schemes/pmss
National (all states),Post Graduate Scholarship Scheme for GATE/GPAT Qualified Students-AICTE ,Central,Not for workers: students & education,no,Education & Learning,https://www.myscheme.gov.in/schemes/pgssgategpatqsaicte
National (all states),Research Study/Seminar (Grant-in-Aid Scheme),Central,Other,no,Education & Learning,https://www.myscheme.gov.in/schemes/rssgias
National (all states),"Scheme for Economic Empowerment of De-notified, Nomadic and Semi-Nomadic Tribes - ""Educational Empowerment"" Component",Central,Not for workers: students & education,no,Social welfare & Empowerment; Education & Learning,https://www.myscheme.gov.in/schemes/seed-ee
National (all states),SERB - POWER Research Grants,Central,Other,no,"Science, IT & Communications; Women and Child",https://www.myscheme.gov.in/schemes/serbpowerrg
National (all states),Gharaunda-Group Home for Adults Scheme,Central,Health & disability,yes,Social welfare & Empowerment,https://www.myscheme.gov.in/schemes/gghas
National (all states),SERB - POWER Fellowship,Central,Not for workers: students & education,no,"Science, IT & Communications; Women and Child",https://www.myscheme.gov.in/schemes/serbpowerf
National (all states),Scheme for Financial Assistance to select States/UTs for Skill Development in Electronics System Design and Manufacturing (ESDM) sector,Central,Not for workers: students & education,no,Skills & Employment,https://www.myscheme.gov.in/schemes/sutsesdm
National (all states),Scheme for ‘Skill Development in ESDM for Digital India’,Central,Not for workers: students & education,no,Skills & Employment,https://www.myscheme.gov.in/schemes/sdesdm
National (all states),Merit·cum·Means Scholarships For Under Graduate Studies In Various Branches Of Agriculture And Animal Science Subjects,Central,Not for workers: students & education,no,Education & Learning,https://www.myscheme.gov.in/schemes/mcms-ugsvb-aass
National (all states),Scheme of Internship of Students to DRDO Labs/Estts for Project Training,Central,Not for workers: students & education,no,Education & Learning,https://www.myscheme.gov.in/schemes/sisdrdolept
National (all states),GEN-NEXT Support for Innovative Startups (GENESIS),Central,Other,no,Business & Entrepreneurship,https://www.myscheme.gov.in/schemes/genesis
National (all states),National Geoscience Awards,Central,"Not for workers: sports, arts, awards",no,"Agriculture,Rural & Environment; Business & Entrepreneurship",https://www.myscheme.gov.in/schemes/nga
National (all states),National Award for Individual Excellence,Central,"Not for workers: sports, arts, awards",no,Social welfare & Empowerment,https://www.myscheme.gov.in/schemes/nafie
National (all states),Kendriya Grihmantri Dakshata Padak,Central,"Not for workers: sports, arts, awards",no,"Skills & Employment; Public Safety,Law & Justice",https://www.myscheme.gov.in/schemes/kgdp
National (all states),National AIDS Control Organisation (NACO) Internship Programme,Central,Not for workers: students & education,no,Education & Learning,https://www.myscheme.gov.in/schemes/nacoip
National (all states),Internship Programme Of The Wildlife Crime Control Bureau (MoEFCC),Central,Not for workers: students & education,no,"Education & Learning; Agriculture,Rural & Environment",https://www.myscheme.gov.in/schemes/ipwccb
National (all states),Indo-French Postdoctoral Research Programme for Women in Science,Central,Not for workers: students & education,no,"Science, IT & Communications; Women and Child",https://www.myscheme.gov.in/schemes/prowis-i
National (all states),Coffee Development Programme in North Eastern Region: Quality Upgradation / Certification: Supply of Baby Pulpers,Central,"Livelihood, loans & self-employment",yes,"Agriculture,Rural & Environment",https://www.myscheme.gov.in/schemes/cdpnerqucsbp
National (all states),Women Scientist Scheme-C,Central,"Livelihood, loans & self-employment",yes,"Skills & Employment; Social welfare & Empowerment; Science, IT & Communications; Women and Child",https://www.myscheme.gov.in/schemes/wos-c
National (all states),Mahila Samman Savings Certificate,Central,"Not for workers: sports, arts, awards",no,"Banking,Financial Services and Insurance; Women and Child",https://www.myscheme.gov.in/schemes/mssc
National (all states),Pradhan Mantri Ujjwala Yojana 2.0,Central,Housing,yes,Social welfare & Empowerment; Women and Child,https://www.myscheme.gov.in/schemes/pmuy2
National (all states),Internship Programme for Women Students / Scholars / Social Activists / Teachers,Central,Not for workers: students & education,no,Women and Child,https://www.myscheme.gov.in/schemes/ipmwcd
National (all states),VAANI (Vibrant Advocacy for Advancement and Nurturing of Indian Languages),Central,Other,no,Education & Learning,https://www.myscheme.gov.in/schemes/vaani
National (all states),Pradhan Mantri Matru Vandana Yojana,Central,Health & disability,yes,Health & Wellness; Social welfare & Empowerment; Utility & Sanitation; Women and Child,https://www.myscheme.gov.in/schemes/pmmvy
National (all states),National Centre For Communication Security (NCCS) Internship Scheme,Central,Not for workers: students & education,no,Education & Learning,https://www.myscheme.gov.in/schemes/nccsis
National (all states),ICMR-Junior Research Fellowship,Central,Not for workers: students & education,no,Education & Learning,https://www.myscheme.gov.in/schemes/icmr-jrf
National (all states),DPIIT Internship Scheme,Central,Not for workers: students & education,no,Education & Learning,https://www.myscheme.gov.in/schemes/dpiit-is
National (all states),Scheme For Award Of Senior/Junior Fellowships To Outstanding Persons In The Fields Of Culture,Central,Not for workers: students & education,no,Sports & Culture,https://www.myscheme.gov.in/schemes/sasjfopfc
National (all states),Divyangjan Kaushal Yojana,Central,Health & disability,yes,Skills & Employment; Education & Learning,https://www.myscheme.gov.in/schemes/dky
National (all states),Short Term Fellowship under the Human Resource Development Programme for Health Research ,Central,Not for workers: students & education,no,Education & Learning,https://www.myscheme.gov.in/schemes/stfhrdphr
National (all states),Sagar Samman Award- Recognition of Outstanding Maritime Training Institutes,Central,"Not for workers: sports, arts, awards",no,Education & Learning; Skills & Employment,https://www.myscheme.gov.in/schemes/ssa-romti
National (all states),Dr. Ambedakar Centrally Sponsored Scheme of Post-Matric Scholarships for the Economically Backward Class (EBC) Students,Central,Not for workers: students & education,no,Education & Learning; Social welfare & Empowerment,https://www.myscheme.gov.in/schemes/dacsspostmsebcs
National (all states),Assistance to Voluntary Organizations Working for Welfare of OBCs ,Central,"Livelihood, loans & self-employment",yes,Education & Learning; Social welfare & Empowerment; Skills & Employment,https://www.myscheme.gov.in/schemes/avowwobc
National (all states),PM Vishwakarma,Central,"Livelihood, loans & self-employment",yes,Business & Entrepreneurship; Skills & Employment,https://www.myscheme.gov.in/schemes/pmv
National (all states),AICTE – Saksham Scholarship Scheme For Specially-Abled Student (Diploma),Central,Not for workers: students & education,no,Education & Learning; Social welfare & Empowerment,https://www.myscheme.gov.in/schemes/sak-dip
National (all states),Biotechnology Career Advancement And Re-orientation (BioCARe) Programme For Women Scientists,Central,Other,no,Education & Learning; Women and Child,https://www.myscheme.gov.in/schemes/biocare
National (all states),Internship Program At The Indian Patent Office,Central,Not for workers: students & education,no,Education & Learning,https://www.myscheme.gov.in/schemes/ipatipo
National (all states),SAHAKAR MITRA: NCDC’s Scheme on Internship Programme,Central,Not for workers: students & education,no,Skills & Employment,https://www.myscheme.gov.in/schemes/sip
National (all states),Rajbhasha Gaurav Puraskar Scheme for writing original book in Hindi,Central,"Not for workers: sports, arts, awards",no,Education & Learning,https://www.myscheme.gov.in/schemes/rgpswobh
National (all states),Visvesvaraya PhD Scheme for Electronics and IT: Post-Doctoral Fellowships (PDF),Central,Not for workers: students & education,no,"Science, IT & Communications; Education & Learning",https://www.myscheme.gov.in/schemes/vphdseitpdf
National (all states),National Agriculture Market,Central,Farmers & agriculture,yes,"Agriculture,Rural & Environment",https://www.myscheme.gov.in/schemes/e-nam
National (all states),Research and Development Programme in Water Sector,Central,Not for workers: students & education,no,"Science, IT & Communications",https://www.myscheme.gov.in/schemes/rdpws
National (all states),Financial Support Scheme,Central,Not for workers: students & education,no,Education & Learning,https://www.myscheme.gov.in/schemes/fssdu
National (all states),Assistance to Voluntary Organisations for Promotion of the Official Languages in the Field of Law,Central,Other,no,"Public Safety,Law & Justice; Science, IT & Communications",https://www.myscheme.gov.in/schemes/avopolfl
National (all states),Innovation In Science Pursuit For Inspired Research (INSPIRE) - Faculty Fellowship,Central,Not for workers: students & education,no,"Science, IT & Communications; Education & Learning",https://www.myscheme.gov.in/schemes/inspire-ff
National (all states),Ecomark Scheme of India (ECOMARK),Central,Farmers & agriculture,yes,"Agriculture,Rural & Environment",https://www.myscheme.gov.in/schemes/ecomark
National (all states),Scheme of Cash Incentive to Medal Winners in International Sports Events and their Coaches ,Central,"Not for workers: sports, arts, awards",no,Sports & Culture,https://www.myscheme.gov.in/schemes/itsp
National (all states),Mission Vatsalya (Child Protection Services and Child Welfare Services),Central,Other,no,Women and Child,https://www.myscheme.gov.in/schemes/mvcppsacws
National (all states),PRL's Vikram Sarabhai Postdoctoral Fellowship (VISHWAS),Central,Not for workers: students & education,no,Education & Learning,https://www.myscheme.gov.in/schemes/prlvishwas
National (all states),NSAP - Indira Gandhi National Old Age Pension Scheme,Central,Pensions,yes,"Social welfare & Empowerment; Banking,Financial Services and Insurance",https://www.myscheme.gov.in/schemes/nsap-ignoaps
National (all states),Buti Foundation Award,Central,"Not for workers: sports, arts, awards",no,Skills & Employment; Education & Learning,https://www.myscheme.gov.in/schemes/bfa
National (all states),AFFDF-Financial Assistance For Treatment Of Serious Diseases To Non Pensioner Ex-Servicemen (All Ranks)/Widows,Central,Not for workers: honour & service pensions,no,Health & Wellness,https://www.myscheme.gov.in/schemes/affdf-serious-disease-treatment
National (all states),ICAR Emeritus Scientist Scheme,Central,Not for workers: students & education,no,Skills & Employment,https://www.myscheme.gov.in/schemes/icar-es
National (all states),ICAR Emeritus Professor,Central,Not for workers: students & education,no,Skills & Employment,https://www.myscheme.gov.in/schemes/icar-ep
National (all states),Skill Loan Scheme,Central,Not for workers: students & education,no,"Skills & Employment; Banking,Financial Services and Insurance",https://www.myscheme.gov.in/schemes/sl
National (all states),Central Sector Scheme for Rehabilitation of Bonded Labourer,Central,Other,no,Social welfare & Empowerment,https://www.myscheme.gov.in/schemes/cssrbl
National (all states),RMEWF-Financial Assistance For Medical Treatment Of Ex-Servicemen,Central,Not for workers: honour & service pensions,no,Health & Wellness,https://www.myscheme.gov.in/schemes/rmewf
National (all states),Integrated Scheme for Export Promotion & Quality Improvement in Spices and Research and Development of Cardamom: Post-Harvest Improvement: Pepper thresher (nos),Central,"Food, LPG & ration",yes,"Agriculture,Rural & Environment; Banking,Financial Services and Insurance; Business & Entrepreneurship",https://www.myscheme.gov.in/schemes/isfepqiisaradocphiptnos
National (all states),Incredible India Bed & Breakfast Establishments,Central,Health & disability,yes,Business & Entrepreneurship,https://www.myscheme.gov.in/schemes/iibbe
National (all states),NIDHI – Seed Support Program (SSP),Central,"Insurance, accident & death help",yes,"Banking,Financial Services and Insurance; Business & Entrepreneurship; Science, IT & Communications",https://www.myscheme.gov.in/schemes/nssp
National (all states),NIDHI – Promoting and Accelerating Young and Aspiring Innovators and Startups (PRAYAS),Central,"Insurance, accident & death help",yes,"Business & Entrepreneurship; Banking,Financial Services and Insurance; Science, IT & Communications",https://www.myscheme.gov.in/schemes/npaayasias
National (all states),"Research, Development & Innovation (RDI) Scheme",Central,"Insurance, accident & death help",yes,"Banking,Financial Services and Insurance; Science, IT & Communications",https://www.myscheme.gov.in/schemes/rdis
National (all states),Global Engagement Scheme: Festival of India,Central,"Not for workers: sports, arts, awards",no,Sports & Culture,https://www.myscheme.gov.in/schemes/gesfoi
National (all states),Global Engagement Scheme: Grant-In-Aid To Indo-Foreign Friendship Cultural Societies,Central,"Not for workers: sports, arts, awards",no,Sports & Culture,https://www.myscheme.gov.in/schemes/gesgaiffcs
National (all states),Self Employment Scheme For Rehabilitation Of Manual Scavengers,Central,"Livelihood, loans & self-employment",yes,Skills & Employment; Social welfare & Empowerment; Education & Learning,https://www.myscheme.gov.in/schemes/srms
National (all states),Rainfed Area Development,Central,Farmers & agriculture,yes,"Agriculture,Rural & Environment",https://www.myscheme.gov.in/schemes/rad
National (all states),Credit Linked Subsidy Scheme for Middle Income Group,Central,Housing,yes,Housing & Shelter,https://www.myscheme.gov.in/schemes/clssmig
National (all states),Pradhan Mantri Janjatiya Vikas Mission (PMJVM),Central,"Food, LPG & ration",yes,"Agriculture,Rural & Environment; Transport & Infrastructure",https://www.myscheme.gov.in/schemes/pmjvm
National (all states),Pradhan Mantri Awaas Yojana - Gramin,Central,Housing,yes,Housing & Shelter,https://www.myscheme.gov.in/schemes/pmay-g
National (all states),Pradhan Mantri Garib Kalyan Anna Yojana,Central,"Food, LPG & ration",yes,Social welfare & Empowerment,https://www.myscheme.gov.in/schemes/pm-gkay
National (all states),Pradhan Mantri Ujjwala Yojana,Central,Housing,yes,Utility & Sanitation; Women and Child,https://www.myscheme.gov.in/schemes/pmuy
National (all states),Relief and Rehabilitation Assistance to Sri Lankan Refugees in the Refugee Camps,Central,Housing,yes,Housing & Shelter; Social welfare & Empowerment,https://www.myscheme.gov.in/schemes/rraslrrc
National (all states),Ayushman Bharat - Pradhan Mantri Jan Arogya Yojana,Central,"Insurance, accident & death help",yes,Health & Wellness,https://www.myscheme.gov.in/schemes/ab-pmjay
National (all states),National Family Benefit Scheme,Central,"Insurance, accident & death help",yes,Social welfare & Empowerment,https://www.myscheme.gov.in/schemes/nfbs
National (all states),Pradhan Mantri Awas Yojana - Urban,Central,Housing,yes,Housing & Shelter; Utility & Sanitation,https://www.myscheme.gov.in/schemes/pmay-u
National (all states),Scheme for Containing Population Decline of Small Minority Communities ,Central,Health & disability,yes,Health & Wellness,https://www.myscheme.gov.in/schemes/jiyo-parsi
National (all states),Physical Research Laboratory Award,Central,"Not for workers: sports, arts, awards",no,Education & Learning,https://www.myscheme.gov.in/schemes/prla
National (all states),Loan Based Schemes For Safai Karamchari - General Term Loan (GTL),Central,"Insurance, accident & death help",yes,"Business & Entrepreneurship; Banking,Financial Services and Insurance; Social welfare & Empowerment; Utility & Sanitation",https://www.myscheme.gov.in/schemes/lbssf-gtl
National (all states),Surakshit Matritva Aashwasan Yojana,Central,Health & disability,yes,Health & Wellness; Women and Child,https://www.myscheme.gov.in/schemes/suman
National (all states),Central Assistance For One Time Settlement Of Displaced Families From PoK And Chhamb Under Prime Minister's Development Package,Central,"Insurance, accident & death help",yes,"Agriculture,Rural & Environment; Banking,Financial Services and Insurance; Business & Entrepreneurship; Housing & Shelter; Skills & Employment; Social welfare & Empowerment",https://www.myscheme.gov.in/schemes/otsdfpc
National (all states),Scheme for Supportive Money to the Parents of Transgender Children,Central,Health & disability,yes,Social welfare & Empowerment; Women and Child,https://www.myscheme.gov.in/schemes/sfsmttpotc
National (all states),Swachh Bharat Mission (Grameen) Phase II,Central,Health & disability,yes,Utility & Sanitation; Health & Wellness,https://www.myscheme.gov.in/schemes/sbm-g-ii
National (all states),Swachh Bharat Mission – Urban 2.0,Central,Health & disability,yes,Utility & Sanitation; Health & Wellness,https://www.myscheme.gov.in/schemes/sbm-u
National (all states),Pradhan Mantri Adi Adarsh Gram Yojana (PMAAGY),Central,Farmers & agriculture,yes,"Agriculture,Rural & Environment; Transport & Infrastructure",https://www.myscheme.gov.in/schemes/pmaagy
National (all states),Pradhan Mantri Kisan Samman Nidhi (PM-KISAN),Central,"Not for workers: sports, arts, awards",no,"Agriculture,Rural & Environment; Social welfare & Empowerment",https://www.myscheme.gov.in/schemes/pm-kisan
National (all states),Jal Jeevan Mission,Central,Housing,yes,Utility & Sanitation,https://www.myscheme.gov.in/schemes/jjm
National (all states),One Nation One Ration Card,Central,Workers' welfare boards & labour,yes,Social welfare & Empowerment,https://www.myscheme.gov.in/schemes/onorc
National (all states),PM – Surya Ghar: Muft Bijli Yojana,Central,Housing,yes,Social welfare & Empowerment,https://www.myscheme.gov.in/schemes/pmsgmb
National (all states),Prime Minister’s Scholarship Scheme for the Wards of States/UTs Police Personnel,Central,Not for workers: students & education,no,Education & Learning,https://www.myscheme.gov.in/schemes/pmsswsutpp
National (all states),Pradhan Mantri Mudra Yojana,Central,"Insurance, accident & death help",yes,"Banking,Financial Services and Insurance",https://www.myscheme.gov.in/schemes/pmmy
National (all states),Atal Mission For Rejuvenation And Urban Transformation,Central,Health & disability,yes,Utility & Sanitation; Transport & Infrastructure; Health & Wellness,https://www.myscheme.gov.in/schemes/amrut
National (all states),Pradhan Mantri Adarsh Gram Yojana,Central,Farmers & agriculture,yes,"Agriculture,Rural & Environment",https://www.myscheme.gov.in/schemes/pmagy
National (all states),National Handicrafts Development Programme: Infrastructure And Technology Support: EMPORIA,Central,"Livelihood, loans & self-employment",yes,Business & Entrepreneurship; Skills & Employment,https://www.myscheme.gov.in/schemes/nhdp-iandts-emporia
National (all states),National Awards For Empowerment Of Persons With Disabilities: National Awards For Institutions Engaged In Empowering Persons With Disabilities: Divyangjano Ke Liye Sarvshrestha Placement Agency,Central,"Not for workers: sports, arts, awards",no,Social welfare & Empowerment,https://www.myscheme.gov.in/schemes/naepwdnaieepwddklspa
National (all states),Development Support for Coffee in Traditional Areas: Replantation,Central,"Livelihood, loans & self-employment",yes,"Agriculture,Rural & Environment",https://www.myscheme.gov.in/schemes/dsctar
National (all states),Vocational Training in Tribal Areas,Central,"Livelihood, loans & self-employment",yes,Skills & Employment; Social welfare & Empowerment,https://www.myscheme.gov.in/schemes/vtcta
National (all states),AICTE- TECHNICAL UNIVERSITY JOINT TRAINING PROGRAMS FOR TEACHERS,Central,Not for workers: students & education,no,Education & Learning,https://www.myscheme.gov.in/schemes/tujtpft
National (all states),"AICTE - YOUTH UNDERTAKING VISIT FOR ACQUIRING KNOWLEDGE (YUVAK): STUDY TOUR OF ATAL TUNNEL, HIMACHAL PRADESH",Central,Not for workers: students & education,no,Education & Learning,https://www.myscheme.gov.in/schemes/ayuvfak
National (all states), AICTE SHORT TERM TRAINING PROGRAMME-SFURTI SCHEME,Central,Not for workers: students & education,no,Education & Learning,https://www.myscheme.gov.in/schemes/astpss
National (all states),AICTE-Margdarshan scheme,Central,Other,no,Education & Learning,https://www.myscheme.gov.in/schemes/ams
National (all states),AICTE-ISTE INDUCTION/REFRESHER PROGRAMME SCHEME,Central,Not for workers: students & education,no,Education & Learning,https://www.myscheme.gov.in/schemes/iirps
National (all states),Telecom Technology Development Fund,Central,Other,no,"Science, IT & Communications; Business & Entrepreneurship",https://www.myscheme.gov.in/schemes/ttdf
National (all states),National Water Awards,Central,"Not for workers: sports, arts, awards",no,"Agriculture,Rural & Environment",https://www.myscheme.gov.in/schemes/nwa
National (all states),Deen Dayal Upadhyay Grameen Kaushalya Yojana,Central,"Livelihood, loans & self-employment",yes,Skills & Employment,https://www.myscheme.gov.in/schemes/ddugku
National (all states),Technology Development Fund (TDF) Scheme,Central,Not for workers: honour & service pensions,no,Business & Entrepreneurship,https://www.myscheme.gov.in/schemes/tdfs
National (all states),Pandit Deendayal Upadhyaya Telecom Excellence Award,Central,"Not for workers: sports, arts, awards",no,"Social welfare & Empowerment; Science, IT & Communications; Skills & Employment",https://www.myscheme.gov.in/schemes/pdutea
National (all states),The Prime Minister’s Awards for Excellence in Public Administration,Central,"Not for workers: sports, arts, awards",no,Business & Entrepreneurship; Skills & Employment,https://www.myscheme.gov.in/schemes/tpmaepa
National (all states),Financial Assistance To Cultural Organizations With National Presence,Central,"Not for workers: sports, arts, awards",no,Sports & Culture,https://www.myscheme.gov.in/schemes/faconp
National (all states),Sagar Samman Award- Sagar Samman Award for Excellence,Central,"Not for workers: sports, arts, awards",no,Skills & Employment; Business & Entrepreneurship,https://www.myscheme.gov.in/schemes/ssa-ssae
National (all states),Tagore National Scholarship for Cultural Research,Central,Not for workers: students & education,no,Education & Learning; Sports & Culture,https://www.myscheme.gov.in/schemes/tnscr
National (all states),Coir Vikas Yojana-Skill Upgradation and Mahila Coir Yojana,Central,Not for workers: students & education,no,Business & Entrepreneurship; Skills & Employment,https://www.myscheme.gov.in/schemes/cvy-sumcy
National (all states),Coffee Development Programme in North Eastern Region: Quality Upgradation / Certification: Support for Eco-Certification / Organic Certification,Central,"Livelihood, loans & self-employment",yes,"Agriculture,Rural & Environment",https://www.myscheme.gov.in/schemes/cdpnerqucsecoc
National (all states),Interest Subsidy Eligibility Certificate (ISEC) Scheme,Central,"Livelihood, loans & self-employment",yes,Education & Learning,https://www.myscheme.gov.in/schemes/isec
National (all states),Production Linked Incentive (PLI) Scheme For National Programme on Advanced Chemistry Cell (ACC) Battery Storage,Central,Other,no,Business & Entrepreneurship,https://www.myscheme.gov.in/schemes/pliaccb
National (all states),Production Linked Incentive (PLI) Scheme for Textiles Part-1,Central,"Food, LPG & ration",yes,Skills & Employment; Business & Entrepreneurship,https://www.myscheme.gov.in/schemes/plitexttiles
National (all states),Incubation Scheme,Central,Other,no,Business & Entrepreneurship,https://www.myscheme.gov.in/schemes/is
National (all states),Bank Guarantee Charges Reimbursement Scheme,Central,Other,no,Business & Entrepreneurship,https://www.myscheme.gov.in/schemes/bgcrs
National (all states),Testing Fee Reimbursement Scheme,Central,Other,no,Business & Entrepreneurship,https://www.myscheme.gov.in/schemes/tfrs
National (all states),Scheme for Setting Up of Centre of Excellence,Central,Not for workers: students & education,no,"Transport & Infrastructure; Science, IT & Communications",https://www.myscheme.gov.in/schemes/ssuce
National (all states),Scheme of Assistance for the Prevention of Alcoholism & Substance (Drugs) Abuse and for Social Defence Services: General Grant-in-Aid Programme for Financial Assistance in the Field of Social Defence,Central,Not for workers: honour & service pensions,no,Social welfare & Empowerment; Transport & Infrastructure,https://www.myscheme.gov.in/schemes/sapaandsdasdsggiapfafsd
National (all states),Nagar Van Yojana,Central,Farmers & agriculture,yes,"Agriculture,Rural & Environment",https://www.myscheme.gov.in/schemes/nvy
National (all states),PRL Junior Research Fellowships,Central,Not for workers: students & education,no,Education & Learning,https://www.myscheme.gov.in/schemes/prljrf
National (all states),Paramparagat Krishi Vikas Yojana,Central,Health & disability,yes,"Agriculture,Rural & Environment",https://www.myscheme.gov.in/schemes/pkvy
National (all states),Credit Enhancement Guarantee Scheme For The Scheduled Castes,Central,"Insurance, accident & death help",yes,"Business & Entrepreneurship; Banking,Financial Services and Insurance; Social welfare & Empowerment",https://www.myscheme.gov.in/schemes/cegssc
National (all states),Janshree Bima Yojana for Khadi Artisans,Central,"Insurance, accident & death help",yes,"Banking,Financial Services and Insurance; Social welfare & Empowerment; Education & Learning; Business & Entrepreneurship",https://www.myscheme.gov.in/schemes/kkjby
National (all states),Scheme for Promotion of Culture of Science: Science City,Central,"Not for workers: sports, arts, awards",no,Sports & Culture,https://www.myscheme.gov.in/schemes/spculturescience
National (all states),"Scheme for Plantation Development (New planting & Replanting) under Medium Term Framework Plan (MTFP) in Traditional Areas (Kerala and Tamil Nadu), Non-Traditional and North Eastern Region",Central,"Livelihood, loans & self-employment",yes,"Business & Entrepreneurship; Agriculture,Rural & Environment",https://www.myscheme.gov.in/schemes/spdmtfptantner
National (all states),"PRISM (Promoting Innovations in Individuals, Start-ups and MSMEs): Category-1: Proof of Concept/ Prototypes/ Models",Central,Other,no,Business & Entrepreneurship,https://www.myscheme.gov.in/schemes/prism-c1-pcpm
National (all states),Innovations for Defence Excellence,Central,Not for workers: honour & service pensions,no,Business & Entrepreneurship,https://www.myscheme.gov.in/schemes/idex
National (all states),Institutions of Eminence scheme,Central,Other,no,Education & Learning,https://www.myscheme.gov.in/schemes/ies
National (all states),Special Credit Linked Capital Subsidy Scheme (SCLCSS) for Scheduled Caste/Scheduled Tribe,Central,"Livelihood, loans & self-employment",yes,Business & Entrepreneurship,https://www.myscheme.gov.in/schemes/sclcss
National (all states),"AICTE-SHORT TERM TRAINING PROGRAMME (STTP) (UT-J&K,LADAKH AND NER)",Central,"Livelihood, loans & self-employment",yes,Education & Learning,https://www.myscheme.gov.in/schemes/asttpsu
National (all states),AICTE- Technical University Joint Training Programs for Librarians,Central,Not for workers: students & education,no,Education & Learning,https://www.myscheme.gov.in/schemes/atujtfl
National (all states),HRIDAY: Heritage City Development & Augmentation Yojana,Central,"Not for workers: sports, arts, awards",no,Transport & Infrastructure,https://www.myscheme.gov.in/schemes/hriday
National (all states),Education Loan Scheme (NSFDC),Central,Not for workers: students & education,no,"Banking,Financial Services and Insurance; Education & Learning",https://www.myscheme.gov.in/schemes/els-nsfdc
National (all states),National Livestock Mission: Establishment of Entrepreneurship for Breed Development of Rural Poultry,Central,"Women, marriage & maternity",yes,"Business & Entrepreneurship; Agriculture,Rural & Environment",https://www.myscheme.gov.in/schemes/eebdrp
National (all states),"Information, Monitoring, Evaluation and Social Audit (I-MESA): Central Smart Surveillance Unit (CSSU)",Central,Not for workers: students & education,no,"Transport & Infrastructure; Utility & Sanitation; Public Safety,Law & Justice",https://www.myscheme.gov.in/schemes/i-mesa-cssu
National (all states),Raw Material Assistance Scheme,Central,"Insurance, accident & death help",yes,"Banking,Financial Services and Insurance",https://www.myscheme.gov.in/schemes/rmas
National (all states),Agricultural Marketing Infrastructure,Central,Farmers & agriculture,yes,"Agriculture,Rural & Environment; Transport & Infrastructure",https://www.myscheme.gov.in/schemes/ami
National (all states),Sardar Patel National Unity Award,Central,"Not for workers: sports, arts, awards",no,Education & Learning,https://www.myscheme.gov.in/schemes/spnua
National (all states),"Ayush Oushadhi Gunvatta evam Uttpadan Samvardhan Yojana (AOGUSY): Support for Development of Standards and Accreditation/Certification of Ayush Products and Materials in Collaboration With BIS, QCI and Other Relevant Scientific Institutions and Industrial R&D Centres",Central,"Food, LPG & ration",yes,"Science, IT & Communications",https://www.myscheme.gov.in/schemes/aogusysdsacrd
National (all states),Ayush Oushadhi Gunvatta evam Uttpadan Samvardhan Yojana (AOGUSY): Strengthening and Up-Gradation of Ayush Pharmacies and Drug Testing Laboratories to Achieve Higher Standards,Central,Other,no,"Science, IT & Communications",https://www.myscheme.gov.in/schemes/aogusysuaptl
National (all states),Jute Raw Material Bank Scheme,Central,"Insurance, accident & death help",yes,"Banking,Financial Services and Insurance",https://www.myscheme.gov.in/schemes/jrmbs
National (all states),Coir Vikas Yojana- Coir Industry Technology Upgradation Scheme,Central,Other,no,Business & Entrepreneurship; Skills & Employment,https://www.myscheme.gov.in/schemes/cvy-citus
National (all states),Production Linked Incentive Scheme (PLI) For Promoting Telecom & Networking Products Manufacturing In India,Central,Other,no,"Science, IT & Communications",https://www.myscheme.gov.in/schemes/dot-pli-scheme
National (all states),Modified Market Development Assistance Scheme,Central,"Livelihood, loans & self-employment",yes,Business & Entrepreneurship,https://www.myscheme.gov.in/schemes/mmdas
National (all states),International Cooperation Scheme: Market Development Assistance,Central,"Food, LPG & ration",yes,"Banking,Financial Services and Insurance; Business & Entrepreneurship",https://www.myscheme.gov.in/schemes/ics-mda
National (all states),AICTE-Training programs for Physical Education Trainers/Sport-Games Teachers/Director of Sports,Central,"Not for workers: sports, arts, awards",no,Education & Learning,https://www.myscheme.gov.in/schemes/atppe
National (all states),National Startup Awards,Central,"Not for workers: sports, arts, awards",no,Business & Entrepreneurship,https://www.myscheme.gov.in/schemes/nsa
National (all states),Jute Resource-Cum-Production Centre,Central,"Food, LPG & ration",yes,Skills & Employment,https://www.myscheme.gov.in/schemes/jrcpc
National (all states),AICTE Grant for Organizing Conference,Central,Other,no,Education & Learning; Business & Entrepreneurship,https://www.myscheme.gov.in/schemes/goc
National (all states),Export Promotion Capital Goods Scheme,Central,Other,no,Business & Entrepreneurship,https://www.myscheme.gov.in/schemes/epcg
National (all states),Pradhan Mantri Jan Vikas Karyakram,Central,Not for workers: students & education,no,Social welfare & Empowerment,https://www.myscheme.gov.in/schemes/pmjvk
National (all states),Loan Based Schemes For Safai Karamchari - Sanitary Marts Scheme,Central,"Insurance, accident & death help",yes,"Business & Entrepreneurship; Banking,Financial Services and Insurance; Social welfare & Empowerment; Utility & Sanitation",https://www.myscheme.gov.in/schemes/lbssk-sms
National (all states),National Livestock Mission: Genetic Improvement of Pig breeds - Establishment of Pig Semen Collection and Processing Lab,Central,Farmers & agriculture,yes,"Business & Entrepreneurship; Agriculture,Rural & Environment",https://www.myscheme.gov.in/schemes/epscpl
National (all states),National Handicrafts Development Programme: Research & Development Scheme,Central,"Not for workers: sports, arts, awards",no,Sports & Culture; Skills & Employment,https://www.myscheme.gov.in/schemes/nhdp-randds
National (all states),IVRI Institute Scholarship For M.V.Sc. And Ph.D.,Central,Not for workers: students & education,no,Education & Learning,https://www.myscheme.gov.in/schemes/ivri-is
National (all states),Financial Assistance For Allied Cultural Activities,Central,"Not for workers: sports, arts, awards",no,Sports & Culture,https://www.myscheme.gov.in/schemes/faaca
National (all states),Mission on Integrated Development of Horticulture- NHM and HMNEH,Central,Housing,yes,"Agriculture,Rural & Environment",https://www.myscheme.gov.in/schemes/midh
National (all states),Scheme of Human Resources Development in Sports: Publication of Outstanding Works on Sports Related Subjects,Central,"Not for workers: sports, arts, awards",no,Sports & Culture,https://www.myscheme.gov.in/schemes/shrdspowsrs
National (all states),Fund of Funds for Startups,Central,"Insurance, accident & death help",yes,"Business & Entrepreneurship; Banking,Financial Services and Insurance; Science, IT & Communications; Agriculture,Rural & Environment; Health & Wellness; Education & Learning",https://www.myscheme.gov.in/schemes/ffs
National (all states),Khelo India Scheme: Fit India Movement,Central,Not for workers: students & education,no,Sports & Culture,https://www.myscheme.gov.in/schemes/kisfim
National (all states),Scheme Of Assistance To Disabled Persons For Purchase/Fitting Of Aids/Appliances,Central,Health & disability,yes,Social welfare & Empowerment,https://www.myscheme.gov.in/schemes/sadppfaa
National (all states),Production Linked Incentive Scheme For Automobile And Auto Component Industry,Central,Other,no,Business & Entrepreneurship,https://www.myscheme.gov.in/schemes/plisaaci
National (all states),Scheme of Grant-in-Aid to Voluntary Organisations Working for the Welfare of Scheduled Tribes,Central,Other,no,Social welfare & Empowerment,https://www.myscheme.gov.in/schemes/sgiavowwst
National (all states),Integrated Scheme on Agriculture Cooperation,Central,"Food, LPG & ration",yes,"Agriculture,Rural & Environment",https://www.myscheme.gov.in/schemes/isac
National (all states),National Handloom Development Programme: Concessional Credit/Weaver MUDRA Scheme,Central,"Insurance, accident & death help",yes,"Banking,Financial Services and Insurance",https://www.myscheme.gov.in/schemes/nhdpccwms
National (all states),Collaborative Research Scheme (CRS),Central,"Food, LPG & ration",yes,Education & Learning,https://www.myscheme.gov.in/schemes/crs
National (all states),Pradhan Mantri Anusuchit Jaati Abhyuday Yojana (PM-AJAY) - Adarsh Gram,Central,Health & disability,yes,"Social welfare & Empowerment; Transport & Infrastructure; Agriculture,Rural & Environment",https://www.myscheme.gov.in/schemes/pmajay-ag
National (all states),Scheme of Development Assistance to Colleges for the Construction of Buildings,Central,Not for workers: students & education,no,Transport & Infrastructure; Education & Learning,https://www.myscheme.gov.in/schemes/sdaccb
National (all states),Ayurswasthya Yojana: AYUSH for Sports Medicine,Central,"Not for workers: sports, arts, awards",no,Health & Wellness,https://www.myscheme.gov.in/schemes/asyasm
National (all states),AICTE-PROFESSIONAL DEVELOPMENT SCHEME,Central,Not for workers: students & education,no,Education & Learning,https://www.myscheme.gov.in/schemes/pds
National (all states),Electronic Manufacturing Clusters (EMC) Scheme: Greenfield Electronic Manufacturing Clusters,Central,Other,no,Business & Entrepreneurship,https://www.myscheme.gov.in/schemes/emcs
National (all states),National Bamboo Mission,Central,Farmers & agriculture,yes,"Agriculture,Rural & Environment",https://www.myscheme.gov.in/schemes/nbm
National (all states),Ayush Oushadhi Gunvatta evam Uttpadan Samvardhan Yojana (AOGUSY): Strengthening of Central and State Regulatory Frameworks Including Technical Human Resource and Capacity Building Programs for Ayush Drugs,Central,"Livelihood, loans & self-employment",yes,"Science, IT & Communications",https://www.myscheme.gov.in/schemes/aogusyscsrfit
National (all states),Development Support for Coffee in Traditional Areas: Eco-certification of Coffee,Central,"Livelihood, loans & self-employment",yes,"Agriculture,Rural & Environment",https://www.myscheme.gov.in/schemes/dsctaecc
National (all states),Production Linked Incentive (PLI) Scheme for Promotion of Domestic Manufacturing of Critical Key Starting Materials (KSMs)/ Drug Intermediates (DIs) and Active Pharmaceutical Ingredients (APIs) in India,Central,Other,no,Business & Entrepreneurship,https://www.myscheme.gov.in/schemes/pliksmsapi
National (all states),Production Linked Incentive Scheme for Promoting Domestic Manufacturing of Medical Devices,Central,Health & disability,yes,Business & Entrepreneurship,https://www.myscheme.gov.in/schemes/plispdmmd
National (all states),Production Linked Incentive (PLI) Scheme for Textiles Part 2,Central,"Food, LPG & ration",yes,Business & Entrepreneurship; Skills & Employment,https://www.myscheme.gov.in/schemes/plitextile2
National (all states),Scheme Of Financial Assistance For The Preservation And Development Of Cultural Heritage Of The Himalayas,Central,"Not for workers: sports, arts, awards",no,Sports & Culture,https://www.myscheme.gov.in/schemes/sfapdchh
National (all states),Seva Bhoj Yojna,Central,"Not for workers: sports, arts, awards",no,Sports & Culture,https://www.myscheme.gov.in/schemes/sby
National (all states),Scheme of Fund for Regeneration of Traditional Industries,Central,"Insurance, accident & death help",yes,"Banking,Financial Services and Insurance; Business & Entrepreneurship",https://www.myscheme.gov.in/schemes/sfurti
National (all states),Bank Loan Processing Fee Reimbursement Scheme,Central,Other,no,Business & Entrepreneurship,https://www.myscheme.gov.in/schemes/bnpfrs
National (all states),Reimbursement of membership Fee in Government promoted E-Commerce Portals ,Central,Other,no,Business & Entrepreneurship,https://www.myscheme.gov.in/schemes/rmfgp
National (all states),National Awards For Empowerment Of Persons With Disabilities: National Awards For Institutions Engaged In Empowering Persons With Disabilities: Sugamya Bharat Abhiyan Ke Karyanvayan/badhamukta Vatavaran Ke Srijan Mein Sarvshrestha Rajya/ Ut/ Zila,Central,"Not for workers: sports, arts, awards",no,Social welfare & Empowerment,https://www.myscheme.gov.in/schemes/naepwdnaieepwdsbakkbvksmsrutz
National (all states),E-YUVA Scheme: E-YUVA Centers,Central,Not for workers: students & education,no,Transport & Infrastructure,https://www.myscheme.gov.in/schemes/e-yuvase-yuvac
National (all states),PM SETU (Pradhan Mantri Skilling and Employability Transformation through Upgraded ITIs) – Component II: Capacity Augmentation of Five National Skill Training Institutes (NSTIs) and Setting up of Five National Centres of Excellence for Skilling,Central,"Livelihood, loans & self-employment",yes,Skills & Employment,https://www.myscheme.gov.in/schemes/pmsetu2
National (all states),Personal Accident Insurance Scheme For Coir Workers,Central,"Insurance, accident & death help",yes,"Banking,Financial Services and Insurance; Social welfare & Empowerment",https://www.myscheme.gov.in/schemes/gpaiscw
National (all states),Indian Community Welfare Fund,Central,Not for workers: students & education,no,Health & Wellness; Housing & Shelter; Social welfare & Empowerment,https://www.myscheme.gov.in/schemes/icwf
National (all states),Pradhan Mantri Gram Sadak Yojana,Central,Farmers & agriculture,yes,"Agriculture,Rural & Environment; Transport & Infrastructure",https://www.myscheme.gov.in/schemes/pmgsy
National (all states),Pradhan Mantri Jan Dhan Yojana,Central,"Insurance, accident & death help",yes,"Banking,Financial Services and Insurance",https://www.myscheme.gov.in/schemes/pmjdy
National (all states),Scheme For Campus Accommodation & Facilities Enhancing Social Experience,Central,Not for workers: students & education,no,Education & Learning,https://www.myscheme.gov.in/schemes/scafe
National (all states),"AICTE - Scheme For Promoting Interests, Creativity And Ethics Among Students",Central,Not for workers: students & education,no,Education & Learning,https://www.myscheme.gov.in/schemes/aicte-spices
National (all states),Deendayal Antyodaya Yojana - National Rural Livelihoods Mission,Central,"Livelihood, loans & self-employment",yes,Social welfare & Empowerment; Skills & Employment,https://www.myscheme.gov.in/schemes/day-nrlm
National (all states),Capacity Building For Service Providers - Skill Testing & Certification,Central,"Livelihood, loans & self-employment",yes,Skills & Employment,https://www.myscheme.gov.in/schemes/cbsp-stc
National (all states),Single Point Registration Scheme,Central,"Insurance, accident & death help",yes,"Banking,Financial Services and Insurance",https://www.myscheme.gov.in/schemes/sprs
National (all states),AICTE e-Shodh Sindhu Scheme (eSS),Central,Other,no,Education & Learning,https://www.myscheme.gov.in/schemes/essstj
National (all states),Pilgrimage Rejuvenation and Spiritual Augmentation Drive (PRASHAD),Central,Other,no,Transport & Infrastructure; Travel & Tourism,https://www.myscheme.gov.in/schemes/prashad
National (all states),National Livestock Mission: Promotion of Piggery Entrepreneur,Central,"Livelihood, loans & self-employment",yes,"Business & Entrepreneurship; Agriculture,Rural & Environment",https://www.myscheme.gov.in/schemes/ppe
National (all states),Shilp Guru Award,Central,"Not for workers: sports, arts, awards",no,Skills & Employment,https://www.myscheme.gov.in/schemes/sga
National (all states),"Scheme of Grants-in-Aid for supporting professional associations/ organisations of social scientists, companies and trusts duly registered under the Companies Act for their development",Central,Other,no,Education & Learning,https://www.myscheme.gov.in/schemes/scheme-of-grant-in-aid
National (all states),Ayurswasthya Yojana: AYUSH and Public Health,Central,Health & disability,yes,Health & Wellness,https://www.myscheme.gov.in/schemes/asyaph
National (all states),Startup India Seed Fund Scheme- For Startups,Central,Farmers & agriculture,yes,Business & Entrepreneurship,https://www.myscheme.gov.in/schemes/sisfs-fs
National (all states),Electronic Manufacturing Clusters (EMC) Scheme: Common Facility Centres/ Brownfield Electronics Manufacturing Clusters,Central,Other,no,Business & Entrepreneurship,https://www.myscheme.gov.in/schemes/emcbes
National (all states),"Scheme for Promotion of Manufacturing of Electronic Components and Semiconductors (SPECS)""",Central,Health & disability,yes,"Science, IT & Communications; Business & Entrepreneurship",https://www.myscheme.gov.in/schemes/specs
National (all states),Production Linked Incentive Scheme (PLI) for IT Hardware Scheme 2.O,Central,Not for workers: students & education,no,"Business & Entrepreneurship; Science, IT & Communications; Skills & Employment",https://www.myscheme.gov.in/schemes/pliit20
National (all states),Electronics Component Manufacturing Scheme,Central,Other,no,"Science, IT & Communications; Business & Entrepreneurship",https://www.myscheme.gov.in/schemes/ecms
National (all states),India BPO Promotion Scheme,Central,"Food, LPG & ration",yes,"Skills & Employment; Science, IT & Communications",https://www.myscheme.gov.in/schemes/ibps
National (all states),Sagar Samman Award- Sagar Samman Varuna Award,Central,"Not for workers: sports, arts, awards",no,Skills & Employment; Business & Entrepreneurship,https://www.myscheme.gov.in/schemes/ssa-ssva
National (all states),Ayush Oushadhi Gunvatta evam Uttpadan Samvardhan Yojana (AOGUSY): Pharmacovigilance of ASU&H Drugs Including Surveillance of Misleading Advertisements,Central,Other,no,"Science, IT & Communications",https://www.myscheme.gov.in/schemes/aogusypcvasma
National (all states),Assistance to Training Institutions Scheme,Central,"Livelihood, loans & self-employment",yes,Business & Entrepreneurship; Skills & Employment,https://www.myscheme.gov.in/schemes/ati
National (all states),Development Support for Coffee in Traditional Areas: Support to Small Growers' Collectives/ SHGs/ Cooperatives for Coffee Marketing,Central,"Livelihood, loans & self-employment",yes,"Agriculture,Rural & Environment",https://www.myscheme.gov.in/schemes/dsctassgcsccm
National (all states),Shahari Waqf Sampatti Vikas Yojana,Central,Health & disability,yes,Transport & Infrastructure,https://www.myscheme.gov.in/schemes/swsvy
National (all states),Comprehensive Handicrafts Cluster Development Scheme,Central,Other,no,Skills & Employment; Business & Entrepreneurship,https://www.myscheme.gov.in/schemes/chcdp
National (all states), Consortia & Tender Marketing Scheme,Central,Other,no,Business & Entrepreneurship,https://www.myscheme.gov.in/schemes/ctms
National (all states),Technology Development And Utilization Programme For Women,Central,Other,no,"Science, IT & Communications; Education & Learning; Women and Child",https://www.myscheme.gov.in/schemes/tdupw
National (all states),Flexible Memorandum of Understanding (Flexi-MoU) Scheme,Central,"Livelihood, loans & self-employment",yes,Business & Entrepreneurship; Skills & Employment,https://www.myscheme.gov.in/schemes/flexi-mou
National (all states),Production Linked Incentive Scheme Tranche-I under National Programme on High Efficiency Solar PV Modules,Central,"Food, LPG & ration",yes,Business & Entrepreneurship; Skills & Employment,https://www.myscheme.gov.in/schemes/plinphespvm
National (all states),Coir Vikas Yojana- Export Market Promotion Scheme,Central,Other,no,Business & Entrepreneurship,https://www.myscheme.gov.in/schemes/cvy-emps
National (all states),MSME Sustainable (ZED) Certification Scheme,Central,Other,no,Business & Entrepreneurship,https://www.myscheme.gov.in/schemes/mszcs
National (all states),Scheme for Grant of Financial Assistance for Administering Road Safety Advocacy and Awards for the Outstanding Work Done in the Field of Road Safety,Central,"Not for workers: sports, arts, awards",no,Transport & Infrastructure,https://www.myscheme.gov.in/schemes/sgfaarsaaowdfrs
National (all states),Intellectual Property Right Scheme Under MSME Innovative Scheme,Central,Other,no,Business & Entrepreneurship,https://www.myscheme.gov.in/schemes/ipr
National (all states),Export Promotion Council Membership Reimbursement Scheme for Scheduled Caste/Scheduled Tribe,Central,Other,no,Business & Entrepreneurship,https://www.myscheme.gov.in/schemes/epcmrs
National (all states),"AICTE-IDEA (Idea Development, Evaluation & Application) LAB SCHEME",Central,Not for workers: students & education,no,Education & Learning,https://www.myscheme.gov.in/schemes/aiideals
National (all states),Scheme for Setting Up of Plastic Parks,Central,Other,no,Transport & Infrastructure,https://www.myscheme.gov.in/schemes/ssupp
National (all states),VAIshwik BHArtiya Vaigyanik (VAIBHAV) Fellowship,Central,Not for workers: students & education,no,"Education & Learning; Science, IT & Communications",https://www.myscheme.gov.in/schemes/vaibhav
National (all states),Star College Scheme For Strengthening Of Science Education And Training At Undergraduate Level,Central,Not for workers: students & education,no,Education & Learning,https://www.myscheme.gov.in/schemes/scsssetul
National (all states),Supporting Community Radio Movement in India,Central,"Food, LPG & ration",yes,Social welfare & Empowerment,https://www.myscheme.gov.in/schemes/crss
National (all states),Production Linked Incentive (PLI) Scheme for Automobile and Auto Components Industry,Central,Other,no,Business & Entrepreneurship,https://www.myscheme.gov.in/schemes/plisfaaci
National (all states),Infrastructure and Technology Support ,Central,"Livelihood, loans & self-employment",yes,Transport & Infrastructure,https://www.myscheme.gov.in/schemes/iats
National (all states),Advance Authorisation(AA),Central,Other,no,Business & Entrepreneurship,https://www.myscheme.gov.in/schemes/aa
National (all states),Financial Assistance For Development Of Buddhist/Tibetan Arts And Culture,Central,"Not for workers: sports, arts, awards",no,Sports & Culture,https://www.myscheme.gov.in/schemes/fadbtac
National (all states),Loan Based Schemes For Safai Karamchari - Swachhta Udyami Yojana – Swachhta Se Sampannta Ki Aur,Central,"Insurance, accident & death help",yes,"Utility & Sanitation; Business & Entrepreneurship; Banking,Financial Services and Insurance; Social welfare & Empowerment",https://www.myscheme.gov.in/schemes/lbssk-suy
National (all states),Cultural Function And Production Grant Scheme,Central,Not for workers: students & education,no,Sports & Culture,https://www.myscheme.gov.in/schemes/cfpgs
National (all states),Credit Based Schemes For SC - Term Loan (TL),Central,"Insurance, accident & death help",yes,"Business & Entrepreneurship; Banking,Financial Services and Insurance; Social welfare & Empowerment",https://www.myscheme.gov.in/schemes/cbssc-tl
National (all states),Khelo India Scheme: Khelo India Centres and Sports Academies,Central,Not for workers: students & education,no,Sports & Culture,https://www.myscheme.gov.in/schemes/kiskicsa
National (all states),Pradhan Mantri Formalisation Of Micro Food Processing Enterprises,Central,"Food, LPG & ration",yes,Business & Entrepreneurship,https://www.myscheme.gov.in/schemes/pmfmpe
National (all states),Modernisation And Removal Of Obsolescence,Central,Other,no,Education & Learning,https://www.myscheme.gov.in/schemes/modrob
National (all states),Sub-mission On Agriculture Mechanization,Central,Farmers & agriculture,yes,"Agriculture,Rural & Environment",https://www.myscheme.gov.in/schemes/smam
National (all states),Galvanizing Organic Bio-Agro Resources Dhan (GOBARdhan),Central,Farmers & agriculture,yes,"Utility & Sanitation; Agriculture,Rural & Environment",https://www.myscheme.gov.in/schemes/gobardhan
National (all states),Pradhan Mantri Matsya Sampada Yojana,Central,Health & disability,yes,"Agriculture,Rural & Environment",https://www.myscheme.gov.in/schemes/pmmsy
National (all states),National Handicrafts Development Programme: Infrastructure And Technology Support: URBAN HAAT,Central,"Livelihood, loans & self-employment",yes,Business & Entrepreneurship; Skills & Employment,https://www.myscheme.gov.in/schemes/nhdp-iandts-uh
National (all states),National Awards For Empowerment Of Persons With Disabilities: National Awards For Institutions Engaged In Empowering Persons With Disabilities: Divyangjano Ke Liye Sarvshrestha Niyoktha,Central,"Not for workers: sports, arts, awards",no,Social welfare & Empowerment,https://www.myscheme.gov.in/schemes/naepwdnaieepwddklsn
National (all states),"National Awards For Empowerment Of Persons With Disabilities: National Awards For Institutions Engaged In Empowering Persons With Disabilities: Divyangjanon Ke Sashaktikaran Men Karyrat Sarveshrestha Sansthan (Private Organization, NGO)",Central,"Not for workers: sports, arts, awards",no,Social welfare & Empowerment,https://www.myscheme.gov.in/schemes/naepwdnaieepwddksmksspriongo
National (all states),Financial Assistance For Cultural Activities In Performing Arts For Building Grants Including Studio Theatres,Central,"Not for workers: sports, arts, awards",no,Sports & Culture,https://www.myscheme.gov.in/schemes/facapabgist
National (all states),Agriculture And Processed Foods Export Promotion Scheme Of APEDA For The 15th Finance Commission Cycle (2021-22 To 2025-26),Central,"Food, LPG & ration",yes,"Agriculture,Rural & Environment",https://www.myscheme.gov.in/schemes/financial-assistance-scheme
National (all states),Tea Development and Promotion Scheme (TDPS): Plantation Development for Small Tea Growers (PDSTG): Mechanization for Individual Small Growers,Central,"Livelihood, loans & self-employment",yes,"Agriculture,Rural & Environment",https://www.myscheme.gov.in/schemes/tdpspdstgmisg
National (all states),National Livestock Mission: Establishment of State Semen Bank ,Central,Health & disability,yes,"Agriculture,Rural & Environment; Health & Wellness",https://www.myscheme.gov.in/schemes/essb
National (all states),Scheme of Financial Assistance to IHMs/FCIs/IITTM/ICI/NCHMCT/PSUs,Central,Health & disability,yes,Travel & Tourism; Transport & Infrastructure,https://www.myscheme.gov.in/schemes/sfaifiinp
National (all states),Bharat Steel Awards,Central,"Not for workers: sports, arts, awards",no,Business & Entrepreneurship,https://www.myscheme.gov.in/schemes/bsa
National (all states),Ayush Oushadhi Gunvatta Evam Uttpadan Samvardhan Yojana,Central,Health & disability,yes,"Business & Entrepreneurship; Science, IT & Communications",https://www.myscheme.gov.in/schemes/aogeusy
National (all states),Ayurswasthya Yojana: Up-gradation of Facilities to Centre of Excellence (CoE),Central,Health & disability,yes,Health & Wellness,https://www.myscheme.gov.in/schemes/asycoe
National (all states),Scheme of Grant-in-Aid to Voluntary and other Organizations Working for Scheduled Castes,Central,Health & disability,yes,Social welfare & Empowerment,https://www.myscheme.gov.in/schemes/sgiavoowsc
National (all states),"National Action for Mechanised Sanitation Ecosystem (NAMASTE) - ""Emergency Response Sanitation Unit (ERSU) Formation and Functionalisation"" ",Central,Health & disability,yes,Social welfare & Empowerment; Health & Wellness; Utility & Sanitation,https://www.myscheme.gov.in/schemes/namaste-ersufaf
National (all states),Startup India Seed Fund Scheme- For Incubators,Central,Farmers & agriculture,yes,Business & Entrepreneurship,https://www.myscheme.gov.in/schemes/sisfs-fi
National (all states),Scheme for Reimbursement of Testing and Certification Charges for Start-ups and Telecom MSEs,Central,Other,no,Business & Entrepreneurship,https://www.myscheme.gov.in/schemes/srtccst
National (all states),Production Linked Incentive Scheme (PLI) for IT Hardware,Central,Not for workers: students & education,no,"Science, IT & Communications; Skills & Employment; Business & Entrepreneurship",https://www.myscheme.gov.in/schemes/pliit
National (all states),Livestock Health and Diseases Control,Central,Health & disability,yes,"Agriculture,Rural & Environment",https://www.myscheme.gov.in/schemes/lhadc
National (all states),Amended Technology Upgradation Fund,Central,Other,no,"Banking,Financial Services and Insurance; Skills & Employment",https://www.myscheme.gov.in/schemes/atuf
National (all states),National Awards for e-Governance,Central,"Not for workers: sports, arts, awards",no,Business & Entrepreneurship,https://www.myscheme.gov.in/schemes/naeg
National (all states),Subhash Chandra Bose Aapda Prabandhan Puraskar,Central,"Not for workers: sports, arts, awards",no,Social welfare & Empowerment; Skills & Employment,https://www.myscheme.gov.in/schemes/scbapp
National (all states),Financial Assistance For Promotion Of Guru-Shishya Parampara (Repertory Grant),Central,"Not for workers: sports, arts, awards",no,Sports & Culture,https://www.myscheme.gov.in/schemes/fapgsprg
National (all states),Coffee Development Programme in North Eastern Region: Support for Group Nurseries,Central,Farmers & agriculture,yes,"Agriculture,Rural & Environment",https://www.myscheme.gov.in/schemes/cdpnersgn
National (all states),Access to Knowledge for Technology Development and Dissemination (A2K+),Central,Other,no,Education & Learning,https://www.myscheme.gov.in/schemes/a2ks
National (all states),Production Linked Incentive (PLI) Scheme for Food Processing Industry,Central,"Food, LPG & ration",yes,Business & Entrepreneurship; Skills & Employment,https://www.myscheme.gov.in/schemes/plisfpi
National (all states),Production Linked Incentive Scheme for Millet Based Products,Central,"Food, LPG & ration",yes,Business & Entrepreneurship,https://www.myscheme.gov.in/schemes/plismbp
National (all states),International Cooperation Scheme- Capacity Building of First Time MSE Exporters,Central,"Food, LPG & ration",yes,Business & Entrepreneurship,https://www.myscheme.gov.in/schemes/ics-cbfte
National (all states),Mission Solar Charkha,Central,"Insurance, accident & death help",yes,"Banking,Financial Services and Insurance",https://www.myscheme.gov.in/schemes/msc
National (all states),Design Scheme Under MSME Innovative Scheme,Central,Other,no,Business & Entrepreneurship,https://www.myscheme.gov.in/schemes/ds
National (all states),Deen Dayal Disabled Rehabilitation Scheme,Central,Not for workers: students & education,no,Housing & Shelter,https://www.myscheme.gov.in/schemes/dddrs
National (all states),Prime Minister's Employment Generation Programme,Central,"Insurance, accident & death help",yes,"Business & Entrepreneurship; Banking,Financial Services and Insurance; Social welfare & Empowerment; Skills & Employment",https://www.myscheme.gov.in/schemes/pmegp
National (all states),Industrial R&D Promotion Programme: Recognition Of In-House R&D Units,Central,Housing,yes,"Science, IT & Communications; Business & Entrepreneurship",https://www.myscheme.gov.in/schemes/irdpp-rihrdu
National (all states),Institutional Support for Development and Marketing of Tribal Products/Produce ,Central,"Livelihood, loans & self-employment",yes,Social welfare & Empowerment; Skills & Employment,https://www.myscheme.gov.in/schemes/isdmtpp
National (all states),National Livestock Mission: Genetic Improvement of Pig Breeds - Import of Exotic Pig Germplasm,Central,Farmers & agriculture,yes,"Agriculture,Rural & Environment; Business & Entrepreneurship",https://www.myscheme.gov.in/schemes/iepg
National (all states),Pradhan Mantri Skilling and Employability Transformation through Upgraded ITIs (PM‑SETU) : Component I ,Central,"Livelihood, loans & self-employment",yes,Skills & Employment,https://www.myscheme.gov.in/schemes/pmsetuiti1
National (all states),Vanchit Ikai Samooh aur Vargon ki Aarthik Sahayata Yojana (VISVAS) for Self-Help Groups,Central,"Livelihood, loans & self-employment",yes,Social welfare & Empowerment,https://www.myscheme.gov.in/schemes/visvas
National (all states),Credit Guarantee Scheme for Startups,Central,"Livelihood, loans & self-employment",yes,Business & Entrepreneurship,https://www.myscheme.gov.in/schemes/cgss
National (all states),Pradhan Mantri Kaushal Vikas Yojana 4.0- Special Projects,Central,Health & disability,yes,Business & Entrepreneurship; Skills & Employment,https://www.myscheme.gov.in/schemes/pmkvy-sp
National (all states),Maulana Abul Kalam Azad Trophy Scheme,Central,Not for workers: students & education,no,Sports & Culture,https://www.myscheme.gov.in/schemes/makats
National (all states),Khelo India Scheme: Promotion of Inclusiveness through Sports,Central,"Not for workers: sports, arts, awards",no,Sports & Culture,https://www.myscheme.gov.in/schemes/kispits
National (all states),"Scheme for Promotion of Culture of Science: Science Centre (Category-I, Category-II, Category-III)",Central,"Not for workers: sports, arts, awards",no,Sports & Culture,https://www.myscheme.gov.in/schemes/spocs123
National (all states),Capacity Building For Service Providers - Entrepreneurship Programme,Central,"Livelihood, loans & self-employment",yes,Skills & Employment,https://www.myscheme.gov.in/schemes/cbsp-ep
National (all states),Kisan Vikas Patra Scheme,Central,"Insurance, accident & death help",yes,"Banking,Financial Services and Insurance",https://www.myscheme.gov.in/schemes/kvps
National (all states),Loan based Scheme for Pay and Use Community Toilets,Central,"Insurance, accident & death help",yes,"Banking,Financial Services and Insurance; Social welfare & Empowerment; Utility & Sanitation",https://www.myscheme.gov.in/schemes/lbssk-spuct
National (all states),GROUP WORKSHED SCHEME ,Central,"Food, LPG & ration",yes,Business & Entrepreneurship; Transport & Infrastructure,https://www.myscheme.gov.in/schemes/gws
National (all states),Bima Yojana - Direct Benefit to Artisan,Central,"Not for workers: sports, arts, awards",no,"Sports & Culture; Banking,Financial Services and Insurance",https://www.myscheme.gov.in/schemes/bydbta
National (all states),National Centre for Communication Security (NCCS) Research Associates Scheme,Central,"Livelihood, loans & self-employment",yes,"Skills & Employment; Science, IT & Communications",https://www.myscheme.gov.in/schemes/nccsra
Gujarat,Mukhyamantri Mahila Utkarsh Yojana,State,Other,no,Social welfare & Empowerment; Women and Child,https://www.myscheme.gov.in/schemes/mmuy
Gujarat,Scheme For Subsidy On Interest For Establishment Of 1 To 20 Milch Animal Farm,State,"Food, LPG & ration",yes,"Agriculture,Rural & Environment",https://www.myscheme.gov.in/schemes/ssieemaf
Gujarat,Subsidy Scheme On Establishment Of - 25 Kadaknath/R.I.R. Birds Unit To Scheduled Tribes,State,"Food, LPG & ration",yes,"Agriculture,Rural & Environment; Business & Entrepreneurship",https://www.myscheme.gov.in/schemes/sse25krbust
Gujarat,Incentive To Owners Of Artificial Insemination Born Female Calf Through Pure Breeding In Indigenous Cow,State,"Food, LPG & ration",yes,"Agriculture,Rural & Environment",https://www.myscheme.gov.in/schemes/ioaibfcpbic
Gujarat,Go-Green Three Wheelers Scheme (GBOCWWB),State,Workers' welfare boards & labour,yes,Social welfare & Empowerment,https://www.myscheme.gov.in/schemes/ggtwsgbocwwb
Gujarat,Full Medical Checkup Assistance Scheme- Gujarat Labour Welfare Board,State,Workers' welfare boards & labour,yes,Health & Wellness,https://www.myscheme.gov.in/schemes/sfmcas-glwb
Gujarat,Scholarship/Stipend to SC Students for ITI/Professional Courses (Swami Vivekanand Scholarship),State,Not for workers: students & education,no,Education & Learning,https://www.myscheme.gov.in/schemes/ssscsitipcsvs
Gujarat,Maternity Assistance Scheme- Gujarat Labour Welfare Board,State,Health & disability,yes,Social welfare & Empowerment; Women and Child,https://www.myscheme.gov.in/schemes/masglwb
Gujarat,Tablet Assistance to Scheduled Caste Students of 12th Standard,State,Not for workers: students & education,no,Social welfare & Empowerment; Education & Learning,https://www.myscheme.gov.in/schemes/tascs12s
Gujarat,Financial Assistance Scheme for Purchase of Agricultural Land to Scheduled Caste Farmers,State,"Insurance, accident & death help",yes,"Banking,Financial Services and Insurance; Social welfare & Empowerment",https://www.myscheme.gov.in/schemes/faspalscf
Gujarat,Loan Assistance to Scheduled Castes Students for Commercial Pilot Training,State,Not for workers: students & education,no,"Banking,Financial Services and Insurance",https://www.myscheme.gov.in/schemes/lascscpt
Gujarat,Scheme for Small Business Owners of Scheduled Castes to Buy a Place of Business/Shop,State,"Insurance, accident & death help",yes,"Banking,Financial Services and Insurance; Business & Entrepreneurship",https://www.myscheme.gov.in/schemes/ssboscbpbs
Gujarat,Cattle Shed Subsidy Scheme under Scheduled Castes Sub Plan (SC Category) ,State,"Livelihood, loans & self-employment",yes,"Agriculture,Rural & Environment",https://www.myscheme.gov.in/schemes/csssscspscc
Gujarat,Sant Surdas Scheme,State,Not for workers: honour & service pensions,no,Social welfare & Empowerment,https://www.myscheme.gov.in/schemes/sss-gujarat
Gujarat,Assistance for Power Driven Chaff Cutter Scheme under Integrated Fodder Development Scheme (General Category),State,Farmers & agriculture,yes,"Agriculture,Rural & Environment",https://www.myscheme.gov.in/schemes/apdccsifdsgc
Gujarat,Poshan Sudha,State,Health & disability,yes,Health & Wellness; Women and Child,https://www.myscheme.gov.in/schemes/psgg
Gujarat,Ganga Swarupa Punah Lagna Arthik Sahay Scheme,State,"Women, marriage & maternity",yes,Social welfare & Empowerment; Women and Child,https://www.myscheme.gov.in/schemes/gsrfas
Gujarat,Kisan Parivahan Yojana,State,"Food, LPG & ration",yes,"Agriculture,Rural & Environment",https://www.myscheme.gov.in/schemes/kpyg
Gujarat,Scheme to Provide Financial Assistance to Farmers for Purchasing Sanedo Agricultural Equipment,State,"Food, LPG & ration",yes,"Agriculture,Rural & Environment",https://www.myscheme.gov.in/schemes/spfasae
Gujarat,Scheme for Assistance on Purchase of Smartphone by the Farmers,State,"Food, LPG & ration",yes,"Agriculture,Rural & Environment",https://www.myscheme.gov.in/schemes/sapsf
Gujarat,Diesel VAT Relief Scheme for Fishermen,State,"Food, LPG & ration",yes,"Agriculture,Rural & Environment",https://www.myscheme.gov.in/schemes/dvrsf
Gujarat,Establishment of 1 to 20 Milch Animal Farm,State,"Food, LPG & ration",yes,"Agriculture,Rural & Environment",https://www.myscheme.gov.in/schemes/eotmaf
Gujarat,Intensive Castration Scheme,State,"Insurance, accident & death help",yes,"Agriculture,Rural & Environment",https://www.myscheme.gov.in/schemes/ics
Gujarat,Assistance of Concentrate Feed After Parturition (Scheduled Caste Category),State,Health & disability,yes,"Agriculture,Rural & Environment",https://www.myscheme.gov.in/schemes/acfapsc
Gujarat,Assistance of Concentrate Feed for Pregnant Animals (General Category),State,Health & disability,yes,"Agriculture,Rural & Environment",https://www.myscheme.gov.in/schemes/acfpagc
Gujarat,Educational Study Scheme,State,Not for workers: students & education,no,"Education & Learning; Banking,Financial Services and Insurance; Social welfare & Empowerment",https://www.myscheme.gov.in/schemes/essg
Gujarat,Scheme for Upgradation of Gaushala/ Panjrapole,State,Farmers & agriculture,yes,"Agriculture,Rural & Environment",https://www.myscheme.gov.in/schemes/sfugp
Gujarat,Pandit Dindayal Upadhyay Awas Yojana (Developing Caste Welfare) (EBC),State,Housing,yes,Housing & Shelter,https://www.myscheme.gov.in/schemes/pduayebc
Gujarat,Sero Positive Illness Scheme,State,Not for workers: students & education,no,Education & Learning,https://www.myscheme.gov.in/schemes/spis
Gujarat,Kailash Darshan Yatra,State,"Not for workers: sports, arts, awards",no,Sports & Culture; Travel & Tourism,https://www.myscheme.gov.in/schemes/kdy
Gujarat,Sindhu Darshan Scheme,State,"Not for workers: sports, arts, awards",no,Travel & Tourism; Sports & Culture,https://www.myscheme.gov.in/schemes/sdd
Gujarat,State Art Exhibition Competition,State,Not for workers: students & education,no,Sports & Culture,https://www.myscheme.gov.in/schemes/saec
Gujarat,Mill Gate Price Subsidy Scheme,State,"Livelihood, loans & self-employment",yes,Business & Entrepreneurship; Social welfare & Empowerment,https://www.myscheme.gov.in/schemes/mgpss
Gujarat,Handicraft Mela Participation,State,"Livelihood, loans & self-employment",yes,Business & Entrepreneurship,https://www.myscheme.gov.in/schemes/hmp
Gujarat,Retired Sportsperson Pension Scheme,State,"Not for workers: sports, arts, awards",no,Sports & Culture,https://www.myscheme.gov.in/schemes/rsps
Gujarat,Term Loan Scheme (GMFDC),State,"Insurance, accident & death help",yes,"Social welfare & Empowerment; Banking,Financial Services and Insurance",https://www.myscheme.gov.in/schemes/tlsgmfdc
Gujarat,Educational Loan Scheme (GMFDC),State,Not for workers: students & education,no,Education & Learning,https://www.myscheme.gov.in/schemes/elgmfdcl
Gujarat,Handicraft Rebate Scheme,State,"Livelihood, loans & self-employment",yes,Business & Entrepreneurship; Social welfare & Empowerment,https://www.myscheme.gov.in/schemes/hrs-g
Gujarat,Pre-Matric Scholarship for the Students of Socially and Educationally Backward Class,State,Not for workers: students & education,no,Education & Learning; Social welfare & Empowerment,https://www.myscheme.gov.in/schemes/pmsssebc
Gujarat,Mahila Samriddhi Yojana (GTKVN),State,"Livelihood, loans & self-employment",yes,Women and Child; Business & Entrepreneurship,https://www.myscheme.gov.in/schemes/msygtkdc
Gujarat,Mahila Samriddhi Yojana (for women only) GNTDNT,State,"Livelihood, loans & self-employment",yes,Business & Entrepreneurship; Women and Child,https://www.myscheme.gov.in/schemes/msygntdnt
Gujarat,Pashupalan (GBCDC),State,"Insurance, accident & death help",yes,"Agriculture,Rural & Environment; Banking,Financial Services and Insurance",https://www.myscheme.gov.in/schemes/pashupalangbcdc
Gujarat,Educational Loan Scheme (GBCDC),State,Not for workers: students & education,no,Education & Learning; Social welfare & Empowerment,https://www.myscheme.gov.in/schemes/elgbcdc
Gujarat,Foreign Study Loan,State,Not for workers: students & education,no,"Education & Learning; Banking,Financial Services and Insurance",https://www.myscheme.gov.in/schemes/fsl
Gujarat,Scholarship to SC students studying in selected schools under Talentpool Scheme,State,Not for workers: students & education,no,Education & Learning; Social welfare & Empowerment,https://www.myscheme.gov.in/schemes/sctalentpool
Gujarat,Pre-Matric Scholarship for the Students of Notified Tribes and Denotified Tribes Castes,State,Not for workers: students & education,no,Education & Learning,https://www.myscheme.gov.in/schemes/pmssntdt
Gujarat,Pradhan Mantri Matsya Sampada Yojana (PMMSY-Inland): Construction of New Grow-out Pond - Gujarat,State,"Livelihood, loans & self-employment",yes,"Agriculture,Rural & Environment",https://www.myscheme.gov.in/schemes/pmmsycngpguj
Gujarat,Scheme for Integrated Development for Horticulture (HRT-2),State,"Livelihood, loans & self-employment",yes,"Agriculture,Rural & Environment",https://www.myscheme.gov.in/schemes/sfidfh
Gujarat,"Vishesh Katan, Vankari & Vanat Sahay (Spinning & Weaving Assistance Scheme)",State,"Livelihood, loans & self-employment",yes,Business & Entrepreneurship; Social welfare & Empowerment,https://www.myscheme.gov.in/schemes/vkvvs-swas
Gujarat,Sharodotsav Pandit Nandan Mehta: Plan for Conducting Classical Music Competition and Ceremony,State,"Not for workers: sports, arts, awards",no,Sports & Culture,https://www.myscheme.gov.in/schemes/spnmcmc
Gujarat,National Mission on Edible Oil- Oil Palm: Nursery,State,"Livelihood, loans & self-employment",yes,"Agriculture,Rural & Environment",https://www.myscheme.gov.in/schemes/nmoen
Gujarat,National Mission on Edible Oil–Oil Palm: Planting Materials,State,"Livelihood, loans & self-employment",yes,"Agriculture,Rural & Environment",https://www.myscheme.gov.in/schemes/nmoeppm
Gujarat,Assistance in Trellise Mandap for Cultivation of Vegetable Crops,State,Farmers & agriculture,yes,"Agriculture,Rural & Environment",https://www.myscheme.gov.in/schemes/atmfcvc
Gujarat,Distribution of Seeds of more productions varieties/ Hybrids varieties Seeds and fertilizer at subsidies etc. to Adivasi farmers in Tribal Area: Water Carrying Pipe Line (TASP & OTASP) Gujarat,State,"Livelihood, loans & self-employment",yes,"Agriculture,Rural & Environment",https://www.myscheme.gov.in/schemes/dspvsfwcplguj
Gujarat,Distribution of Seeds of more productions varieties/ Hybrids varieties Seeds and fertilizer at subsidies etc. to Adivasi farmers in Tribal Area: Tarpaulin Gujarat,State,"Livelihood, loans & self-employment",yes,"Agriculture,Rural & Environment",https://www.myscheme.gov.in/schemes/dsmpvhvstguj
Gujarat,Distribution of Seeds of more productions varieties/ Hybrids varieties Seeds and fertilizer at subsidies etc. to Adivasi farmers in Tribal Area: Castor cake/Neem cake/ Liquid Fermented Organic Manure / Green manure seed (For mix in the soil) Gujarat,State,"Livelihood, loans & self-employment",yes,"Agriculture,Rural & Environment",https://www.myscheme.gov.in/schemes/dsmphsfcclomuk
Gujarat,Integrated Horticulture Development Program for Tribal Area Farmers (TASP) HRT-3,State,"Food, LPG & ration",yes,"Agriculture,Rural & Environment",https://www.myscheme.gov.in/schemes/ihdptaf
Gujarat,PMMSY: Three wheeler with Ice Box including e-rickshaws for fish vending - Gujarat ,State,Workers' welfare boards & labour,yes,"Agriculture,Rural & Environment",https://www.myscheme.gov.in/schemes/pmmsyfvguj
Gujarat,PMMSY: Support for Acquisition of Deep Sea Fishing Vessels for Traditional Fishermen - Gujarat ,State,"Livelihood, loans & self-employment",yes,"Agriculture,Rural & Environment",https://www.myscheme.gov.in/schemes/pmmsysadsvtguj
Gujarat,Funeral Assistance Scheme for Unorganized Workers (Except Construction Workers),State,Workers' welfare boards & labour,yes,Social welfare & Empowerment,https://www.myscheme.gov.in/schemes/fasuw-ecw
Gujarat,PMMSY: Construction of  Plant/Storage of Minimum 20 Tonne Capacity - Gujarat,State,"Livelihood, loans & self-employment",yes,"Agriculture,Rural & Environment",https://www.myscheme.gov.in/schemes/pmmsyc2guj
Gujarat,PMMSY: Construction of  Plant/Storage of Minimum 30 Tonne Capacity - Gujarat ,State,"Livelihood, loans & self-employment",yes,"Agriculture,Rural & Environment",https://www.myscheme.gov.in/schemes/pmmsycp3guj
Gujarat,PMMSY: Motorcycle with Ice Box - Gujarat,State,"Livelihood, loans & self-employment",yes,"Agriculture,Rural & Environment",https://www.myscheme.gov.in/schemes/pmmsyiceboxguj
Gujarat,Vidhya Sadhana Yojana Gujarat,State,Not for workers: students & education,no,Education & Learning,https://www.myscheme.gov.in/schemes/vsyg
Gujarat,Sri Ram Janmabhoomi Shabari Smriti Yatra Sahay Scheme,State,Other,no,Travel & Tourism,https://www.myscheme.gov.in/schemes/srjssyss
Gujarat,Higher Education Assistance Scheme,State,Not for workers: students & education,no,Social welfare & Empowerment; Education & Learning,https://www.myscheme.gov.in/schemes/heas
Gujarat,6% Interest Subsidy on Loans taken through Banks for Study Abroad,State,Not for workers: students & education,no,"Education & Learning; Banking,Financial Services and Insurance",https://www.myscheme.gov.in/schemes/6islbsa
Gujarat,Ashramshalas (Grant in Aid),State,Not for workers: students & education,no,Education & Learning; Social welfare & Empowerment,https://www.myscheme.gov.in/schemes/agia
Gujarat,To Increase Fish Seed Production and Inland Fisheries Resources in Tribal Areas: Training Kit - Gujarat,State,"Livelihood, loans & self-employment",yes,"Agriculture,Rural & Environment",https://www.myscheme.gov.in/schemes/ifpiftrainingkitguj
Gujarat,A Program to Provide 90 Percent Assistance in Planting Material of Horticultural Fruit Crops,State,Farmers & agriculture,yes,"Agriculture,Rural & Environment",https://www.myscheme.gov.in/schemes/ptpapmh
Gujarat,Scheme for the Award of Scholarship for Post Graduate Students of Various Faculties of Junagadh Agricultural University,State,Not for workers: students & education,no,Education & Learning,https://www.myscheme.gov.in/schemes/sapgjau
Gujarat,Assistance for Planting Vegetable Crops for Raw and Ripe Mandap,State,Farmers & agriculture,yes,"Agriculture,Rural & Environment",https://www.myscheme.gov.in/schemes/apvcrrm
Gujarat,Passenger Auto Rickshaw Loan Scheme (DAADC),State,Workers' welfare boards & labour,yes,"Banking,Financial Services and Insurance",https://www.myscheme.gov.in/schemes/parls
Gujarat,Loan for Training of Commercial Pilot (GUEEDC),State,Not for workers: students & education,no,"Education & Learning; Banking,Financial Services and Insurance",https://www.myscheme.gov.in/schemes/ltcpg
Gujarat,Saraswati Sadhana Yojana to Economically Backward Class Girls studying in Class 9,State,Not for workers: students & education,no,Education & Learning,https://www.myscheme.gov.in/schemes/ssyebc
Gujarat,Pandit Dindayal Upadhyay Awas Yojana-Developing Caste Welfare,State,Housing,yes,Housing & Shelter,https://www.myscheme.gov.in/schemes/pduaydcw
Gujarat,Swayam Saksham Yojana (GBCDC),State,"Insurance, accident & death help",yes,"Business & Entrepreneurship; Banking,Financial Services and Insurance",https://www.myscheme.gov.in/schemes/sssgbcdc
Gujarat,Tuition Sahay Yojana (Unreserved Category),State,Not for workers: students & education,no,Education & Learning; Social welfare & Empowerment,https://www.myscheme.gov.in/schemes/tsyuc
Gujarat,Uniform Assistance for Socially and Educationally Backward Class Students Studying Standard 1st to 8th,State,Not for workers: students & education,no,Education & Learning; Social welfare & Empowerment,https://www.myscheme.gov.in/schemes/uasebcote
Gujarat,Scholarship for Self Finance Colleges Students of NT/DNT,State,Not for workers: students & education,no,Education & Learning,https://www.myscheme.gov.in/schemes/sfsfcs
Gujarat,Stipends to Students of Economically Backward Class for Technical and Vocational Courses after SSC,State,Not for workers: students & education,no,Education & Learning,https://www.myscheme.gov.in/schemes/ssebctv
Gujarat,Micro Finance Scheme for Self Help Groups (GTKVN),State,"Insurance, accident & death help",yes,"Women and Child; Business & Entrepreneurship; Banking,Financial Services and Insurance",https://www.myscheme.gov.in/schemes/mfsfshg
Gujarat,"Coaching Assistance for Pre-preparation for Competitive Exams of ALL INDIA level like IIM, CEPT, NIFT, NLU and IELTS, TOFEL, GRE for going Foreign",State,Not for workers: students & education,no,Education & Learning,https://www.myscheme.gov.in/schemes/capceailf
Gujarat,Term Loan Scheme (GSKVN),State,"Insurance, accident & death help",yes,"Banking,Financial Services and Insurance; Business & Entrepreneurship; Skills & Employment",https://www.myscheme.gov.in/schemes/dcs-tl
Gujarat,Loan for Small Businesses (DAADC),State,"Insurance, accident & death help",yes,"Banking,Financial Services and Insurance; Business & Entrepreneurship",https://www.myscheme.gov.in/schemes/sbsdaadc
Gujarat,Mahila Samruddhi Yojana (DAADC),State,"Insurance, accident & death help",yes,"Banking,Financial Services and Insurance; Business & Entrepreneurship; Women and Child",https://www.myscheme.gov.in/schemes/msydaadc
Gujarat,Mamasaheb Phadke Management of Govt Adarsh ​​Residential Schools (SC) Scheme,State,Not for workers: students & education,no,Education & Learning; Housing & Shelter,https://www.myscheme.gov.in/schemes/mpmgarssc
Gujarat,Interest Subsidy Scheme on Education Loan,State,Not for workers: students & education,no,Education & Learning,https://www.myscheme.gov.in/schemes/issoel
Gujarat,Loan For Foreign Study (S.E.B.C.),State,Not for workers: students & education,no,"Banking,Financial Services and Insurance; Education & Learning",https://www.myscheme.gov.in/schemes/lfs-sebc
Gujarat,Financial Loan for Training of Commercial Pilot,State,Not for workers: students & education,no,"Banking,Financial Services and Insurance; Skills & Employment",https://www.myscheme.gov.in/schemes/flftcp
Gujarat,Satfera Samuhlagna (DCW) Scheme,State,"Women, marriage & maternity",yes,Social welfare & Empowerment,https://www.myscheme.gov.in/schemes/ssdcws
Gujarat,Financial Assistance to Helpless Artists,State,"Not for workers: sports, arts, awards",no,Sports & Culture; Social welfare & Empowerment,https://www.myscheme.gov.in/schemes/fatha
Gujarat,Assistance to Women for Trainer and Coaches Training Course,State,"Not for workers: sports, arts, awards",no,Sports & Culture,https://www.myscheme.gov.in/schemes/atwtctc
Gujarat,Scheme of Financial Assistance to Literary/Educational Institutions for Organizing Programs/Conferences,State,"Not for workers: sports, arts, awards",no,Sports & Culture,https://www.myscheme.gov.in/schemes/sfaleopc
Gujarat,Personality Development and Yogasan Training Camp for Schedule Caste,State,"Not for workers: sports, arts, awards",no,Sports & Culture,https://www.myscheme.gov.in/schemes/pdytcsc
Gujarat,Halpati Housing Scheme,State,Housing,yes,Housing & Shelter,https://www.myscheme.gov.in/schemes/hhs
Gujarat,Scheme For Grant Of Rewards To The Children Of Salt Labourers,Central,Not for workers: students & education,no,Social welfare & Empowerment; Education & Learning,https://www.myscheme.gov.in/schemes/sgrcsl
Gujarat,Krushi Mahotsav,State,"Livelihood, loans & self-employment",yes,"Agriculture,Rural & Environment; Education & Learning",https://www.myscheme.gov.in/schemes/km
Gujarat,Atal Sneh Yojana,State,Health & disability,yes,Health & Wellness,https://www.myscheme.gov.in/schemes/asyg
Gujarat,Sardar Patel Awas Yojana,State,Housing,yes,Housing & Shelter,https://www.myscheme.gov.in/schemes/spay
Gujarat,Mukhyamantri Kisan Sahay Yojana,State,"Food, LPG & ration",yes,"Agriculture,Rural & Environment",https://www.myscheme.gov.in/schemes/mksy
Gujarat,Subsidy Scheme For Establishment Of Goat Unit (10+1) For Scheduled Tribe Women,State,"Food, LPG & ration",yes,"Agriculture,Rural & Environment; Business & Entrepreneurship; Women and Child",https://www.myscheme.gov.in/schemes/ssegu10stw
Gujarat,Subsidy Scheme On Establishment Of 40 R.I.R. Birds Unit For Divyang People,State,Health & disability,yes,"Agriculture,Rural & Environment; Business & Entrepreneurship",https://www.myscheme.gov.in/schemes/sse40rbudp
Gujarat,Stipend Scheme For Poultry Farming Training For Weaker Section,State,Not for workers: students & education,no,"Agriculture,Rural & Environment; Skills & Employment",https://www.myscheme.gov.in/schemes/sspftws
Gujarat,Scheme For Subsidy On Interest For Establishment Of 1 To 20 Milch Animal Farm For Scheduled Caste,State,"Food, LPG & ration",yes,"Agriculture,Rural & Environment",https://www.myscheme.gov.in/schemes/ssiemafsc
Gujarat,Total Health Check-up Scheme (GBOCWWB),State,Workers' welfare boards & labour,yes,Health & Wellness,https://www.myscheme.gov.in/schemes/thcsgbocwwb
Gujarat,Hostel Assistance Scheme for Children of Migrant Construction Workers (GBOCWWB),State,Not for workers: students & education,no,Housing & Shelter; Social welfare & Empowerment,https://www.myscheme.gov.in/schemes/hascmcwgbocwwb
Gujarat,Shramik Basera Yojana (GBOCWWB),State,Workers' welfare boards & labour,yes,Housing & Shelter,https://www.myscheme.gov.in/schemes/sbygbocwwb
Gujarat,Housing Subsidy Scheme (GBOCWWB),State,Workers' welfare boards & labour,yes,Housing & Shelter,https://www.myscheme.gov.in/schemes/hssgbocwwb
Gujarat,Award to Scheduled Castes Students Who Secured Top Ranks at State and District Level in Standard X & XII (Sahuji Maharaj Assistance),State,Not for workers: students & education,no,Education & Learning,https://www.myscheme.gov.in/schemes/ascswstrsdlsxxiisma
Gujarat,"Coaching Assistance to Scheduled Castes Students for Preparation of Examination Like IIM, NIFT, NLU, CEPT",State,Not for workers: students & education,no,Education & Learning,https://www.myscheme.gov.in/schemes/cascspeinnc
Gujarat,Dr. P. G. Solanki Scheme for Loan/Assistance to Law Graduates of Scheduled Caste,State,"Insurance, accident & death help",yes,"Banking,Financial Services and Insurance",https://www.myscheme.gov.in/schemes/dpgsslalgsc
Gujarat,Coaching Assistance Scheme for Preparation of Recruitment Exams for Scheduled Caste Students,State,Not for workers: students & education,no,Education & Learning,https://www.myscheme.gov.in/schemes/casprescs
Gujarat,Assistance for Power Driven Chaff Cutter Scheme under Scheduled Castes Sub Plan (SC Category),State,"Livelihood, loans & self-employment",yes,"Agriculture,Rural & Environment",https://www.myscheme.gov.in/schemes/apdccsscspscc
Gujarat,Kisan Suryoday Yojana (KSY),State,Farmers & agriculture,yes,"Utility & Sanitation; Agriculture,Rural & Environment",https://www.myscheme.gov.in/schemes/ksyg
Gujarat,Doodh Sanjivani Scheme,State,Health & disability,yes,Health & Wellness; Social welfare & Empowerment,https://www.myscheme.gov.in/schemes/dssg
Gujarat,"Aatmanirbhar Gujarat Scheme for assistance to MSMEs: Net SGST reimbursement to Micro, Small and Medium Manufacturing Enterprise (MSMEs):",State,Other,no,Business & Entrepreneurship,https://www.myscheme.gov.in/schemes/agmsmecsgst
Gujarat,Wire Fencing Around the Farm for Crop Protection,State,"Food, LPG & ration",yes,"Agriculture,Rural & Environment",https://www.myscheme.gov.in/schemes/wfafcp
Gujarat,Assistance to Farmers to Purchase Heavy Farm Equipment (Tractor),State,"Food, LPG & ration",yes,"Agriculture,Rural & Environment",https://www.myscheme.gov.in/schemes/afphfe
Gujarat,Coconut Development Scheme,State,"Food, LPG & ration",yes,"Agriculture,Rural & Environment",https://www.myscheme.gov.in/schemes/cdsg
Gujarat,Foreign Education Scheme,State,Not for workers: students & education,no,Education & Learning; Social welfare & Empowerment,https://www.myscheme.gov.in/schemes/fesg
Gujarat,Incentive to Owners of A.I. Born Female Calf through Pure Breeding in Indigenous Cow Across the State,State,Farmers & agriculture,yes,"Agriculture,Rural & Environment",https://www.myscheme.gov.in/schemes/iaifcpb
Gujarat,Compensation in Animal Death,State,"Food, LPG & ration",yes,"Agriculture,Rural & Environment; Banking,Financial Services and Insurance",https://www.myscheme.gov.in/schemes/ciad
Gujarat,Supply of Fodder Minikit,State,"Food, LPG & ration",yes,"Agriculture,Rural & Environment",https://www.myscheme.gov.in/schemes/sofmg
Gujarat,"Assistance for Cattleshed, Gaman, Water Tank and Bucket",State,Housing,yes,"Agriculture,Rural & Environment",https://www.myscheme.gov.in/schemes/afcgwtb
Gujarat,Subsidy Scheme on Establishment of 25 R.I.R./Kadaknath & 1000 Broiler Bird’s Unit and Stipend for Poultry Farming Training for Scheduled Tribes People of the State,State,Not for workers: students & education,no,"Agriculture,Rural & Environment",https://www.myscheme.gov.in/schemes/sskpf
Gujarat,Assistance of Concentrate Feed After Parturition (Scheduled Tribe Category),State,Health & disability,yes,"Agriculture,Rural & Environment",https://www.myscheme.gov.in/schemes/acfapst
Gujarat,Assistance of Concentrate Feed for Pregnant Animals (Scheduled Caste Category),State,Health & disability,yes,"Agriculture,Rural & Environment",https://www.myscheme.gov.in/schemes/acfpasc
Gujarat,COP-34 Financial Assistance to Farmer for Interest Subvention (Kishan Credit Card Interest Asst.),State,"Livelihood, loans & self-employment",yes,"Agriculture,Rural & Environment",https://www.myscheme.gov.in/schemes/fafiskc
Gujarat,To Provide Interest Subvention to Animal Husbandry of the State at the Rate of 4% to the Beneficiaries Kisan Credit Card,State,"Livelihood, loans & self-employment",yes,"Agriculture,Rural & Environment",https://www.myscheme.gov.in/schemes/tpahkcc
Gujarat,Art Exhibition Assistance in the State,State,"Not for workers: sports, arts, awards",no,Sports & Culture,https://www.myscheme.gov.in/schemes/aeaits
Gujarat,Small Business (GBCDC),State,"Livelihood, loans & self-employment",yes,Business & Entrepreneurship,https://www.myscheme.gov.in/schemes/mfsgbcdc
Gujarat,Mahila Samruddhi (Gujarat Backward Caste Development Corporation),State,"Food, LPG & ration",yes,Social welfare & Empowerment; Business & Entrepreneurship,https://www.myscheme.gov.in/schemes/msgbcdc
Gujarat,Transportation Scheme (Gujarat Gopalak Vikas Nigam),State,Workers' welfare boards & labour,yes,Transport & Infrastructure,https://www.myscheme.gov.in/schemes/tsggvn
Gujarat,Mahila Samruddhi Yojana (GSKVN),State,"Livelihood, loans & self-employment",yes,Business & Entrepreneurship; Women and Child,https://www.myscheme.gov.in/schemes/msygskvn
Gujarat,Late Jaswantsinhji Thakor and Late Rasiklal Andhariya Classical Music Scholarship,State,Not for workers: students & education,no,Sports & Culture,https://www.myscheme.gov.in/schemes/ljtlracms
Gujarat,Khel Pratibha Puraskar,State,"Not for workers: sports, arts, awards",no,Sports & Culture,https://www.myscheme.gov.in/schemes/kppg
Gujarat,New Swarnim Yojana (for women only) GNTDNT,State,"Livelihood, loans & self-employment",yes,Business & Entrepreneurship; Women and Child,https://www.myscheme.gov.in/schemes/nsywgntdnt
Gujarat,Free Medical Assistance (Gujarat),State,Health & disability,yes,Health & Wellness,https://www.myscheme.gov.in/schemes/fmaguj
Gujarat,Gujarat Pre-Matric Scholarship Scheme for Standard 1st to 10th,State,Not for workers: students & education,no,Education & Learning,https://www.myscheme.gov.in/schemes/premsssguj
Gujarat,Artist Honor (Gaurav Award),State,"Not for workers: sports, arts, awards",no,Sports & Culture,https://www.myscheme.gov.in/schemes/asgp
Gujarat,Scheme to Provide Stipend to the Persons With Disabilities of the State for Poultry Training,State,Not for workers: students & education,no,"Agriculture,Rural & Environment",https://www.myscheme.gov.in/schemes/spspwdpf
Gujarat,Scholarships and Stipends,State,Not for workers: students & education,no,Sports & Culture,https://www.myscheme.gov.in/schemes/sasgj
Gujarat,"Scheme of Awarding Eklavya Award, Sardar Patel Award and Jaidipsinhji Awardj",State,"Not for workers: sports, arts, awards",no,Sports & Culture,https://www.myscheme.gov.in/schemes/saeaspjag
Gujarat,Pradhan Mantri Matsya Sampada Yojana (PMMSY-Inland): Establishment of Small RAS Culture System Gujarat,State,"Livelihood, loans & self-employment",yes,"Agriculture,Rural & Environment",https://www.myscheme.gov.in/schemes/pmmsyesrguj
Gujarat,Pradhan Mantri Matsya Sampada Yojana (PMMSY-Inland): Establishment of New Fresh Water Fin Fish Hatchery - Gujarat,State,"Livelihood, loans & self-employment",yes,"Agriculture,Rural & Environment",https://www.myscheme.gov.in/schemes/pmmsyenfwhguj
Gujarat,Taluka Level Personality Development and Yogasan Training Camp for Scheduled Caste,State,"Not for workers: sports, arts, awards",no,Sports & Culture,https://www.myscheme.gov.in/schemes/tlpdytc
Gujarat,State Mountaineering Reward Scheme,State,"Not for workers: sports, arts, awards",no,Sports & Culture,https://www.myscheme.gov.in/schemes/smrsguj
Gujarat,Scheme to Increase Seed Replacement Rate (SRR),State,"Food, LPG & ration",yes,"Agriculture,Rural & Environment",https://www.myscheme.gov.in/schemes/stisrr
Gujarat,Promotion of Organic Farming under State Organic Policy,State,"Food, LPG & ration",yes,"Agriculture,Rural & Environment",https://www.myscheme.gov.in/schemes/pofusop
Gujarat,Assistance to Farmers for Mini Tractor and Power Tiller in Farm Mechanization Program,State,"Livelihood, loans & self-employment",yes,"Agriculture,Rural & Environment",https://www.myscheme.gov.in/schemes/afmtptfm
Gujarat,Tool Assistance Scheme for Pottery Artisans,State,"Livelihood, loans & self-employment",yes,Business & Entrepreneurship,https://www.myscheme.gov.in/schemes/taspa
Gujarat,Assistance to Scheduled Castes for Fisheries: Training of Scheduled Caste trainees Gujarat,State,"Livelihood, loans & self-employment",yes,"Agriculture,Rural & Environment",https://www.myscheme.gov.in/schemes/ascftsctguj
Gujarat,National Mission on Edible Oil–Oil Palm: Maintenance and Input Cost for Intercropping in Oilpalm,State,"Livelihood, loans & self-employment",yes,"Agriculture,Rural & Environment",https://www.myscheme.gov.in/schemes/nmoepmicio
Gujarat,SAKSHAM - KVK 2.0,State,"Livelihood, loans & self-employment",yes,Skills & Employment,https://www.myscheme.gov.in/schemes/skvk2
Gujarat,Mukhyamantri Nidan Yojana,State,Health & disability,yes,Health & Wellness,https://www.myscheme.gov.in/schemes/mny-g
Gujarat,Vahan Aksmat Sahay Scheme,State,"Insurance, accident & death help",yes,Health & Wellness,https://www.myscheme.gov.in/schemes/vass
Gujarat,PMMSY: Establishment of open Sea cages (100-120)m3 vol. - Gujarat ,State,"Livelihood, loans & self-employment",yes,"Agriculture,Rural & Environment",https://www.myscheme.gov.in/schemes/pmmsyeoscguj
Gujarat,PMMSY : Modernization of Cold storage /Ice Plant - Gujarat ,State,"Livelihood, loans & self-employment",yes,"Agriculture,Rural & Environment",https://www.myscheme.gov.in/schemes/pmmsymcsipguj
Gujarat,Chief Minister Scholarship Scheme,State,Not for workers: students & education,no,Education & Learning,https://www.myscheme.gov.in/schemes/cmssg
Gujarat,Namo Saraswati Vignan Sadhana Yojana,State,Not for workers: students & education,no,Education & Learning,https://www.myscheme.gov.in/schemes/nsvsy
Gujarat,PMMSY:  Establishment of Bio-toilets in mechanised fishing vessels - Gujarat,State,"Livelihood, loans & self-employment",yes,"Agriculture,Rural & Environment",https://www.myscheme.gov.in/schemes/pmmsyebtmfvguj
Gujarat,Swami Vivekanand Scholarship for Technical Diploma in Professional Courses,State,Not for workers: students & education,no,Education & Learning,https://www.myscheme.gov.in/schemes/svstdpc
Gujarat,Educational Travel Promotion Scheme,State,Not for workers: students & education,no,Education & Learning,https://www.myscheme.gov.in/schemes/etps
Gujarat,Vidhyadeep Yojana,State,Not for workers: students & education,no,"Banking,Financial Services and Insurance",https://www.myscheme.gov.in/schemes/vy
Gujarat,"S.T. Bus Pass Fee Concession Scheme For Government/ Non Government Primary, Secondary & Higher Secondary and Higher Technical Education Students",State,Not for workers: students & education,no,Travel & Tourism; Education & Learning,https://www.myscheme.gov.in/schemes/stbpfcsgngpshshtes
Gujarat,To Increase Fish Seed Production and Inland Fisheries Resources in Tribal Areas: Fish Cage Culture - Gujarat,State,"Livelihood, loans & self-employment",yes,"Agriculture,Rural & Environment",https://www.myscheme.gov.in/schemes/ifspiftfcguj
Gujarat,To Increase Fish Seed Production and Inland Fisheries Resources in Tribal Areas: Fish Seed Rearing by Women - Gujarat,State,"Livelihood, loans & self-employment",yes,"Agriculture,Rural & Environment; Women and Child",https://www.myscheme.gov.in/schemes/pfspfsrwguj
Gujarat,Assistance to OBM Boat Owner Fishermen on Purchase of Kerosene/Petrol,State,"Livelihood, loans & self-employment",yes,"Agriculture,Rural & Environment",https://www.myscheme.gov.in/schemes/aobofpk
Gujarat,Providing Latest Technology to Group of Pottery Artisans (Energy Efficient Kiln),State,Health & disability,yes,Business & Entrepreneurship,https://www.myscheme.gov.in/schemes/pltgpa-eek
Gujarat,Handloom Rebate Scheme,State,"Livelihood, loans & self-employment",yes,Business & Entrepreneurship; Social welfare & Empowerment,https://www.myscheme.gov.in/schemes/hrs-g2
Gujarat,Construction of Water Storage Tanks for Drip Irrigation,State,Farmers & agriculture,yes,"Agriculture,Rural & Environment",https://www.myscheme.gov.in/schemes/cwsdi
Gujarat,Assistance to Farmers in Purchasing Nano Fertilizers Under the Agricultural Assistance Program for Farmers Other than Scheduled Castes and Scheduled Tribes,State,Farmers & agriculture,yes,"Agriculture,Rural & Environment",https://www.myscheme.gov.in/schemes/apnfuscst
Gujarat,Scholarship for Ph.D. Students of Socially and Educationally Backward Classes,State,Not for workers: students & education,no,Education & Learning,https://www.myscheme.gov.in/schemes/sapssebc
Gujarat,Swayam Saksham Yojana (GTKVN),State,"Insurance, accident & death help",yes,"Banking,Financial Services and Insurance; Business & Entrepreneurship",https://www.myscheme.gov.in/schemes/sssgtkdc
Gujarat,Uniform Assistance for Economically Backward Class Students Studying in Class 1st to 8th,State,Not for workers: students & education,no,Education & Learning; Social welfare & Empowerment,https://www.myscheme.gov.in/schemes/uaebcsoe
Gujarat,Saraswati Sadhana Yojana to Socially and Educationally Backward Girls studying in Class 9th,State,Not for workers: students & education,no,Education & Learning,https://www.myscheme.gov.in/schemes/ssyseb
Gujarat,Microcredit Finance Scheme- Self Help Groups (DAADC),State,"Insurance, accident & death help",yes,"Business & Entrepreneurship; Banking,Financial Services and Insurance",https://www.myscheme.gov.in/schemes/mfs-shg
Gujarat,Scheduled Caste Sub Plan (SCSP): Electrification of Wells of Scheduled Caste Farmers,State,Farmers & agriculture,yes,"Agriculture,Rural & Environment; Utility & Sanitation",https://www.myscheme.gov.in/schemes/scsp-ewscf
Gujarat,Loan For Foreign Study (E.B.C.) ,State,Not for workers: students & education,no,"Banking,Financial Services and Insurance; Education & Learning; Social welfare & Empowerment",https://www.myscheme.gov.in/schemes/lfs-ebc
Gujarat,Scholarship Scheme for Students Studying in Government Colleges ,State,Not for workers: students & education,no,Education & Learning,https://www.myscheme.gov.in/schemes/ssssgc
Gujarat,Best Book Award,State,"Not for workers: sports, arts, awards",no,Sports & Culture,https://www.myscheme.gov.in/schemes/bba
Gujarat,Bankable Scheme,State,"Insurance, accident & death help",yes,"Business & Entrepreneurship; Banking,Financial Services and Insurance",https://www.myscheme.gov.in/schemes/bsg
Gujarat,Scheme for Providing Incentives to Coaches of Athletes who have Won Competitions at the National and International Levels,State,"Not for workers: sports, arts, awards",no,Sports & Culture,https://www.myscheme.gov.in/schemes/tspicacnil
Gujarat,Pandit Omkarnath Music Competition,State,Not for workers: students & education,no,Sports & Culture,https://www.myscheme.gov.in/schemes/pomc
Gujarat,100% Penalty Mafi Yojana,State,Housing,yes,Housing & Shelter; Utility & Sanitation,https://www.myscheme.gov.in/schemes/1pmy
Gujarat,A Scheme to Provide Free Tablets to Std.12th Pass Students,State,Not for workers: students & education,no,Education & Learning,https://www.myscheme.gov.in/schemes/aspfts12ps
Gujarat,IELTS & TOEFL Training Assistance,State,Not for workers: students & education,no,Education & Learning,https://www.myscheme.gov.in/schemes/itta
Gujarat,Bhagwan Budhdh Scholarship,State,Not for workers: students & education,no,Social welfare & Empowerment; Women and Child,https://www.myscheme.gov.in/schemes/bbs
Gujarat,AGR 2 (Farm Mechanization) Scheme Of Farmers Other Than SC/ST,State,"Food, LPG & ration",yes,"Agriculture,Rural & Environment",https://www.myscheme.gov.in/schemes/agr2fmsfotscst
Gujarat,Subsidy Scheme For Establishment Of Goat Unit (10+1) For Scheduled Caste People,State,"Food, LPG & ration",yes,"Agriculture,Rural & Environment; Business & Entrepreneurship",https://www.myscheme.gov.in/schemes/sseg10scp
Gujarat,Stipend Scheme For Scheduled Tribes - Poultry Training Stipend,State,Not for workers: students & education,no,"Agriculture,Rural & Environment; Skills & Employment",https://www.myscheme.gov.in/schemes/ssst-pts
Gujarat,Assistance Scheme for Occupational Diseases (GBOCWWB),State,Workers' welfare boards & labour,yes,Social welfare & Empowerment; Health & Wellness,https://www.myscheme.gov.in/schemes/asodgbocwwb
Gujarat,Mukhyamantri Bhagyalaxmi Bond Scheme (GBOCWWB),State,Workers' welfare boards & labour,yes,Social welfare & Empowerment; Women and Child,https://www.myscheme.gov.in/schemes/mbbsgbocwwb
Gujarat,Laptop Purchase Assistance Scheme- Gujarat Labour Welfare Board,State,Not for workers: students & education,no,Social welfare & Empowerment,https://www.myscheme.gov.in/schemes/lpas-glwb
Gujarat,Shramyogi Cycle Subsidy Scheme- Gujarat Labour Welfare Board,State,Workers' welfare boards & labour,yes,Social welfare & Empowerment,https://www.myscheme.gov.in/schemes/scss-glwb
Gujarat,Fellowship Scheme for M.Phil & Ph.D for Scheduled Caste Students (Maharaja Sayajirao Gayakvad Scholarship),State,Not for workers: students & education,no,Education & Learning,https://www.myscheme.gov.in/schemes/fsmpscsmsgs
Gujarat,Dr. P. G. Solanki Scheme for Loan/Assistance to Medical Graduate Doctors of Scheduled Caste,State,"Insurance, accident & death help",yes,"Banking,Financial Services and Insurance",https://www.myscheme.gov.in/schemes/dpgsslamgsc
Gujarat,Private Tuition Assistance to Scheduled Caste Students Studying in Standard 11th & 12th (General Stream),State,Not for workers: students & education,no,Education & Learning,https://www.myscheme.gov.in/schemes/ptascsss1112gs
Gujarat,Fodder Minikits under Schedule Castes Sub Plan (SC Category),State,"Food, LPG & ration",yes,"Agriculture,Rural & Environment",https://www.myscheme.gov.in/schemes/fmscspscc
Gujarat,Prosthetic Aid and Appliances for Person with Disabilities,State,Health & disability,yes,Social welfare & Empowerment,https://www.myscheme.gov.in/schemes/paapwd
Gujarat,Free Travel in S.T Bus to the Disabled Persons,State,Health & disability,yes,Travel & Tourism; Social welfare & Empowerment,https://www.myscheme.gov.in/schemes/ftstbdp
Gujarat,Assistance for Power Driven Chaff Cutter Scheme under Tribal Area Sub Plan (TASP- ST Category),State,"Livelihood, loans & self-employment",yes,"Agriculture,Rural & Environment",https://www.myscheme.gov.in/schemes/apdccstaspstc
Gujarat,Mukhyamantri Matrushakti Yojana,State,Health & disability,yes,Social welfare & Empowerment; Health & Wellness,https://www.myscheme.gov.in/schemes/mmyg
Gujarat,Food Bill Assistance,State,Not for workers: students & education,no,Education & Learning; Social welfare & Empowerment,https://www.myscheme.gov.in/schemes/fbs
Gujarat,Interest Help Scheme For Graduate Doctor-Lawyer-Technical Graduate,State,Not for workers: students & education,no,Education & Learning; Social welfare & Empowerment,https://www.myscheme.gov.in/schemes/ihsfg
Gujarat,Subsidy Scheme on Establishment of 25 R.I.R. Bird’s unit 40 R.I.R. Bird’s Unit and Stipend for Poultry Farming Training,State,Not for workers: students & education,no,"Agriculture,Rural & Environment",https://www.myscheme.gov.in/schemes/ssebbup
Gujarat,Providing Navigational Aids and Other Infrastructure Facilities,State,"Food, LPG & ration",yes,"Agriculture,Rural & Environment",https://www.myscheme.gov.in/schemes/pnaoif
Gujarat,Establishment of 50 Milch Animals Dairy Unit,State,"Food, LPG & ration",yes,"Agriculture,Rural & Environment",https://www.myscheme.gov.in/schemes/emadu
Gujarat,Scheme to Provide Financial Assistance to Purchase Solar Power Unit/Kit for Solar Fencing around the Farm,State,"Food, LPG & ration",yes,"Agriculture,Rural & Environment",https://www.myscheme.gov.in/schemes/spatsp
Gujarat,Use of Advanced Drone Technology (Agriculture Aircraft) in Agriculture Sector,State,"Food, LPG & ration",yes,"Agriculture,Rural & Environment",https://www.myscheme.gov.in/schemes/uadtas
Gujarat,Development of Brackish Water Aquaculture,State,"Food, LPG & ration",yes,"Agriculture,Rural & Environment",https://www.myscheme.gov.in/schemes/dbwa
Gujarat,Assistance of Concentrate Feed for Pregnant Animals (Scheduled Tribe Category),State,Health & disability,yes,"Agriculture,Rural & Environment",https://www.myscheme.gov.in/schemes/acfpast
Gujarat,Uniform Assistance for Other Backward Classes (Minority) Students Studying in Standard 1st to 8th,State,Not for workers: students & education,no,Education & Learning; Social welfare & Empowerment,https://www.myscheme.gov.in/schemes/uaobcmoe
Gujarat,Stipends to Students of NT/DNT Caste for Technical and Vocational Courses after SSC,State,Not for workers: students & education,no,Education & Learning,https://www.myscheme.gov.in/schemes/ssntdnttv
Gujarat,Award of Fellowship to Most Eminent Artist,State,Not for workers: students & education,no,Sports & Culture,https://www.myscheme.gov.in/schemes/aoftmea
Gujarat,Publication Support Scheme for Fine Arts,State,"Not for workers: sports, arts, awards",no,Sports & Culture,https://www.myscheme.gov.in/schemes/pssffa
Gujarat,Ambubhai Purani Award,State,"Not for workers: sports, arts, awards",no,Sports & Culture,https://www.myscheme.gov.in/schemes/apyg
Gujarat,Manav Kalyan Yojana,State,"Livelihood, loans & self-employment",yes,Business & Entrepreneurship; Social welfare & Empowerment,https://www.myscheme.gov.in/schemes/mky-gujarat
Gujarat,Small Scale Lending Scheme (Microfinance),State,"Insurance, accident & death help",yes,"Social welfare & Empowerment; Banking,Financial Services and Insurance",https://www.myscheme.gov.in/schemes/ssls-m
Gujarat,Pandit Omkarnath Classical Music Festival and Awards,State,"Not for workers: sports, arts, awards",no,Sports & Culture,https://www.myscheme.gov.in/schemes/pocmfa
Gujarat,Girnar Arohan-Avrohan Competition,State,"Not for workers: sports, arts, awards",no,Sports & Culture,https://www.myscheme.gov.in/schemes/gaac
Gujarat,International Financial Assistance,State,"Not for workers: sports, arts, awards",no,Sports & Culture,https://www.myscheme.gov.in/schemes/ifag
Gujarat,Trekking in Coastal Area for Scheduled Caste,State,"Not for workers: sports, arts, awards",no,Sports & Culture,https://www.myscheme.gov.in/schemes/tcasc
Gujarat,Pradhan Mantri Matsya Sampada Yojana (PMMSY-Inland): Small Biofloc Establishment Gujarat,State,"Livelihood, loans & self-employment",yes,"Agriculture,Rural & Environment",https://www.myscheme.gov.in/schemes/pmmsysbeguj
Gujarat,National Mission for Sustainable Agriculture - Reinforced Area Development,State,Health & disability,yes,"Agriculture,Rural & Environment",https://www.myscheme.gov.in/schemes/nmsa-radg
Gujarat,Scheme for Fruit and Vegetable Preservation and Training Program in Horticulture Department HRT 5,State,Not for workers: students & education,no,"Agriculture,Rural & Environment; Skills & Employment",https://www.myscheme.gov.in/schemes/sfvptphdf
Gujarat,Dattopant Thengadi Artisan Interest Subsidy Scheme,State,Other,no,Business & Entrepreneurship,https://www.myscheme.gov.in/schemes/dtaiss
Gujarat,Assistance for Protected Cultivation,State,Housing,yes,"Agriculture,Rural & Environment",https://www.myscheme.gov.in/schemes/afpc
Gujarat,Distribution of Seeds of more productions varieties/ Hybrids varieties Seeds and fertilizer at subsidies etc. to Adivasi farmers in Tribal Area: Agricultural Fair/Exhibition/Farmer Camp Gujarat ,State,"Livelihood, loans & self-employment",yes,"Agriculture,Rural & Environment",https://www.myscheme.gov.in/schemes/dspvhfafefcguj
Gujarat,National Mission on Edible Oil- Oil Palm: Replanting of Old Oil Palm Garden,State,"Livelihood, loans & self-employment",yes,"Agriculture,Rural & Environment",https://www.myscheme.gov.in/schemes/nmoerop
Gujarat,Distribution of Seeds of more productions varieties/ Hybrids varieties Seeds and fertilizer at subsidies etc. to Adivasi farmers in Tribal Area: Pump Set (TASP & OTASP) Gujarat,State,"Livelihood, loans & self-employment",yes,"Agriculture,Rural & Environment",https://www.myscheme.gov.in/schemes/dsmpvhvfpsguj
Gujarat,Distribution of Seeds of more productions varieties/ Hybrids varieties Seeds and fertilizer at subsidies etc. to Adivasi farmers in Tribal Area: Power Operated Plant Protection Equipment Gujarat,State,"Livelihood, loans & self-employment",yes,"Agriculture,Rural & Environment",https://www.myscheme.gov.in/schemes/dsmpvhfpopeguj
Gujarat,National Mission on Edible Oil- Oil Palm: Harvesting Tools,State,"Livelihood, loans & self-employment",yes,"Agriculture,Rural & Environment",https://www.myscheme.gov.in/schemes/nmoeht
Gujarat,Swami Vivekananda Exam Oriented Residential Training,State,Not for workers: students & education,no,Education & Learning,https://www.myscheme.gov.in/schemes/sveort
Gujarat,PMMSY: Refrigerated vehicles - Gujarat,State,"Livelihood, loans & self-employment",yes,"Agriculture,Rural & Environment",https://www.myscheme.gov.in/schemes/pmmsyrvguj
Gujarat,6% Interest Subsidy on Loans taken through Banks up to a Limit of Rs.5 Lakh for Self-Employment,State,"Livelihood, loans & self-employment",yes,Skills & Employment; Business & Entrepreneurship,https://www.myscheme.gov.in/schemes/6islbse
Gujarat,Doodh Sanjeevani Yojana,State,Not for workers: students & education,no,Health & Wellness; Women and Child,https://www.myscheme.gov.in/schemes/dsy-g
Gujarat,Grant In Aid Hostels,State,Not for workers: students & education,no,Social welfare & Empowerment; Housing & Shelter; Transport & Infrastructure,https://www.myscheme.gov.in/schemes/giah
Gujarat,To Increase Fish Seed Production and Inland Fisheries Resources in Tribal Areas: Training of Tribal Trainees - Gujarat,State,Not for workers: students & education,no,"Agriculture,Rural & Environment",https://www.myscheme.gov.in/schemes/ifptraininguj
Gujarat,Manav Garima Yojana DCW (Minority),State,"Livelihood, loans & self-employment",yes,Social welfare & Empowerment,https://www.myscheme.gov.in/schemes/manavgarimaminorityguj
Gujarat, Fellowship for the Post-Graduate Students in Various Faculties Various Faculties of Sardarkrushinagar Dantiwada Agricultural University,State,Not for workers: students & education,no,Education & Learning,https://www.myscheme.gov.in/schemes/fpgsdau
Gujarat,Assistance in Packing Materials under Post Harvest Management of Horticultural Produce,State,"Livelihood, loans & self-employment",yes,"Agriculture,Rural & Environment",https://www.myscheme.gov.in/schemes/apmuphmh
Gujarat,Assistance Program for the Cultivation of Lotus Fruit (Dragon Fruit),State,Farmers & agriculture,yes,"Agriculture,Rural & Environment",https://www.myscheme.gov.in/schemes/apclfdf
Gujarat,Assistance Program for Planting in Floriculture,State,"Livelihood, loans & self-employment",yes,"Agriculture,Rural & Environment",https://www.myscheme.gov.in/schemes/apfpf
Gujarat,Vehicle Loan Scheme (GTKVN),State,Workers' welfare boards & labour,yes,"Transport & Infrastructure; Banking,Financial Services and Insurance; Skills & Employment",https://www.myscheme.gov.in/schemes/tsgtkvn
Gujarat,Pre-Matric Scholarship for the Students of Minority Castes,State,Not for workers: students & education,no,Education & Learning,https://www.myscheme.gov.in/schemes/pmssmc
Gujarat,Assistance for Purchasing Study Materials for Medical and Engineering Students from Socially and Educationally Backward Classes,State,Not for workers: students & education,no,Education & Learning,https://www.myscheme.gov.in/schemes/iamessec
Gujarat,Post SSC Scholarship for Boys/Girls from Socially and Educationally Backward Classes,State,Not for workers: students & education,no,Education & Learning,https://www.myscheme.gov.in/schemes/psscsbg
Gujarat,Term Loan Scheme (GTKVN) ,State,"Insurance, accident & death help",yes,"Banking,Financial Services and Insurance; Business & Entrepreneurship",https://www.myscheme.gov.in/schemes/tlsbgtkvn
Gujarat,Scheme to Provide Monthly Financial Assistance to Elderly and Eligible Writers,State,"Not for workers: sports, arts, awards",no,Sports & Culture,https://www.myscheme.gov.in/schemes/spmfaeew
Gujarat,Various Awards to Individuals/Organizations who have made Outstanding Contributions in the Field of Social Welfare,State,"Not for workers: sports, arts, awards",no,Social welfare & Empowerment,https://www.myscheme.gov.in/schemes/vaioocfsw
Gujarat,Rotavator/Thresher Machine Equipment Assistance Scheme,State,"Livelihood, loans & self-employment",yes,"Agriculture,Rural & Environment",https://www.myscheme.gov.in/schemes/rtmeas
Gujarat,Uniform Assistance To SC Students,State,Not for workers: students & education,no,Social welfare & Empowerment,https://www.myscheme.gov.in/schemes/uascs
Gujarat,Shri Vajpayee Bankable Yojana,State,"Insurance, accident & death help",yes,"Banking,Financial Services and Insurance",https://www.myscheme.gov.in/schemes/svby
Gujarat,AGR 3 (Farm Mechanization) Scheme For ST Farmers,State,"Food, LPG & ration",yes,"Agriculture,Rural & Environment",https://www.myscheme.gov.in/schemes/agr3fmsstf
Gujarat,AGR-50 Scheme-Assistance To Purchase Tractors,State,"Food, LPG & ration",yes,"Agriculture,Rural & Environment",https://www.myscheme.gov.in/schemes/agr50s-apt
Gujarat,Stipend Scheme For Poultry Farming Training For Schedule Caste,State,Not for workers: students & education,no,"Agriculture,Rural & Environment; Skills & Employment",https://www.myscheme.gov.in/schemes/sspftsc
Gujarat,Stipend Scheme For Poultry Farming Training For Divyang People,State,Not for workers: students & education,no,"Agriculture,Rural & Environment; Skills & Employment",https://www.myscheme.gov.in/schemes/sspftdp
Gujarat,AGR 4 (Farm Mechanization) Scheme For SC Farmers,State,"Food, LPG & ration",yes,"Agriculture,Rural & Environment",https://www.myscheme.gov.in/schemes/agr4fmsscf
Gujarat,Scheme For Subsidy On Interest For Establishment Of 1 To 20 Milch Animal Farm For Scheduled Tribe,State,"Food, LPG & ration",yes,"Agriculture,Rural & Environment",https://www.myscheme.gov.in/schemes/ssiemafst
Gujarat,Subsidy Scheme On Establishment Of 25 R.I.R. Birds' Unit For Weaker Section,State,"Food, LPG & ration",yes,"Agriculture,Rural & Environment; Business & Entrepreneurship",https://www.myscheme.gov.in/schemes/sse25rbuwse
Gujarat,"Coaching Assistance Scheme For Scheduled Caste Students For Pre-Exam Preparation Like NEET, JEE, GUJCET",State,Not for workers: students & education,no,Education & Learning,https://www.myscheme.gov.in/schemes/casscsppnjg
Gujarat,Educational Award Scheme - Gujarat Labour Welfare Board,State,Not for workers: students & education,no,Education & Learning; Social welfare & Empowerment,https://www.myscheme.gov.in/schemes/eas-glwb
Gujarat,Shramyogi Home Town Scheme- Gujarat Labour Welfare Board,State,Workers' welfare boards & labour,yes,Social welfare & Empowerment,https://www.myscheme.gov.in/schemes/smts-glwb
Gujarat,Home Loan Interest Subsidy Scheme- Gujarat Labour Welfare Board,State,"Insurance, accident & death help",yes,"Banking,Financial Services and Insurance; Housing & Shelter",https://www.myscheme.gov.in/schemes/hliss-glwb
Gujarat,Private Tuition Assistance to Scheduled Caste Students Studying in Standard 11th & 12th (Science Stream),State,Not for workers: students & education,no,Education & Learning,https://www.myscheme.gov.in/schemes/ptascsss1112ss
Gujarat,Food Bill Assistance to SC Students,State,Not for workers: students & education,no,Education & Learning; Social welfare & Empowerment,https://www.myscheme.gov.in/schemes/fbascs
Gujarat,"Financial Assistance to SC Students Studying in Medical, Engineering and Diploma Course for Purchasing Educational Instrument",State,Not for workers: students & education,no,Education & Learning,https://www.myscheme.gov.in/schemes/fascssmedcpei
Gujarat,Marriage Assistance Scheme- Gujarat Labour Welfare Board,State,"Women, marriage & maternity",yes,Social welfare & Empowerment,https://www.myscheme.gov.in/schemes/mas-glwb
Gujarat,Dr. Baba Saheb Ambedkar Loan for Higher Study in Foreign Countries,State,Not for workers: students & education,no,Education & Learning,https://www.myscheme.gov.in/schemes/dbsalhsifc
Gujarat,Special Scholarship to Students Belonging to the Most Backward Castes among Scheduled Castes (Vandaniya Sant Shri Vasiyadada Scholarship),State,Not for workers: students & education,no,Education & Learning,https://www.myscheme.gov.in/schemes/sssbmbcascvssvs
Gujarat,Dr. Savitaben Ambedkar Inter Caste Marriage Assistance Scheme,State,"Women, marriage & maternity",yes,Social welfare & Empowerment,https://www.myscheme.gov.in/schemes/dsaicmas
Gujarat,Dr. P. G. Solanki Scheme for Loan/Assistance to Medical Post Graduate Doctors of Scheduled Caste,State,"Insurance, accident & death help",yes,"Banking,Financial Services and Insurance",https://www.myscheme.gov.in/schemes/dpgsslampgdsc
Gujarat,Free Cycles to SC Girl Students Studying in Standard IX (Sarasvati Sadhna Yojana),State,Not for workers: students & education,no,Social welfare & Empowerment; Women and Child,https://www.myscheme.gov.in/schemes/fcscgsssixssy
Gujarat,Fodder Minikits under Tribal Area Sub Plan (TASP) Scheme (ST Category),State,"Food, LPG & ration",yes,"Agriculture,Rural & Environment",https://www.myscheme.gov.in/schemes/fmtaspsstc
Gujarat,Dr. Ambedkar Awas Yojana,State,Housing,yes,Housing & Shelter,https://www.myscheme.gov.in/schemes/daay
Gujarat,Disable Marriage Scheme (Divyang Lagna Sahay),State,Health & disability,yes,Social welfare & Empowerment,https://www.myscheme.gov.in/schemes/dmadls
Gujarat,Shaktidoot Scheme,State,"Not for workers: sports, arts, awards",no,Sports & Culture,https://www.myscheme.gov.in/schemes/ssg
Gujarat,Mukhyamantri Apprenticeship Yojana,State,Other,no,Education & Learning,https://www.myscheme.gov.in/schemes/mayg
Gujarat,Ganga Swarupa Pension Scheme,State,Pensions,yes,Social welfare & Empowerment,https://www.myscheme.gov.in/schemes/gspsg
Gujarat,Self-Employment Scheme: Vahan Loan Sahay Yojana,State,"Insurance, accident & death help",yes,"Banking,Financial Services and Insurance; Business & Entrepreneurship",https://www.myscheme.gov.in/schemes/vlsy
Gujarat,Coaching Help Scheme,State,Not for workers: students & education,no,Education & Learning; Social welfare & Empowerment,https://www.myscheme.gov.in/schemes/chs
Gujarat,Self-Employment Scheme: Transport/ Logistics/ Travels/ Food Court Wyaaj Sahaay,State,"Insurance, accident & death help",yes,"Banking,Financial Services and Insurance; Business & Entrepreneurship",https://www.myscheme.gov.in/schemes/sestltf
Gujarat,Millet Development Scheme,State,"Food, LPG & ration",yes,"Agriculture,Rural & Environment",https://www.myscheme.gov.in/schemes/mds
Gujarat,Establishment of 12 Milch Animal Farm,State,"Food, LPG & ration",yes,"Agriculture,Rural & Environment",https://www.myscheme.gov.in/schemes/etmaf
Gujarat,Establishment of Goat Unit (10 +1),State,"Food, LPG & ration",yes,"Agriculture,Rural & Environment",https://www.myscheme.gov.in/schemes/eogu
Gujarat,Assistance of Concentrate Feed After Parturition (General Category),State,Health & disability,yes,"Agriculture,Rural & Environment",https://www.myscheme.gov.in/schemes/acfapgc
Gujarat,To Provide Financial Assistance to the Farmers Practicing Natural Farming Under the Completely Chemical Free Dang District,State,Farmers & agriculture,yes,"Agriculture,Rural & Environment",https://www.myscheme.gov.in/schemes/tpfafnfd
Gujarat,To Provide Interest Subvention to Fishermen of the State at the Rate of 4% to the Beneficiaries Kishan Credit Card,State,"Livelihood, loans & self-employment",yes,"Agriculture,Rural & Environment",https://www.myscheme.gov.in/schemes/tpfkcc
Gujarat,Scheme of Production of Domestic Indigenous Certified Seed of Cotton Varieties,State,"Food, LPG & ration",yes,"Agriculture,Rural & Environment",https://www.myscheme.gov.in/schemes/spdicv
Gujarat,Scheme to Provide Assistance in Cow Maintenance Expenses to Farmers Practicing Completely Natural Farming Based on Indigenous Cows,State,Farmers & agriculture,yes,"Agriculture,Rural & Environment",https://www.myscheme.gov.in/schemes/smpacmetf
Gujarat,Mahila Adhikarita Yojana (Gujarat Safai Kamdar Development Corporation),State,"Food, LPG & ration",yes,Social welfare & Empowerment,https://www.myscheme.gov.in/schemes/maygskdc
Gujarat,Uniform Assistance for Notified Tribes and Denotified Tribes Castes students Studying in Class 1st to 8th,State,Not for workers: students & education,no,Education & Learning; Social welfare & Empowerment,https://www.myscheme.gov.in/schemes/uandtsoe
Gujarat,Stipends to Students of Socially and Educationally Backward Classes for Technical and Vocational Courses after SSC,State,Not for workers: students & education,no,Education & Learning,https://www.myscheme.gov.in/schemes/sssebctv
Gujarat,District Level Sports School,State,Not for workers: students & education,no,Sports & Culture,https://www.myscheme.gov.in/schemes/dlssg
Gujarat,Cash Award to Women Players of the State,State,Not for workers: students & education,no,Sports & Culture,https://www.myscheme.gov.in/schemes/cawpf
Gujarat,Small Business Scheme (Gujarat Gopalak Vikas Nigam),State,"Insurance, accident & death help",yes,"Banking,Financial Services and Insurance; Business & Entrepreneurship",https://www.myscheme.gov.in/schemes/sbsggvn
Gujarat,New Akanksha Scheme (Educational Loan) (GNDTDC),State,Not for workers: students & education,no,"Education & Learning; Banking,Financial Services and Insurance",https://www.myscheme.gov.in/schemes/naelgntdnt
Gujarat,Junior/Senior Fellowship in the Field of Fine Arts,State,Not for workers: students & education,no,Sports & Culture,https://www.myscheme.gov.in/schemes/jsifffa
Gujarat,Pradhan Mantri Matsya Sampada Yojana (PMMSY-Inland): Installation of Cage in Reservoir - Gujarat,State,"Livelihood, loans & self-employment",yes,"Agriculture,Rural & Environment",https://www.myscheme.gov.in/schemes/pmmsyicrguj
Gujarat,Term Loan Scheme (GNDTDC),State,"Insurance, accident & death help",yes,"Banking,Financial Services and Insurance; Business & Entrepreneurship",https://www.myscheme.gov.in/schemes/tlgntdnt
Gujarat,Khel Mahakumbh,State,Not for workers: students & education,no,Sports & Culture,https://www.myscheme.gov.in/schemes/kmk
Gujarat,Trekking in Forest Area (Scheduled Castes),State,"Not for workers: sports, arts, awards",no,Sports & Culture,https://www.myscheme.gov.in/schemes/tifa
Gujarat,Tanariri Music Awards Festival and Awards (National Level),State,"Not for workers: sports, arts, awards",no,Sports & Culture,https://www.myscheme.gov.in/schemes/tmafa
Gujarat,Personality Development and Yogasana Training Camp (TASP),State,"Not for workers: sports, arts, awards",no,Sports & Culture,https://www.myscheme.gov.in/schemes/pdytcst
Gujarat,Food Bill Assistant for Medical & Engineering Students of SEBC,State,Not for workers: students & education,no,Education & Learning; Social welfare & Empowerment,https://www.myscheme.gov.in/schemes/fbamessebc
Gujarat,Assistance for Area Expansion in Fruit crops,State,Farmers & agriculture,yes,"Agriculture,Rural & Environment",https://www.myscheme.gov.in/schemes/afaefc
Gujarat,National Mission on Edible Oil- Oil Palm: Drip Irrigation,State,"Livelihood, loans & self-employment",yes,"Agriculture,Rural & Environment",https://www.myscheme.gov.in/schemes/nmoedp
Gujarat,National Mission on Edible Oil- Oil Palm: Establishment of Seed Garden,State,Farmers & agriculture,yes,"Agriculture,Rural & Environment",https://www.myscheme.gov.in/schemes/nmeoesg
Gujarat,Distribution of Seeds of more productions verities / Hybrids verities Seeds and fertilizer at subsidies etc. to Adivasi farmers in Tribal Area: Distribution of Minor and Micro Elements - Gujarat,State,"Livelihood, loans & self-employment",yes,"Agriculture,Rural & Environment",https://www.myscheme.gov.in/schemes/distributionseedsguj
Gujarat,Distribution of Seeds of more productions varieties/ Hybrids varieties Seeds and fertilizer at subsidies etc. to Adivasi farmers in Tribal Area: Field Demonstration (TASP & OTASP) Gujarat ,State,"Food, LPG & ration",yes,"Agriculture,Rural & Environment",https://www.myscheme.gov.in/schemes/dsmpvhfdguj
Gujarat,Fellowship Scholarship Scheme,State,Not for workers: students & education,no,Education & Learning,https://www.myscheme.gov.in/schemes/fssg
Gujarat,Mukhyamantri Nahri Kendra,State,"Livelihood, loans & self-employment",yes,Skills & Employment; Business & Entrepreneurship; Women and Child,https://www.myscheme.gov.in/schemes/somnk
Gujarat,6% Interest Subsidy on Loans taken for Vehicle Purchase through Banks,State,"Insurance, accident & death help",yes,"Banking,Financial Services and Insurance; Skills & Employment",https://www.myscheme.gov.in/schemes/6isltvpb
Gujarat,Self Employment Scheme Gujarat,State,"Livelihood, loans & self-employment",yes,Skills & Employment; Business & Entrepreneurship,https://www.myscheme.gov.in/schemes/sesg
Gujarat,Mukhyamantri Bhavishyalakshi Kaushalya Vikas Yojana,State,Not for workers: students & education,no,Skills & Employment,https://www.myscheme.gov.in/schemes/mbkvy
Gujarat,Decentralized People’s Nursery,State,Farmers & agriculture,yes,"Agriculture,Rural & Environment",https://www.myscheme.gov.in/schemes/dpn
Gujarat,PMMSY: Upgradation of existing fishing vessels for export Competency - Gujarat ,State,"Livelihood, loans & self-employment",yes,"Agriculture,Rural & Environment",https://www.myscheme.gov.in/schemes/pmmsyuefvecguj
Gujarat,Group Accident Insurance Scheme under PMMSY: Accidental death or Permanent Total Disability Gujarat,State,Health & disability,yes,"Agriculture,Rural & Environment; Banking,Financial Services and Insurance",https://www.myscheme.gov.in/schemes/gaisguj1
Gujarat,PMMSY: Construction of Ice Plant/Storage of Minimum 10 Tonne Capacity - Gujarat,State,"Livelihood, loans & self-employment",yes,"Agriculture,Rural & Environment",https://www.myscheme.gov.in/schemes/pmmsyctguj
Gujarat,Solo Drama Competition,State,"Not for workers: sports, arts, awards",no,Sports & Culture,https://www.myscheme.gov.in/schemes/sdc
Gujarat,Manav Garima Yojna (NT DNT) ,State,"Livelihood, loans & self-employment",yes,Social welfare & Empowerment,https://www.myscheme.gov.in/schemes/manavgarimandguj
Gujarat,New Charkha-Loom Scheme,State,"Livelihood, loans & self-employment",yes,Business & Entrepreneurship,https://www.myscheme.gov.in/schemes/ncls
Gujarat,The Scheme for Fellowship to Under Graduate Students for Various Faculties of Sardarkrushinagar Dantiwada Agricultural University,State,Not for workers: students & education,no,Education & Learning,https://www.myscheme.gov.in/schemes/sfugsdau
Gujarat,Planning for Best Livestock Keeper's Award Function,State,"Not for workers: sports, arts, awards",no,"Agriculture,Rural & Environment",https://www.myscheme.gov.in/schemes/pobahad
Gujarat,Assistance for Cultivation of Medicinal/ Aromatic Crops,State,Farmers & agriculture,yes,"Agriculture,Rural & Environment",https://www.myscheme.gov.in/schemes/afcmac
Gujarat,New Akanksha Scheme (Higher Education Loan) (GGDC),State,Not for workers: students & education,no,"Banking,Financial Services and Insurance; Education & Learning",https://www.myscheme.gov.in/schemes/newakankshaggvn
Gujarat,Trainning Scheme for Horticulture Skill Development to Landless farm labour at Centre of Excelence of Department,State,"Livelihood, loans & self-employment",yes,"Agriculture,Rural & Environment",https://www.myscheme.gov.in/schemes/tshsdfl
Gujarat,100% State Government Divyangjan Term Loan Yojana,State,Health & disability,yes,Social welfare & Empowerment,https://www.myscheme.gov.in/schemes/sgdtly
Gujarat,Financial Assistance to Destitute Elderly and Disabled Person,State,Pensions,yes,Social welfare & Empowerment,https://www.myscheme.gov.in/schemes/fadedp
Gujarat,Passenger Vehicle/Loading Vehicle Loan Scheme (DAADC),State,"Insurance, accident & death help",yes,"Banking,Financial Services and Insurance",https://www.myscheme.gov.in/schemes/pvlvls
Gujarat,"Coaching Sahay for the Preparation of NEET, JEE, GUJCET Examination to both Socially and Educationally Backward Class Trainees/Students and Female Students and Economically Backward Class Students",State,Not for workers: students & education,no,Education & Learning,https://www.myscheme.gov.in/schemes/cspnjgesebcebc
Gujarat,Special Incentive Assistance to Socially and Educationally Backward Class Trainees for Pre-preparation of Competitive Examination,State,Not for workers: students & education,no,Education & Learning,https://www.myscheme.gov.in/schemes/siasebctpce
Gujarat,Maintenance of Govt Boys and Girls Hostels (SC) ,State,Not for workers: students & education,no,Education & Learning; Housing & Shelter,https://www.myscheme.gov.in/schemes/mgbghsc
Gujarat,Scheme to Provide Financial Assistance for the Production and Publication of Excellent Original Children's Literature,State,"Not for workers: sports, arts, awards",no,Sports & Culture,https://www.myscheme.gov.in/schemes/stpfapcl
Gujarat,Kunwar Bai Nu Mameru Yojana- SEBC & EBC,State,"Women, marriage & maternity",yes,Social welfare & Empowerment,https://www.myscheme.gov.in/schemes/kbnmy-sebcebc
Gujarat,Kutirjyoti Yojana Gujarat,State,Housing,yes,Utility & Sanitation,https://www.myscheme.gov.in/schemes/kyg
Gujarat,Integrated Dairy Development Scheme Gujarat,State,"Livelihood, loans & self-employment",yes,"Agriculture,Rural & Environment",https://www.myscheme.gov.in/schemes/iddsg
Gujarat,Mukhyamantri Yuva Swavalamban Yojana,State,Not for workers: students & education,no,Education & Learning,https://www.myscheme.gov.in/schemes/mysy
Gujarat,Mukhya Mantri Mahila Kisan Sashaktikaran Yojana,State,"Food, LPG & ration",yes,"Agriculture,Rural & Environment",https://www.myscheme.gov.in/schemes/mmksy
Gujarat,NAMO E-Tablet Scheme,State,Not for workers: students & education,no,Education & Learning,https://www.myscheme.gov.in/schemes/nets
Gujarat,Subsidy Scheme For Establishment Of 100 Broiler Birds' Farm For Schedule Caste,State,"Food, LPG & ration",yes,"Agriculture,Rural & Environment; Business & Entrepreneurship",https://www.myscheme.gov.in/schemes/sse100bbfsc
Gujarat,Subsidy Scheme On Establishment Of 25 R.I.R. Birds’ Unit For Scheduled Caste,State,"Food, LPG & ration",yes,"Agriculture,Rural & Environment; Business & Entrepreneurship",https://www.myscheme.gov.in/schemes/sse25rbusc
Gujarat,Subsidy Scheme For Establishment Of Goat Unit (10+1) For General Category People,State,"Food, LPG & ration",yes,"Agriculture,Rural & Environment; Business & Entrepreneurship",https://www.myscheme.gov.in/schemes/ssegu10gcp
Gujarat,Sardar Patel Agriculture Research Award,State,"Not for workers: sports, arts, awards",no,"Agriculture,Rural & Environment",https://www.myscheme.gov.in/schemes/spara
Gujarat,Agricultural Skill Development Training Programme For Women Farmers And Farmers,State,"Food, LPG & ration",yes,"Agriculture,Rural & Environment",https://www.myscheme.gov.in/schemes/asdtpwff
Gujarat,Maternity Assistance Scheme (GBOCWWB),State,Workers' welfare boards & labour,yes,Social welfare & Empowerment; Women and Child,https://www.myscheme.gov.in/schemes/masgbocwwb
Gujarat,Vishist Coaching Scheme (GBOCWWB),State,Not for workers: students & education,no,Education & Learning,https://www.myscheme.gov.in/schemes/vcsgbocwwb
Gujarat,Labour Accident benefit Scheme- Gujarat Labour Welfare Board,State,"Insurance, accident & death help",yes,Social welfare & Empowerment,https://www.myscheme.gov.in/schemes/labs-glwb
Gujarat,Shramik Parivahan Yojana (GBOCWWB),State,Workers' welfare boards & labour,yes,Travel & Tourism; Social welfare & Empowerment,https://www.myscheme.gov.in/schemes/spy-gbocwwb
Gujarat,Go-Green Shramik Scheme (GBOCWWB),State,Workers' welfare boards & labour,yes,Transport & Infrastructure; Social welfare & Empowerment,https://www.myscheme.gov.in/schemes/ggssgbocwwb
Gujarat,Shramik Annapurna Yojana (GBOCWWB),State,Workers' welfare boards & labour,yes,Social welfare & Empowerment,https://www.myscheme.gov.in/schemes/saygbocwwb
Gujarat,Go Green Scheme- Gujarat Labour Welfare Board,State,Other,no,Social welfare & Empowerment,https://www.myscheme.gov.in/schemes/ggs-glwb
Gujarat,Manav Garima Yojana,State,"Livelihood, loans & self-employment",yes,Business & Entrepreneurship,https://www.myscheme.gov.in/schemes/mgy
Gujarat,Special Scholarship to SC Students in Selected Schools,State,Not for workers: students & education,no,Education & Learning,https://www.myscheme.gov.in/schemes/ssscsss
Gujarat,Pre-SSC Scholarship for Scheduled Caste Students (Parixitlal Majmudar Scholarship),State,Not for workers: students & education,no,Education & Learning,https://www.myscheme.gov.in/schemes/psscsscspms
Gujarat,Dr. P. G. Solanki Scheme for Stipend to Scheduled Caste Lawyers,State,Not for workers: students & education,no,Skills & Employment,https://www.myscheme.gov.in/schemes/dpgsssscl
Gujarat,Post-Matric Scholarships for Scheduled Castes Students- Gujarat,State,Not for workers: students & education,no,Education & Learning,https://www.myscheme.gov.in/schemes/pmsscs-g
Gujarat,Fodder Minikits under Integrated Fodder Development Scheme (General Category),State,"Food, LPG & ration",yes,"Agriculture,Rural & Environment",https://www.myscheme.gov.in/schemes/fmuifdsgc
Gujarat,Vandan Matru Yojana,State,Health & disability,yes,Health & Wellness; Women and Child,https://www.myscheme.gov.in/schemes/vmyg
Gujarat,Mahila Swavlamban Scheme,State,"Livelihood, loans & self-employment",yes,Women and Child; Social welfare & Empowerment; Business & Entrepreneurship,https://www.myscheme.gov.in/schemes/mssg
Gujarat,"Aatmanirbhar Gujarat Scheme for assistance to MSMEs: Assistance for Interest Subsidy to Micro, Small and Medium Enterprise (Service Sector)",State,Other,no,Business & Entrepreneurship,https://www.myscheme.gov.in/schemes/agmsmecisss
Gujarat,PURNA Scheme,State,Health & disability,yes,Health & Wellness; Women and Child; Education & Learning,https://www.myscheme.gov.in/schemes/psg
Gujarat,Coaching Help Scheme for JEE-GUJCET-NEET Exams,State,Not for workers: students & education,no,Education & Learning; Social welfare & Empowerment,https://www.myscheme.gov.in/schemes/chsjgne
Gujarat,Training Assistance for Competitive Examinations,State,Not for workers: students & education,no,Education & Learning; Social welfare & Empowerment,https://www.myscheme.gov.in/schemes/tafce
Gujarat,Scheme of Providing Assistance to Encourage Farmers for Adoption of Organic Farming,State,"Food, LPG & ration",yes,"Agriculture,Rural & Environment",https://www.myscheme.gov.in/schemes/spafof
Gujarat,Farm Storage Structure Scheme,State,"Food, LPG & ration",yes,"Agriculture,Rural & Environment",https://www.myscheme.gov.in/schemes/fsss
Gujarat,To Assist the Farmers for Construction of Community Base Water Tank/Storage Structure for Efficient Use of Water Through Drip Irrigation,State,"Food, LPG & ration",yes,"Agriculture,Rural & Environment",https://www.myscheme.gov.in/schemes/afccdwt
Gujarat,Scheme to Encourage Farmers to Add Value to Crops,State,"Livelihood, loans & self-employment",yes,"Agriculture,Rural & Environment",https://www.myscheme.gov.in/schemes/sefavc
Gujarat,Assistance for Power Driven Chaff Cutter scheme,State,"Food, LPG & ration",yes,"Agriculture,Rural & Environment",https://www.myscheme.gov.in/schemes/afpdccs
Gujarat,Stipends to Students of Minority Caste for Technical and Vocational Courses after SSC,State,Not for workers: students & education,no,Education & Learning,https://www.myscheme.gov.in/schemes/ssmctvc
Gujarat,Shravan Tirthdarshan Yojna,State,Other,no,Travel & Tourism; Social welfare & Empowerment,https://www.myscheme.gov.in/schemes/sty
Gujarat,Jyoti Gramodyog Vikas Yojana,State,"Livelihood, loans & self-employment",yes,Business & Entrepreneurship; Social welfare & Empowerment,https://www.myscheme.gov.in/schemes/jgvy
Gujarat,Gaurav Puraskar Award,State,"Not for workers: sports, arts, awards",no,Sports & Culture,https://www.myscheme.gov.in/schemes/gpag
Gujarat,New Swarnima Yojana for Women (GTKVN),State,"Insurance, accident & death help",yes,"Banking,Financial Services and Insurance; Business & Entrepreneurship; Women and Child",https://www.myscheme.gov.in/schemes/nsygtkdc
Gujarat,Micro Finance Scheme (GNDTDC),State,"Insurance, accident & death help",yes,"Banking,Financial Services and Insurance; Business & Entrepreneurship",https://www.myscheme.gov.in/schemes/mfgntdnt
Gujarat,Swayam Saksham Scheme (Gujarat Gopalak Vikas Nigam),State,Not for workers: students & education,no,Education & Learning; Social welfare & Empowerment,https://www.myscheme.gov.in/schemes/ssggvn
Gujarat,Mahila Samrudhhi Yojana (Gujarat Gopalak Vikas Nigam),State,"Livelihood, loans & self-employment",yes,Women and Child; Business & Entrepreneurship,https://www.myscheme.gov.in/schemes/msyggvn
Gujarat,Financial Assistance for Scaling Mount Everest and Other Inaccessible Mountains of the World,State,"Not for workers: sports, arts, awards",no,Sports & Culture,https://www.myscheme.gov.in/schemes/fasmeimw
Gujarat,Pre-Matric Scholarship for the Students of Economically Backward Class,State,Not for workers: students & education,no,Education & Learning,https://www.myscheme.gov.in/schemes/pmssebc
Gujarat,Rock Climbing Adventure Training Course,State,"Not for workers: sports, arts, awards",no,Sports & Culture,https://www.myscheme.gov.in/schemes/rcatc
Gujarat,Assistance for Exhibitions Abroad and Out of State,State,"Not for workers: sports, arts, awards",no,Sports & Culture,https://www.myscheme.gov.in/schemes/aeaos
Gujarat,Pradhan Mantri Matsya Sampada Yojana (PMMSY-Inland): Establishment of Large RAS Culture System Gujarat,State,"Livelihood, loans & self-employment",yes,"Agriculture,Rural & Environment",https://www.myscheme.gov.in/schemes/pmmsyelrasguj
Gujarat,Pradhan Mantri Matsya Sampada Yojana (PMMSY-Inland): Establishment of Medium RAS Culture System Gujarat,State,"Livelihood, loans & self-employment",yes,"Agriculture,Rural & Environment",https://www.myscheme.gov.in/schemes/pmmsyemrguj
Gujarat,Pradhan Mantri Matsya Sampada Yojana (PMMSY-Inland): Establishment of Back-Yard Mini RAS Unit Gujarat,State,"Livelihood, loans & self-employment",yes,"Agriculture,Rural & Environment",https://www.myscheme.gov.in/schemes/pmmsyebymguj
Gujarat,Sub mission on Seeds and Planting Material,State,Farmers & agriculture,yes,"Agriculture,Rural & Environment",https://www.myscheme.gov.in/schemes/smspguj
Gujarat,Mission for Integrated Horticulture Development (MIDH),State,Farmers & agriculture,yes,"Agriculture,Rural & Environment",https://www.myscheme.gov.in/schemes/mfihdg
Gujarat,Parivahan Scheme (GBCDC),State,"Livelihood, loans & self-employment",yes,Social welfare & Empowerment,https://www.myscheme.gov.in/schemes/psgbcdc
Gujarat,Provide Assistance to Farmers Bringing Goods to Market Committees for Cost of Goods Transportation (Tribal),State,"Livelihood, loans & self-employment",yes,"Agriculture,Rural & Environment",https://www.myscheme.gov.in/schemes/spafbgmt
Gujarat,Pradhan Mantri Matsya Sampada Yojana (PMMSY-Inland): Inputs for Freshwater Aquaculture - Gujarat,State,"Livelihood, loans & self-employment",yes,"Agriculture,Rural & Environment",https://www.myscheme.gov.in/schemes/pmmsyifaguj
Gujarat,Assistance to Co-operative Irrigation Societies (Trible Area),State,Farmers & agriculture,yes,"Agriculture,Rural & Environment",https://www.myscheme.gov.in/schemes/atcista
Gujarat,AGR-4 Scheduled Castes Sub-Plan for Distribution of Seeds and Fertilizers Input Kits at Subsidised Rates to Scheduled Caste Cultivators,State,Farmers & agriculture,yes,"Agriculture,Rural & Environment",https://www.myscheme.gov.in/schemes/scspdsfik
Gujarat,Distribution of Seeds of more productions varieties/ Hybrids varieties Seeds and fertilizer at subsidies etc. to Adivasi farmers in Tribal Area: 100% Soluble Chemical Fertilizer/Nano Fertilizer Gujarat,State,"Livelihood, loans & self-employment",yes,"Agriculture,Rural & Environment",https://www.myscheme.gov.in/schemes/dsmpvhscfguj
Gujarat,Distribution of Seeds of more productions varieties/ Hybrids varieties Seeds and fertilizer at subsidies etc. to Adivasi farmers in Tribal Area: Plant protection pesticides Gujarat,State,"Livelihood, loans & self-employment",yes,"Agriculture,Rural & Environment",https://www.myscheme.gov.in/schemes/dsmpvsfpppguj
Gujarat,National Mission For Sustainable Agriculture-Parmparagat Krishi Vikas Yojana (NMSA-PKVY),State,Farmers & agriculture,yes,"Agriculture,Rural & Environment",https://www.myscheme.gov.in/schemes/nmsa-pkvy
Gujarat,Whale Shark Conservation Programme,State,"Livelihood, loans & self-employment",yes,"Agriculture,Rural & Environment",https://www.myscheme.gov.in/schemes/wscp
Gujarat,Assistance for Establishment of On farm Storage for Sorting-Grading,State,Farmers & agriculture,yes,"Agriculture,Rural & Environment",https://www.myscheme.gov.in/schemes/aeofsg
Gujarat,Assistance for Area Expansion of Vegetable Crops through Hybrid Seed,State,Farmers & agriculture,yes,"Agriculture,Rural & Environment",https://www.myscheme.gov.in/schemes/aaevcths
Gujarat,Loans to Tribal Students for Higher Studies Abroad,State,Not for workers: students & education,no,"Education & Learning; Banking,Financial Services and Insurance",https://www.myscheme.gov.in/schemes/ltshsa
Gujarat,Project Sankalp,State,"Livelihood, loans & self-employment",yes,Skills & Employment,https://www.myscheme.gov.in/schemes/ps-g
Gujarat,Gujarat State Electric Vehicle Policy,State,"Livelihood, loans & self-employment",yes,"Transport & Infrastructure; Agriculture,Rural & Environment",https://www.myscheme.gov.in/schemes/gsevp
Gujarat,Subsidy for Battery Operated 2-Wheelers,State,Not for workers: students & education,no,"Agriculture,Rural & Environment",https://www.myscheme.gov.in/schemes/sfbotw
Gujarat,Subsidy For Battery Operated Three-Wheelers,State,Not for workers: students & education,no,"Agriculture,Rural & Environment",https://www.myscheme.gov.in/schemes/sfbothw
Gujarat,Loan For Commercial Pilot Training,State,Not for workers: students & education,no,Skills & Employment,https://www.myscheme.gov.in/schemes/lfcpt
Gujarat,Loans to Tribal Students for Higher Studies Abroad,State,Not for workers: students & education,no,"Education & Learning; Banking,Financial Services and Insurance",https://www.myscheme.gov.in/schemes/ltshsa
Gujarat,Mukhyamantri Gyansetu Merit Scholarship Yojana,State,Not for workers: students & education,no,Education & Learning,https://www.myscheme.gov.in/schemes/mmgmy
Gujarat,Namo Laxmi Yojana,State,Not for workers: students & education,no,Education & Learning,https://www.myscheme.gov.in/schemes/nlygg2
Gujarat,Manav Garima Yojna SCW (EBC),State,"Livelihood, loans & self-employment",yes,Social welfare & Empowerment,https://www.myscheme.gov.in/schemes/manavgarimaguj
Gujarat,To Increase Fish Seed Production and Inland Fisheries Resources in Tribal Areas: Fish Seed Stocking - Gujarat,State,"Livelihood, loans & self-employment",yes,"Agriculture,Rural & Environment",https://www.myscheme.gov.in/schemes/ifsptfssguj
Gujarat,To Increase Fish Seed Production and Inland Fisheries Resources in Tribal Areas: Fish Seed Rearing - Gujarat,State,"Livelihood, loans & self-employment",yes,"Agriculture,Rural & Environment",https://www.myscheme.gov.in/schemes/tifsptfsrguj
Gujarat,Cluster Development Scheme,State,"Livelihood, loans & self-employment",yes,Skills & Employment; Business & Entrepreneurship,https://www.myscheme.gov.in/schemes/cds-g
Gujarat,Crop Input Subsidy to the Farmers for Crop Loss Due to Natural Calamities,State,"Food, LPG & ration",yes,"Agriculture,Rural & Environment",https://www.myscheme.gov.in/schemes/cisfnc
Gujarat,Assistance for Area Expansion of Spice Crops,State,Farmers & agriculture,yes,"Agriculture,Rural & Environment",https://www.myscheme.gov.in/schemes/afaesp
Gujarat,Assistance Program for Expansion of Fruit Crop Cultivation,State,Farmers & agriculture,yes,"Agriculture,Rural & Environment",https://www.myscheme.gov.in/schemes/apfefcc
Gujarat,Planting Assistance Program for Hybrid Seeds of Vegetable Crops,State,Farmers & agriculture,yes,"Agriculture,Rural & Environment",https://www.myscheme.gov.in/schemes/paphsvc
Gujarat,Scheme for the Award of Scholarship for the Under Graduate Meritorious Students of Various Faculties of Junagadh Agricultural University,State,Not for workers: students & education,no,Education & Learning,https://www.myscheme.gov.in/schemes/sfasugjau
Gujarat,Capital Subsidy Scheme for Setting Up Solar Plant in Milk Cooperatives in Gujarat State (Tribal Area),State,"Livelihood, loans & self-employment",yes,"Agriculture,Rural & Environment",https://www.myscheme.gov.in/schemes/csssspg
Gujarat,Scheme for Awarding Fellowships for Undergraduate and Postgraduate Students,State,Not for workers: students & education,no,Education & Learning,https://www.myscheme.gov.in/schemes/safupgs
Gujarat,Scheme on Promotion of Use of Liquid Fermented Organic Manure (LFOM) for Increasing Organic Carbon in Soil,State,Health & disability,yes,"Agriculture,Rural & Environment",https://www.myscheme.gov.in/schemes/splfom
Gujarat,Mukhya Mantri Agricultural Mechanization Scheme,State,"Food, LPG & ration",yes,"Agriculture,Rural & Environment",https://www.myscheme.gov.in/schemes/mmams
Gujarat,PMMSY: Insulated vehicles - Gujarat,State,"Livelihood, loans & self-employment",yes,"Agriculture,Rural & Environment",https://www.myscheme.gov.in/schemes/pmmsyivguj
Gujarat,Micro Finance (GBCDC),State,"Insurance, accident & death help",yes,"Banking,Financial Services and Insurance; Social welfare & Empowerment",https://www.myscheme.gov.in/schemes/mfgbcdc
Gujarat,Scheme to Provide Electric Scooter to Disabled Person,State,Health & disability,yes,Social welfare & Empowerment,https://www.myscheme.gov.in/schemes/spesdp
Gujarat,Uniform Assistance for Scheduled Tribe Students,State,Not for workers: students & education,no,Education & Learning; Social welfare & Empowerment,https://www.myscheme.gov.in/schemes/uafsts
Gujarat,Scholarship to Disabled Students,State,Not for workers: students & education,no,Education & Learning,https://www.myscheme.gov.in/schemes/stdsuk
Gujarat,Pashupalan Dhiran Yojana,State,"Livelihood, loans & self-employment",yes,Social welfare & Empowerment,https://www.myscheme.gov.in/schemes/pdyg
Gujarat,New Akanksha Scheme (Educational Loan) (GTKVN),State,Not for workers: students & education,no,"Education & Learning; Banking,Financial Services and Insurance",https://www.myscheme.gov.in/schemes/elsgtkdc
Gujarat,Scheme to Encourage the Children of Sanitation Workers Who have Passed the Class 10/12 Examination (GSKVN),State,Not for workers: students & education,no,Education & Learning,https://www.myscheme.gov.in/schemes/secshms1012e
Gujarat,Pashu Palan Yojana (GSKVN),State,"Insurance, accident & death help",yes,"Agriculture,Rural & Environment; Banking,Financial Services and Insurance",https://www.myscheme.gov.in/schemes/ahsgskvn
Gujarat,Mobile Food Court Van (DAADC),State,"Insurance, accident & death help",yes,"Banking,Financial Services and Insurance; Business & Entrepreneurship; Skills & Employment",https://www.myscheme.gov.in/schemes/mfcvs
Gujarat,Food Bill Assistance for Medical & Engineering Students of Nomadic Tribes & Denotified Tribes,State,Not for workers: students & education,no,Education & Learning,https://www.myscheme.gov.in/schemes/fbamesntdnt
Gujarat,Pashu Palan Yojana (GTKVN),State,"Insurance, accident & death help",yes,"Agriculture,Rural & Environment; Banking,Financial Services and Insurance; Business & Entrepreneurship",https://www.myscheme.gov.in/schemes/pgtkvn
Gujarat,Kumar Rajratna Bhimrao Ambedkar Medical Assistance Scheme,State,Health & disability,yes,Health & Wellness,https://www.myscheme.gov.in/schemes/krbamas
Gujarat,"Financial Assistance for Preparation of Training Camp and Participation in Land, Mountain & Sea Adventure Sports Competitions",State,"Not for workers: sports, arts, awards",no,Sports & Culture,https://www.myscheme.gov.in/schemes/faptlmsc
Gujarat,Private Tuition Assistance to Socially and Educationally Backward Class Students Studying in Science Stream of Class 11 & 12,State,Not for workers: students & education,no,Education & Learning,https://www.myscheme.gov.in/schemes/ptasebcssss
Gujarat,Direct Finance Scheme by NSFDC (GSCDC),State,"Insurance, accident & death help",yes,"Banking,Financial Services and Insurance; Business & Entrepreneurship; Skills & Employment",https://www.myscheme.gov.in/schemes/dfsbnsfdc
Gujarat,Divisional Tripartite Competition,State,"Not for workers: sports, arts, awards",no,Sports & Culture,https://www.myscheme.gov.in/schemes/dtc
Gujarat,Trekking in Forest Area (Scheduled Tribes),State,"Not for workers: sports, arts, awards",no,Sports & Culture,https://www.myscheme.gov.in/schemes/tifast
Gujarat,Advocate Graduate Stipend Gujarat,State,Not for workers: students & education,no,"Public Safety,Law & Justice; Education & Learning",https://www.myscheme.gov.in/schemes/agsg
Gujarat,Kunwar Bai Nu Mameru Yojana Gujarat,State,"Women, marriage & maternity",yes,Social welfare & Empowerment; Women and Child,https://www.myscheme.gov.in/schemes/kbnmyg
Gujarat,"Assistance for Purchase of Educational Instruments for Medical, Engineering and Technical Diploma Courses",State,Not for workers: students & education,no,Education & Learning,https://www.myscheme.gov.in/schemes/apeimetdc
Gujarat,NAMO Shree Scheme,State,Health & disability,yes,Health & Wellness,https://www.myscheme.gov.in/schemes/nss-g
Gujarat,Shree Nanaji Deshmukh Awas Yojana (GBOCWWB),State,Workers' welfare boards & labour,yes,Housing & Shelter,https://www.myscheme.gov.in/schemes/sndaygbocwwb
Gujarat,National Family Benefit Scheme - Gujarat,State,"Insurance, accident & death help",yes,Social welfare & Empowerment,https://www.myscheme.gov.in/schemes/nfbsguj
Gujarat,Shahidvir Kinariwaala Student Security Group Insurance Scheme,State,Not for workers: students & education,no,"Banking,Financial Services and Insurance; Education & Learning",https://www.myscheme.gov.in/schemes/skssgis
Gujarat,Zupda Vijlikaran Yojana,State,Housing,yes,Utility & Sanitation,https://www.myscheme.gov.in/schemes/zvy
Gujarat,Janta Juth Accidental Insurance Scheme,State,"Insurance, accident & death help",yes,"Agriculture,Rural & Environment",https://www.myscheme.gov.in/schemes/jjais
Gujarat,Mamta Taruni Abhiyan,State,Health & disability,yes,Health & Wellness; Women and Child,https://www.myscheme.gov.in/schemes/mta
Gujarat,Satyvadi Raja Harishchandra Marnotar Sahay Yojana,State,"Insurance, accident & death help",yes,Social welfare & Empowerment,https://www.myscheme.gov.in/schemes/srhmsy
Gujarat,Fishermen Accident Relief Scheme,State,"Insurance, accident & death help",yes,"Agriculture,Rural & Environment; Banking,Financial Services and Insurance",https://www.myscheme.gov.in/schemes/fars
Gujarat,Group Accident Insurance Scheme under PMMSY: Permanent Partial Disability Gujarat,State,Health & disability,yes,"Agriculture,Rural & Environment; Banking,Financial Services and Insurance",https://www.myscheme.gov.in/schemes/gaisguj2
Gujarat,Group Accident Insurance Scheme under PMMSY: Medical Treatment - Gujarat,State,Health & disability,yes,"Agriculture,Rural & Environment; Banking,Financial Services and Insurance",https://www.myscheme.gov.in/schemes/gaisguj3
Gujarat,Accidental Death Assistance Scheme (GBOCWWB),State,Workers' welfare boards & labour,yes,Social welfare & Empowerment,https://www.myscheme.gov.in/schemes/adasgbocwwb
Gujarat,Education Assistance/Ph.D Scheme (GBOCWWB),State,Not for workers: students & education,no,Education & Learning,https://www.myscheme.gov.in/schemes/eaphdsgbocwwb
Gujarat,Dhanvantari Arogya Rath Yojana (GBOCWWB),State,Workers' welfare boards & labour,yes,Health & Wellness,https://www.myscheme.gov.in/schemes/darygbocwwb
Gujarat,Accidental Death Assistance Scheme- Gujarat Labour Welfare Board,State,"Insurance, accident & death help",yes,Social welfare & Empowerment,https://www.myscheme.gov.in/schemes/adas-glwb
Gujarat,Kunwar Bai Nu Mameru Yojana,State,"Women, marriage & maternity",yes,Social welfare & Empowerment,https://www.myscheme.gov.in/schemes/kbnmy
Gujarat,Kaidi Sahay Yojana,State,"Livelihood, loans & self-employment",yes,Social welfare & Empowerment,https://www.myscheme.gov.in/schemes/ksygsw
Gujarat,Pandit Dindayal Upadhyay Awas Yojana (Developing Caste Welfare) (NT-DNT),State,Housing,yes,Housing & Shelter,https://www.myscheme.gov.in/schemes/pduayntdnt
Gujarat,Mukhyamantri Amrutum Yojana,State,"Insurance, accident & death help",yes,Health & Wellness,https://www.myscheme.gov.in/schemes/ma
Gujarat,Funeral Assistance Scheme (GBOCWWB),State,Workers' welfare boards & labour,yes,Social welfare & Empowerment,https://www.myscheme.gov.in/schemes/fasgbocwwb
Gujarat,Kushal Shramik Sahay Yojana (GBOCWWB),State,Workers' welfare boards & labour,yes,Skills & Employment,https://www.myscheme.gov.in/schemes/kssugbocwwb
Gujarat,Farmers Accidental Insurance Scheme,State,"Insurance, accident & death help",yes,"Agriculture,Rural & Environment; Banking,Financial Services and Insurance",https://www.myscheme.gov.in/schemes/fais
Gujarat,Antyeshthi Sahay Yojana,State,"Insurance, accident & death help",yes,Social welfare & Empowerment,https://www.myscheme.gov.in/schemes/asygsw
Gujarat,Palak Mata-Pita Yojana,State,"Insurance, accident & death help",yes,Social welfare & Empowerment,https://www.myscheme.gov.in/schemes/pmpy
Gujarat,Sardar Krushi Jyoti Yojana ,State,Farmers & agriculture,yes,"Utility & Sanitation; Agriculture,Rural & Environment",https://www.myscheme.gov.in/schemes/skjy
Gujarat,Vahli Dikri Yojana,State,"Insurance, accident & death help",yes,Education & Learning; Social welfare & Empowerment,https://www.myscheme.gov.in/schemes/vdy
Gujarat,Goat Rearing Scheme,State,Health & disability,yes,"Agriculture,Rural & Environment",https://www.myscheme.gov.in/schemes/grsguj
Gujarat,"Assistance for Tools, Equipment, Shorting/Grading Equipment, PHM Equipment for General Category (HRT-2)",State,Farmers & agriculture,yes,"Agriculture,Rural & Environment",https://www.myscheme.gov.in/schemes/atesgephmgchrt2
Gujarat,Harvesting Tools Assistance for General Category (HRT-2),State,Farmers & agriculture,yes,"Agriculture,Rural & Environment",https://www.myscheme.gov.in/schemes/htagchrt-2
Gujarat,Aatmanirbhar Gujarat Scheme for Assistance to Mega Industries: Reimbursement of SGST Paid on Capital Goods,State,Other,no,Business & Entrepreneurship,https://www.myscheme.gov.in/schemes/agsmscg
Gujarat,Aatmanirbhar Gujarat Scheme for assistance to MSMEs: Assistance for Patent Registration ,State,"Food, LPG & ration",yes,Business & Entrepreneurship,https://www.myscheme.gov.in/schemes/agmsmeasp
Gujarat,Aatmanirbhar Gujarat Scheme for assistance to MSMEs: Financial Support to MSMEs in ZED Certification,State,Other,no,Business & Entrepreneurship,https://www.myscheme.gov.in/schemes/agmsmezed
Gujarat,Aatmanirbhar Gujarat Scheme for assistance to Large Industries and Thrust Sector: Net SGST Reimbursement,State,"Livelihood, loans & self-employment",yes,Business & Entrepreneurship,https://www.myscheme.gov.in/schemes/agslitsngr
Gujarat,Aatmanirbhar Gujarat Scheme for Assistance to Mega Industries: EPF Reimbursement,State,Other,no,Business & Entrepreneurship,https://www.myscheme.gov.in/schemes/agsmepf
Gujarat,Scheme for Assistance for Research & Development Activities: Assistance to R&D Institutions/ Laboratories set up by the State Government or by Government of India ,State,Other,no,"Business & Entrepreneurship; Science, IT & Communications",https://www.myscheme.gov.in/schemes/sardardl
Gujarat,Scheme for Enhancement of Technical Competence and Manpower: Skill Up-gradation Centers (SUCs),State,"Livelihood, loans & self-employment",yes,Skills & Employment,https://www.myscheme.gov.in/schemes/setcmsuc
Gujarat,Scheme for assistance for Start Ups/ Innovation: Interest Subsidy,State,Other,no,Business & Entrepreneurship,https://www.myscheme.gov.in/schemes/sfasiis
Gujarat,Scheme for assistance for Start Ups/ Innovation: Pre- Series A Funding,State,Other,no,Business & Entrepreneurship,https://www.myscheme.gov.in/schemes/sfasipsf
Gujarat,Scheme for assistance for Research & Development Activities: Assistance to Establish Research & Development/Product Development Centre,State,Other,no,"Business & Entrepreneurship; Science, IT & Communications",https://www.myscheme.gov.in/schemes/sarderd
Gujarat,Scheme for Enhancement of Technical Competence and Manpower: Scheme of Financial Assistance for Skill Development to MSME Sector,State,"Livelihood, loans & self-employment",yes,Business & Entrepreneurship; Skills & Employment,https://www.myscheme.gov.in/schemes/setcmamsme
Gujarat,Dr.Babasaheb Ambedkar Udyog Uday Yojana: Assistance in Rent to MSEs,State,Other,no,Business & Entrepreneurship,https://www.myscheme.gov.in/schemes/bauuyarmse
Gujarat,Gujarat Textile Policy: Power Tariff Subsidy,State,"Livelihood, loans & self-employment",yes,Business & Entrepreneurship,https://www.myscheme.gov.in/schemes/gtppts
Gujarat,"Scheme for Assistance to Micro, Small and Medium Enterprises (MSME): Assistance for Power Connection Charges ",State,Other,no,Business & Entrepreneurship,https://www.myscheme.gov.in/schemes/samsmeapc
Gujarat,Promoting to Farmer for Post Harvesting & Management (Value Addition),State,"Food, LPG & ration",yes,"Agriculture,Rural & Environment",https://www.myscheme.gov.in/schemes/pfphmva
Gujarat,"Incentive Assistance to Scheduled Tribe Farmers to Increase the Area, Production and Productivity of Sugarcane Farming",State,"Food, LPG & ration",yes,"Agriculture,Rural & Environment",https://www.myscheme.gov.in/schemes/iastasf
Gujarat,Scheme to Provide Assistance for Construction of Retail Outlets/ Agricultural Malls in State Market Committees,State,"Food, LPG & ration",yes,"Agriculture,Rural & Environment; Business & Entrepreneurship",https://www.myscheme.gov.in/schemes/spacroam
Gujarat,Gujarat Textile Policy: Assistance for Quality Certification,State,"Livelihood, loans & self-employment",yes,Business & Entrepreneurship,https://www.myscheme.gov.in/schemes/gtpaqc
Gujarat,"Subsidy Scheme on Establishment of 25 R.I.R. Bird’s Unit, 100 Broiler Bird’s Unit and Stipend for Poultry Farming Training for Scheduled Caste People",State,Not for workers: students & education,no,"Agriculture,Rural & Environment",https://www.myscheme.gov.in/schemes/ssbutsc
Gujarat,COP-5 Financial Assistance to Agricultural Credit Co-operative Banks (PACS/LAMPS) for Reconstruction and Reestablishment (General/Tribal Area),State,Farmers & agriculture,yes,"Agriculture,Rural & Environment",https://www.myscheme.gov.in/schemes/cfaacobrr
Gujarat,Managerial Assistance Scheme for Appointment of Veterinarian,State,Health & disability,yes,"Agriculture,Rural & Environment",https://www.myscheme.gov.in/schemes/masav
Gujarat,Kishan Kalpvriksh Yojana (Scheme for Assistance to APMCs to Provide Basic and Modern Facilities) (Tribal),State,Farmers & agriculture,yes,"Agriculture,Rural & Environment",https://www.myscheme.gov.in/schemes/kkyaabmt
Gujarat,Kishan Kalpvriksh Yojana (Scheme for Assistance to APMCs to Provide Basic and Modern Facilities) (General),State,Farmers & agriculture,yes,"Agriculture,Rural & Environment",https://www.myscheme.gov.in/schemes/kkyaabmg
Gujarat,Facilitation of Large Size Godowns in APMC and Taluka-District Purchase Sale Union (General),State,Farmers & agriculture,yes,"Agriculture,Rural & Environment",https://www.myscheme.gov.in/schemes/flsgdpsug
Gujarat,Pradhan Mantri Matsya Sampada Yojana (PMMSY-Inland): Stocking of fingerlings in reservoir - Gujarat,State,"Livelihood, loans & self-employment",yes,"Agriculture,Rural & Environment",https://www.myscheme.gov.in/schemes/pmmsysfrguj
Gujarat,Assistance to Scheduled Castes for Fisheries: Fish Collection Cum Patrolling Boat Gujarat,State,"Livelihood, loans & self-employment",yes,"Agriculture,Rural & Environment",https://www.myscheme.gov.in/schemes/ascfpbguj
Gujarat,Gramodhyog Vikas Kendra,State,"Livelihood, loans & self-employment",yes,Business & Entrepreneurship; Transport & Infrastructure,https://www.myscheme.gov.in/schemes/gvk
Gujarat,"Scheme for Assistance to Micro, Small and Medium Enterprises (MSME): Assistance of Capital Investment Subsidy (Manufacturing Sector)",State,Other,no,Business & Entrepreneurship,https://www.myscheme.gov.in/schemes/samsmecis
Gujarat,Bal Sakha Yojana,State,Health & disability,yes,Health & Wellness; Utility & Sanitation,https://www.myscheme.gov.in/schemes/bsy
Gujarat,Aatmanirbhar Gujarat Scheme for assistance to MSMEs: Assistance for Saving in Consumption of Energy and Water ,State,Other,no,Business & Entrepreneurship,https://www.myscheme.gov.in/schemes/agmsmeae
Gujarat,Aatmanirbhar Gujarat Scheme for assistance to MSMEs: Rehabilitation of Sick Enterprise,State,Other,no,Business & Entrepreneurship,https://www.myscheme.gov.in/schemes/agmsmerse
Gujarat,Aatmanirbhar Gujarat Scheme for assistance to MSMEs: Assistance for Raising Capital through SME Exchange ,State,"Food, LPG & ration",yes,Business & Entrepreneurship,https://www.myscheme.gov.in/schemes/agmsmesmee
Gujarat,Aatmanirbhar Gujarat Scheme for assistance to MSMEs: Assistance for Reimbursement of CGTMSE Fees,State,Other,no,Business & Entrepreneurship,https://www.myscheme.gov.in/schemes/agmsmercgt
Gujarat,Aatmanirbhar Gujarat Scheme for Assistance to Mega Industries: Net SGST reimbursement,State,Other,no,Business & Entrepreneurship,https://www.myscheme.gov.in/schemes/agsmnsgst
Gujarat,Aatmanirbhar Gujarat Scheme for assistance to MSMEs: Assistance of Capital Investment Subsidy to Micro enterprises,State,Other,no,Business & Entrepreneurship,https://www.myscheme.gov.in/schemes/agmsmecis
Gujarat,Aatmanirbhar Gujarat Scheme for assistance to MSMEs: EPF Reimbursement to MSMEs,State,Other,no,Business & Entrepreneurship,https://www.myscheme.gov.in/schemes/agmsmeepf
Gujarat,Financial Assistance to Industrial Parks: Stamp Duty,State,Other,no,Business & Entrepreneurship,https://www.myscheme.gov.in/schemes/faitsd
Gujarat,Scheme of Assistance for Common Environment Infrastructure: Scheme for Development of Green Estate,State,Farmers & agriculture,yes,"Business & Entrepreneurship; Agriculture,Rural & Environment",https://www.myscheme.gov.in/schemes/saceidge
Gujarat,Scheme for Enhancement of Technical Competence and Manpower: Scheme of Financial Assistance for Running Short-term Bridge Courses,State,"Livelihood, loans & self-employment",yes,Education & Learning; Skills & Employment,https://www.myscheme.gov.in/schemes/setcmstbc
Gujarat,Scheme for Financial Assistance to Integrated Logistics Facilities: Exemption of Electricity Duty,State,Other,no,Business & Entrepreneurship,https://www.myscheme.gov.in/schemes/sfailfeed
Gujarat,Scheme for assistance for Start Ups/ Innovation: Seed Support,State,Farmers & agriculture,yes,Business & Entrepreneurship,https://www.myscheme.gov.in/schemes/sfasiss
Gujarat,Scheme or assistance for Start Ups/ Innovation: Assistance to Startups having a Significant Impact on Society,State,Other,no,Business & Entrepreneurship,https://www.myscheme.gov.in/schemes/sfasisssis
Gujarat,Aatmanirbhar Gujarat Scheme for Assistance to Mega Industries: Reimbursement of Stamp Duty and Registration Fees,State,"Food, LPG & ration",yes,Business & Entrepreneurship,https://www.myscheme.gov.in/schemes/agsmrsd
Gujarat,Scheme for assistance for Start Ups/ Innovation: Assistance for Skill Development,State,Other,no,Business & Entrepreneurship; Skills & Employment,https://www.myscheme.gov.in/schemes/sfasisd
Gujarat,Dr.Babasaheb Ambedkar Udyog Uday Yojana: Assistance for Quality Certification,State,Other,no,Business & Entrepreneurship,https://www.myscheme.gov.in/schemes/bauuyaqc
Gujarat,Dr.Babasaheb Ambedkar Udyog Uday Yojana: Assistance in Implementation of Information and Communication Technology (ICT),State,Other,no,Business & Entrepreneurship,https://www.myscheme.gov.in/schemes/bauuyict
Gujarat,Scheme for Enhancement of Technical Competence and Manpower: Scheme of Financial Assistance for Tuition Fees for Enhancement of Skill,State,Not for workers: students & education,no,Skills & Employment,https://www.myscheme.gov.in/schemes/setctfes
Gujarat,"Dr.Babasaheb Ambedkar Udyog Uday Yojana: Assistance to basic industrial infrastructure (Water, Gas and Approach Road)",State,Other,no,Business & Entrepreneurship,https://www.myscheme.gov.in/schemes/bauuyabii
Gujarat,Dr.Babasaheb Ambedkar Udyog Uday Yojana: Assistance to MSEs for Shed Developed by Private Developer,State,Other,no,Business & Entrepreneurship,https://www.myscheme.gov.in/schemes/bauuysdpd
Gujarat,Dr.Babasaheb Ambedkar Udyog Uday Yojana: Assistance for Technology Acquisition,State,Other,no,Business & Entrepreneurship,https://www.myscheme.gov.in/schemes/bauuyata
Gujarat,"Scheme for Assistance to Micro, Small and Medium Enterprises (MSME):  Assistance for Saving in Consumption of Energy and Water",State,Other,no,Business & Entrepreneurship,https://www.myscheme.gov.in/schemes/samsmeasc
Gujarat,Market Development Assistance to MSMEs: Assistance to Organizers for Organizing Industrial Exhibitions in Gujarat,State,Other,no,Business & Entrepreneurship,https://www.myscheme.gov.in/schemes/mdameao
Gujarat,Gujarat Textile Policy: Payroll Assistance,State,"Livelihood, loans & self-employment",yes,Business & Entrepreneurship,https://www.myscheme.gov.in/schemes/gtppa
Gujarat,Gujarat Textile Policy: Assistance for Saving in Consumption of Energy and Water,State,"Livelihood, loans & self-employment",yes,Business & Entrepreneurship,https://www.myscheme.gov.in/schemes/gtpascew
Gujarat,Self-Employment Scheme: Nana Vyavasay Mate Loan Yojana,State,"Insurance, accident & death help",yes,"Banking,Financial Services and Insurance; Business & Entrepreneurship",https://www.myscheme.gov.in/schemes/sesnvmly
Gujarat,Interest Subvention against long terms loan to the Co-operative sugar societies (Normal Area) (Tribal Area),State,"Food, LPG & ration",yes,"Agriculture,Rural & Environment",https://www.myscheme.gov.in/schemes/isaltlcss
Gujarat,AGR-61 Agro Service Providers for the Purpose of Making Farming More Profitable With the Help of Farm Mechanization,State,"Food, LPG & ration",yes,"Agriculture,Rural & Environment",https://www.myscheme.gov.in/schemes/agrasp
Gujarat,Finance Assistant to PACS for Computerization and Integration of PACS through Core Banking System with District Cooperative Banks,State,"Food, LPG & ration",yes,"Agriculture,Rural & Environment",https://www.myscheme.gov.in/schemes/facipcd
Gujarat,Scheme to Assist for Infrastructural Facilities for Gaushalas & Panjrapole,State,Farmers & agriculture,yes,"Agriculture,Rural & Environment",https://www.myscheme.gov.in/schemes/saifgp
Gujarat,Scheme of Assistance for Management of Stray Cattle,State,Farmers & agriculture,yes,"Agriculture,Rural & Environment",https://www.myscheme.gov.in/schemes/samsc
Gujarat,Scheme for Management and Purchase of Bulls Provided for Breeding of State Gir/ Kankarej Breed,State,Farmers & agriculture,yes,"Agriculture,Rural & Environment",https://www.myscheme.gov.in/schemes/smpbpbs
Gujarat,Scheme to Give Incentive-Prize to Gaushala/ Panjrapole,State,"Food, LPG & ration",yes,"Agriculture,Rural & Environment",https://www.myscheme.gov.in/schemes/sgipgp
Gujarat,Contribution to State Agriculture Marketing Board Development Fund (General),State,"Food, LPG & ration",yes,"Agriculture,Rural & Environment",https://www.myscheme.gov.in/schemes/sfcsambdg
Gujarat,"Scheme for Assistance to Micro, Small and Medium Enterprises (MSME): Assistance for Interest Subsidy (Manufacturing Sector)",State,Other,no,Business & Entrepreneurship,https://www.myscheme.gov.in/schemes/samsmeis
Gujarat,Scheme For Assistance For Start Ups/ Innovation,State,"Food, LPG & ration",yes,Business & Entrepreneurship,https://www.myscheme.gov.in/schemes/sasi
Gujarat,"Assistance for Tools, Equipment, Shorting/Grading Equipment, PHM Equipment for Scheduled Tribes (HRT-3)",State,Farmers & agriculture,yes,"Agriculture,Rural & Environment",https://www.myscheme.gov.in/schemes/atesgephmesthrt3
Gujarat,Mai Ramabai Ambedakar Saat Phera Samuh Lagna Yojana,State,"Women, marriage & maternity",yes,Social welfare & Empowerment,https://www.myscheme.gov.in/schemes/mraspsly
Gujarat,Aatmanirbhar Gujarat Scheme for assistance to MSMEs: Assistance for Technology Acquisition,State,Other,no,Business & Entrepreneurship,https://www.myscheme.gov.in/schemes/agmsmeata
Gujarat,Aatmanirbhar Gujarat Scheme for assistance to Large Industries and Thrust Sector: EPF Reimbursement,State,"Livelihood, loans & self-employment",yes,Business & Entrepreneurship,https://www.myscheme.gov.in/schemes/agslitepf
Gujarat,Scheme for Financial Assistance to Integrated Logistics Facilities: Reimbursement of Stamp Duty,State,Other,no,Business & Entrepreneurship,https://www.myscheme.gov.in/schemes/sfailfrsd
Gujarat,Financial Assistance to Industrial Parks: Infrastructure Facilities,State,Other,no,Business & Entrepreneurship,https://www.myscheme.gov.in/schemes/faitif
Gujarat,Scheme for assistance for Start Ups/ Innovation: Sustenance Allowance,State,Other,no,Business & Entrepreneurship,https://www.myscheme.gov.in/schemes/sfasisa
Gujarat,Scheme for Assistance for Industrial Infrastructure,State,Other,no,Business & Entrepreneurship,https://www.myscheme.gov.in/schemes/sfafii
Gujarat,Dr.Babasaheb Ambedkar Udyog Uday Yojana: Assistance for Interest Subsidy (Service Sector),State,Other,no,Business & Entrepreneurship,https://www.myscheme.gov.in/schemes/bauuyisss
Gujarat,Scheme for Enhancement of Technical Competence and Manpower: Scheme of Financial Assistance for Setting-up of Specialized Skill Development Centers at Industry,State,"Livelihood, loans & self-employment",yes,Skills & Employment,https://www.myscheme.gov.in/schemes/setcmssdc
Gujarat,Dr.Babasaheb Ambedkar Udyog Uday Yojana: Assistance to Micro and Small Enterprises (MSE) of SC/ST for Plot Developed by GIDC,State,Other,no,Business & Entrepreneurship,https://www.myscheme.gov.in/schemes/bauuyadp
Gujarat,Dr.Babasaheb Ambedkar Udyog Uday Yojana: Assistance to GIDC for Developing Multi-Storied Shed in Estates,State,Other,no,Business & Entrepreneurship,https://www.myscheme.gov.in/schemes/bauuyadmse
Gujarat,"Scheme for Assistance to Micro, Small and Medium Enterprises (MSME): Assistance for Patent Registration",State,"Food, LPG & ration",yes,Business & Entrepreneurship,https://www.myscheme.gov.in/schemes/samsmeapr
Gujarat,"Scheme for Assistance to Micro, Small and Medium Enterprises (MSME): Assistance for Technology Acquisition",State,Other,no,Business & Entrepreneurship,https://www.myscheme.gov.in/schemes/samsmeata
Gujarat,"Scheme for Assistance to Micro, Small and Medium Enterprises (MSME): Assistance for Quality Certification",State,Other,no,Business & Entrepreneurship,https://www.myscheme.gov.in/schemes/aqc
Gujarat,Scheme for Awards to MSMES,State,"Not for workers: sports, arts, awards",no,Business & Entrepreneurship,https://www.myscheme.gov.in/schemes/sfatm
Gujarat,Market Development Assistance to MSMEs: Assistance to MSME Manufacturing Sector Participation in the Exhibition (National and International),State,Other,no,Business & Entrepreneurship,https://www.myscheme.gov.in/schemes/mdameni
Gujarat,State Government Share Capital Contribution to Co.operative Sugar Factories (Normal Area) (Tribal Area),State,"Food, LPG & ration",yes,"Agriculture,Rural & Environment; Business & Entrepreneurship",https://www.myscheme.gov.in/schemes/sgsccs
Gujarat,Gujarat Textile Policy: Interest Subsidy (Fiscal Incentives to Labour Intensive Unit),State,"Livelihood, loans & self-employment",yes,Business & Entrepreneurship,https://www.myscheme.gov.in/schemes/gtcisliu
Gujarat,Scheme for Rearing Purebreed Gir/ Kankarage Male Cow Calves with Excellent Genetic Quality,State,Farmers & agriculture,yes,"Agriculture,Rural & Environment",https://www.myscheme.gov.in/schemes/sfrpgkgq
Gujarat,National Mission on Edible Oil- Oil Palm: Custom Hiring Centre cum Harvester Groups,State,Farmers & agriculture,yes,"Agriculture,Rural & Environment",https://www.myscheme.gov.in/schemes/nmoechchg
Gujarat,Assistance to Scheduled Castes for Fisheries: Fish seed rearing - Gujarat,State,"Livelihood, loans & self-employment",yes,"Agriculture,Rural & Environment",https://www.myscheme.gov.in/schemes/ascfsrguj
Gujarat,Sagar Khedu Sarvangi Vikas Yojana,State,Farmers & agriculture,yes,"Transport & Infrastructure; Agriculture,Rural & Environment; Utility & Sanitation",https://www.myscheme.gov.in/schemes/sksvy
Gujarat,To Increase Fish Seed Production and Inland Fisheries Resources in Tribal Areas: Boat Net - Gujarat,State,"Livelihood, loans & self-employment",yes,"Agriculture,Rural & Environment",https://www.myscheme.gov.in/schemes/ifsptbnguj
Gujarat,Vanbandhu Kalyan Yojana,State,"Livelihood, loans & self-employment",yes,Social welfare & Empowerment,https://www.myscheme.gov.in/schemes/vky
Gujarat,Harvesting Tools Assistance for Scheduled Castes (HRT-4),State,Farmers & agriculture,yes,"Agriculture,Rural & Environment",https://www.myscheme.gov.in/schemes/htaschrt4
Gujarat,Harvesting Tools Assistance for Scheduled Tribes (HRT-3),State,Farmers & agriculture,yes,"Agriculture,Rural & Environment",https://www.myscheme.gov.in/schemes/htasthrt3
Gujarat,Aatmanirbhar Gujarat Scheme for assistance to MSMEs: Assistance for Power Connection Charges,State,Other,no,Business & Entrepreneurship,https://www.myscheme.gov.in/schemes/agmsmesapc
Gujarat,Aatmanirbhar Gujarat Scheme for assistance to MSMEs: Assistance in Rent to MSEs,State,Other,no,Business & Entrepreneurship,https://www.myscheme.gov.in/schemes/agmsmearmse
Gujarat,"Aatmanirbhar Gujarat Scheme for assistance to MSMEs: Assistance for Interest Subsidy to Micro, Small and Medium Enterprise (Manufacturing Sector)",State,Other,no,Business & Entrepreneurship,https://www.myscheme.gov.in/schemes/agmsmecisms
Gujarat,Scheme of Assistance for Common Environment Infrastructure: Scheme of Assistance for Strengthening the Regulation and Environmental Compliance,State,Farmers & agriculture,yes,"Business & Entrepreneurship; Agriculture,Rural & Environment",https://www.myscheme.gov.in/schemes/saceiasre
Gujarat,Scheme for Assistance to Logistic Park,State,Other,no,Business & Entrepreneurship,https://www.myscheme.gov.in/schemes/sfalp
Gujarat,Aatmanirbhar Gujarat Scheme for assistance to Large Industries and Thrust Sector: Assistance of Interest Subsidy,State,"Livelihood, loans & self-employment",yes,Business & Entrepreneurship,https://www.myscheme.gov.in/schemes/agslitsis
Gujarat,Scheme for Financial Assistance to Integrated Logistics Facilities: Capital Subsidy,State,"Livelihood, loans & self-employment",yes,Business & Entrepreneurship,https://www.myscheme.gov.in/schemes/sfailfcs
Gujarat,Dr.Babasaheb Ambedkar Udyog Uday Yojana: Assistance of Capital Investment Subsidy,State,Other,no,Business & Entrepreneurship,https://www.myscheme.gov.in/schemes/bauuycis
Gujarat,Dr.Babasaheb Ambedkar Udyog Uday Yojana: Financial Support to MSMEs in ZED Certification,State,Other,no,Business & Entrepreneurship,https://www.myscheme.gov.in/schemes/bauuyzed
Gujarat,Dr.Babasaheb Ambedkar Udyog Uday Yojana: Assistance for Interest Subsidy (Manufacturing Sector),State,Other,no,Business & Entrepreneurship,https://www.myscheme.gov.in/schemes/bauuyisms
Gujarat,Dr.Babasaheb Ambedkar Udyog Uday Yojana: Assistance for Raising Capital through SME Exchange,State,Other,no,Business & Entrepreneurship,https://www.myscheme.gov.in/schemes/bauuysme
Gujarat,"Scheme for Assistance to Micro, Small and Medium Enterprises (MSME): Financial Support to MSMEs in ZED Certification",State,Other,no,Business & Entrepreneurship,https://www.myscheme.gov.in/schemes/samsmezed
Gujarat,Dr.Babasaheb Ambedkar Udyog Uday Yojana: Assistance to MSME Manufacturing Sector Participation in the Exhibition (National and International),State,Other,no,Business & Entrepreneurship,https://www.myscheme.gov.in/schemes/bauuyammpe
Gujarat,Gujarat Textile Policy: Capital Subsidy (Fiscal Incentives to Labour Intensive Unit),State,"Livelihood, loans & self-employment",yes,Business & Entrepreneurship,https://www.myscheme.gov.in/schemes/gtccsliu
Gujarat,"Scheme for Assistance to Micro, Small and Medium Enterprises (MSME): Assistance in Implementation of Information and Communication Technology (ICT)",State,Other,no,Business & Entrepreneurship,https://www.myscheme.gov.in/schemes/samsmeict
Gujarat,"Scheme for Assistance to Micro, Small and Medium Enterprises (MSME): Assistance for Raising Capital through SME Exchange ",State,Other,no,Business & Entrepreneurship,https://www.myscheme.gov.in/schemes/samsmesme
Gujarat,"Scheme for Assistance to Micro, Small and Medium Enterprises (MSME):  Assistance for Reimbursement of CGTMSE Fees",State,Other,no,Business & Entrepreneurship,https://www.myscheme.gov.in/schemes/samsmecgt
Gujarat,"Scheme for Assistance to Micro, Small and Medium Enterprises (MSME): Assistance in Rent to MSEs",State,Other,no,Business & Entrepreneurship,https://www.myscheme.gov.in/schemes/samsmearm
Gujarat,Gujarat Textile Policy: Interest Subsidy,State,"Livelihood, loans & self-employment",yes,Business & Entrepreneurship,https://www.myscheme.gov.in/schemes/gtcis
Gujarat,Scheme to Provide Assistance for Setting Up Farmer Support Centers in State Market Committees and for Computerization of All Market Committees,State,"Food, LPG & ration",yes,"Agriculture,Rural & Environment",https://www.myscheme.gov.in/schemes/spafsg
Gujarat,Creation of Modern Facilities in Market Committee: Scheme to provide assistance foe setting up modern facilities in Market Committee,State,"Food, LPG & ration",yes,"Agriculture,Rural & Environment; Business & Entrepreneurship",https://www.myscheme.gov.in/schemes/cmfmc
Gujarat,Scheme to Provide Assistance to Sate Market Committees as well as Taluka-District Co-operative Purchase and Sale Union to Construct Large Size Warehouse Godowns,State,"Food, LPG & ration",yes,"Agriculture,Rural & Environment",https://www.myscheme.gov.in/schemes/spsmct
Gujarat,Gujarat Textile Policy: Assistance to SHG for Job Work (Fiscal Incentives to Labour Intensive Unit),State,"Livelihood, loans & self-employment",yes,Business & Entrepreneurship,https://www.myscheme.gov.in/schemes/gtpasjliu
Gujarat,To Increase Fish Seed Production and Inland Fisheries Equipment in Tribal Areas,State,"Food, LPG & ration",yes,"Agriculture,Rural & Environment",https://www.myscheme.gov.in/schemes/ifspeta
Gujarat,Construction of Dudhghar/ Godown (Scheduled Tribe Area),State,Farmers & agriculture,yes,"Agriculture,Rural & Environment",https://www.myscheme.gov.in/schemes/cdgsta
Gujarat,Scheme for Supply of Improved Seeds for Fodder,State,Farmers & agriculture,yes,"Agriculture,Rural & Environment",https://www.myscheme.gov.in/schemes/sfsoisf
Gujarat,Assistance to Scheduled Castes for Fisheries: Prawn Seed Stocking Gujarat,State,"Livelihood, loans & self-employment",yes,"Agriculture,Rural & Environment",https://www.myscheme.gov.in/schemes/ascfpssguj
Gujarat,To Increase Fish Seed Production and Inland Fisheries Resources in Tribal Areas: Prawn Seed Stocking - Gujarat,State,"Livelihood, loans & self-employment",yes,"Agriculture,Rural & Environment",https://www.myscheme.gov.in/schemes/ifptpssguj
Gujarat,Pradhan Mantri Matsya Sampada Yojana (PMMSY-Inland): Medium Biofloc Establishment - Gujarat,State,"Livelihood, loans & self-employment",yes,"Agriculture,Rural & Environment",https://www.myscheme.gov.in/schemes/pmmsymbeguj
Gujarat,A Scheme to Provide Assistance for Building E-Market Facilities in Market Committees,State,Farmers & agriculture,yes,"Agriculture,Rural & Environment",https://www.myscheme.gov.in/schemes/spabem
Gujarat,Assistance to Co-operative Irrigation Societies M. N. R.-10 (General Area),State,Farmers & agriculture,yes,"Agriculture,Rural & Environment",https://www.myscheme.gov.in/schemes/atcisg
Gujarat,Assistance to Trusts/Institutions for Setting Up Cultural Centers/Auditoriums in the Municipal Area,State,"Not for workers: sports, arts, awards",no,Sports & Culture,https://www.myscheme.gov.in/schemes/attisca
Gujarat,"Assistance for Tools, Equipment, Shorting/Grading Equipment, PHM Equipment for Scheduled Castes (HRT-4)",State,Farmers & agriculture,yes,"Agriculture,Rural & Environment",https://www.myscheme.gov.in/schemes/atesgephmschrt4
Gujarat,Swarnim Jayanti Mukhya Mantri Shaheri Vikas Yojana (SJMMSVY),State,Health & disability,yes,Utility & Sanitation,https://www.myscheme.gov.in/schemes/sjmmsvy
Gujarat,Aatmanirbhar Gujarat Scheme for assistance to MSMEs: Assistance in Implementation of Information and Communication Technology ,State,Other,no,Business & Entrepreneurship,https://www.myscheme.gov.in/schemes/agmsmeict
Gujarat,Aatmanirbhar Gujarat Scheme for assistance to MSMEs: Assistance for Quality Certification,State,Other,no,Business & Entrepreneurship,https://www.myscheme.gov.in/schemes/agmsmaqc
Gujarat,Scheme of Assistance for Environment Protection Measures: Scheme for assistance to encouraging Green Practices and Environmental Audit to MSMEs,State,Farmers & agriculture,yes,"Business & Entrepreneurship; Agriculture,Rural & Environment",https://www.myscheme.gov.in/schemes/saepegp
Gujarat,Scheme for Assistance for Research & Development Activities: Assistance for Contract/Sponsored Research Work,State,Other,no,"Business & Entrepreneurship; Science, IT & Communications",https://www.myscheme.gov.in/schemes/sardacsr
Gujarat,Scheme for Assistance for Research & Development Activities: Assistance to Industrial Association for Establishment of R&D Laboratories,State,Other,no,"Business & Entrepreneurship; Science, IT & Communications",https://www.myscheme.gov.in/schemes/sardaia
Gujarat,Scheme of Assistance for Environment Protection Measures: Scheme for assistance to Environment Management,State,Farmers & agriculture,yes,"Business & Entrepreneurship; Agriculture,Rural & Environment",https://www.myscheme.gov.in/schemes/saepaep
Gujarat,Aatmanirbhar Gujarat Scheme for Assistance to Mega Industries: Assistance of Interest Subsidy,State,Other,no,Business & Entrepreneurship,https://www.myscheme.gov.in/schemes/agsmais
Gujarat,Scheme for assistance for Start Ups/ Innovation: Assistance to Enroll and Participate for Acceleration Program,State,"Food, LPG & ration",yes,Business & Entrepreneurship,https://www.myscheme.gov.in/schemes/sfasiepap
Gujarat,Scheme for Financial Assistance to Integrated Logistics Facilities: Interest Subsidy,State,"Livelihood, loans & self-employment",yes,Business & Entrepreneurship,https://www.myscheme.gov.in/schemes/sfailfis
Gujarat,Scheme of Assistance for Common Environment Infrastructure: Common Boiler Project by SPV Constituted by Minimum 10 MSMEs,State,Other,no,Business & Entrepreneurship,https://www.myscheme.gov.in/schemes/saceicbspv
Gujarat,Scheme of Assistance for Common Environment Infrastructure: Financial Assistance for Common Environmental Infrastructure Facilities,State,Farmers & agriculture,yes,"Business & Entrepreneurship; Agriculture,Rural & Environment",https://www.myscheme.gov.in/schemes/saceieif
Gujarat,Dr.Babasaheb Ambedkar Udyog Uday Yojana: Assistance to Special Entrepreneurship Degree Approach Training with 360 Promoters/ with Mentoring Support and Sustenance Allowance for Entrepreneurs,State,Other,no,Business & Entrepreneurship; Skills & Employment,https://www.myscheme.gov.in/schemes/bauuyseat
Gujarat,Dr.Babasaheb Ambedkar Udyog Uday Yojana: Assistance for Power Connection Charges,State,Other,no,Business & Entrepreneurship,https://www.myscheme.gov.in/schemes/bauuyapcc
Gujarat,Scheme for Enhancement of Technical Competence and Manpower: Scheme of Financial Assistance for Setting Up Anchor Institute,State,"Livelihood, loans & self-employment",yes,Education & Learning; Skills & Employment,https://www.myscheme.gov.in/schemes/setcmaai
Gujarat,Financial Assistance to Industrial Parks: Assistance on Fixed Capital Investment,State,Other,no,Business & Entrepreneurship,https://www.myscheme.gov.in/schemes/faitfci
Gujarat,Gujarat Textile Policy: Capital Subsidy,State,"Livelihood, loans & self-employment",yes,Business & Entrepreneurship,https://www.myscheme.gov.in/schemes/gtccs
Gujarat,Gujarat Textile Policy: Assistance for Technology Acquisition,State,"Livelihood, loans & self-employment",yes,Business & Entrepreneurship,https://www.myscheme.gov.in/schemes/gtpata
Gujarat,Gujarat Textile Policy: Payroll Assistance (Fiscal Incentives to Labour Intensive Unit),State,"Livelihood, loans & self-employment",yes,Business & Entrepreneurship,https://www.myscheme.gov.in/schemes/gtcpaliu
Gujarat,Gujarat Textile Policy: Power Tariff Subsidy (Fiscal Incentives to Labour Intensive Unit),State,"Livelihood, loans & self-employment",yes,Business & Entrepreneurship,https://www.myscheme.gov.in/schemes/gtcptsliu
Gujarat,"Scheme for Assistance to Micro, Small and Medium Enterprises (MSME): Rehabilitation of Sick Enterprises ",State,Other,no,Business & Entrepreneurship,https://www.myscheme.gov.in/schemes/samsmerse
Gujarat,Gujarat Textile Policy: Assistance to SHG for Job Work,State,"Livelihood, loans & self-employment",yes,Business & Entrepreneurship,https://www.myscheme.gov.in/schemes/gtpasjw
Gujarat,Package for strengthening to sugar co-operatives as may be policy decided by the State Government,State,"Food, LPG & ration",yes,"Agriculture,Rural & Environment",https://www.myscheme.gov.in/schemes/pfssco
Gujarat,Scheme to Provide Assistance to Processing Units in State Market Committees,State,"Food, LPG & ration",yes,"Agriculture,Rural & Environment",https://www.myscheme.gov.in/schemes/apapusmc
Gujarat,"Incentive Assistance to Scheduled Caste Farmers to Increase the Area, Production and Productivity of Sugarcane Farming",State,"Food, LPG & ration",yes,"Agriculture,Rural & Environment",https://www.myscheme.gov.in/schemes/iascasf
Gujarat,Construction of Dudhghar/ Godown (Scheduled Caste Area),State,Farmers & agriculture,yes,"Agriculture,Rural & Environment",https://www.myscheme.gov.in/schemes/cdgsca
Gujarat,To Increase Fish Seed Production and Inland Fisheries Equipment in Non-Tribal Areas,State,"Food, LPG & ration",yes,"Agriculture,Rural & Environment",https://www.myscheme.gov.in/schemes/ifsifnta
Gujarat,Assistance to Scheduled Castes for Fisheries,State,"Food, LPG & ration",yes,"Agriculture,Rural & Environment",https://www.myscheme.gov.in/schemes/ifspta
Gujarat,"Fodder Development Scheme For Gram Panchayat, Gaushala And Panjarpol Having Gauchar Land",State,Health & disability,yes,"Agriculture,Rural & Environment",https://www.myscheme.gov.in/schemes/fdsgpgp
Gujarat,Nalanda Award,State,"Not for workers: sports, arts, awards",no,Social welfare & Empowerment,https://www.myscheme.gov.in/schemes/nag
Gujarat,Incentive Scheme for Establishment of New Super Specialty Hospital in Private Sector,State,Health & disability,yes,Transport & Infrastructure; Health & Wellness,https://www.myscheme.gov.in/schemes/isensshps
Gujarat,COP-37 (General Area) 50% Capital Subsidy Scheme for Project of Taluka & District Co-op. Purchase Sale Union,State,"Livelihood, loans & self-employment",yes,"Agriculture,Rural & Environment",https://www.myscheme.gov.in/schemes/cssptdcp
Gujarat,Scheduled Castes Unsalaried Credit Co-operative Society and Credit and Supply Co-operative Scheme for Providing Managerial Assistance and Computer–Furniture to the Society,State,Farmers & agriculture,yes,"Agriculture,Rural & Environment",https://www.myscheme.gov.in/schemes/scuccocsc
Gujarat,Scheme for Granting Assistance to Processing Units in APMC (General Area),State,"Food, LPG & ration",yes,"Agriculture,Rural & Environment",https://www.myscheme.gov.in/schemes/sgapug
Gujarat,Assistance to Scheduled Castes for Fisheries: Fish Seed Stocking - Gujarat,State,"Livelihood, loans & self-employment",yes,"Agriculture,Rural & Environment",https://www.myscheme.gov.in/schemes/ascffsguj
Gujarat,Assistance to Scheduled Castes for Fisheries: Boat Net Gujarat,State,"Livelihood, loans & self-employment",yes,"Agriculture,Rural & Environment",https://www.myscheme.gov.in/schemes/ascfbnguj
Gujarat,Assistance to Scheduled Castes for Fisheries: Scheme For Fish Sale Equipment - Gujarat,State,"Livelihood, loans & self-employment",yes,"Agriculture,Rural & Environment",https://www.myscheme.gov.in/schemes/ascfseguj
Gujarat,Pradhan Mantri Matsya Sampada Yojana (PMMSY-Inland): Backyard Ornamental Fish Rearing Unit - Gujarat,State,"Livelihood, loans & self-employment",yes,"Agriculture,Rural & Environment",https://www.myscheme.gov.in/schemes/pmmsybofrguj
Gujarat,Pradhan Mantri Matsya Sampada Yojana (PMMSY-Inland): Large Biofloc Establishment Culture System - Gujarat,State,"Livelihood, loans & self-employment",yes,"Agriculture,Rural & Environment",https://www.myscheme.gov.in/schemes/pmmsylbeguj
Gujarat,"Scheme for Assistance to Micro, Small and Medium Enterprises (MSME): Assistance for Interest Subsidy (Service Sector)",State,Other,no,Business & Entrepreneurship,https://www.myscheme.gov.in/schemes/samsmeisss
Gujarat,National Mission on Edible Oils- Oil Palm,Central,Farmers & agriculture,yes,"Agriculture,Rural & Environment",https://www.myscheme.gov.in/schemes/nmeo-op
Gujarat,Training for Horticulture Skill Development for Self-Employment at Centre of Excellence,State,Not for workers: students & education,no,Skills & Employment,https://www.myscheme.gov.in/schemes/thsdse
Gujarat,NEW SWARNIMA (Gopalak Nigam),State,"Livelihood, loans & self-employment",yes,Business & Entrepreneurship; Social welfare & Empowerment; Women and Child,https://www.myscheme.gov.in/schemes/nssggvn
Gujarat,Scheme of Financial Assistance to New Writers of Gujarati Language and Literature for Publishing Original Works of Creative and Fine Literature,State,Not for workers: students & education,no,Sports & Culture,https://www.myscheme.gov.in/schemes/sfanwgl
Gujarat,MICRO FINANCE (Gopalak Nigam),State,"Livelihood, loans & self-employment",yes,Business & Entrepreneurship; Social welfare & Empowerment,https://www.myscheme.gov.in/schemes/msggvn
Gujarat,Foreign Study Loan Scheme (GUEEDC),State,Not for workers: students & education,no,Education & Learning; Social welfare & Empowerment,https://www.myscheme.gov.in/schemes/fsls
Gujarat,Scheme to Provide Financial Assistance for Translation of Scholarly Works,State,"Not for workers: sports, arts, awards",no,Sports & Culture,https://www.myscheme.gov.in/schemes/sfatsw
Uttarakhand,Monthly/Family Pension for Freedom Fighters and their Widows of Uttarakhand State,State,Not for workers: honour & service pensions,no,Social welfare & Empowerment,https://www.myscheme.gov.in/schemes/mfpffw
Uttarakhand,Pension Scheme for State Agitators Other Than Category of Agitators Who Went to Jail for 7 Days or got Injured during the Uttarakhand State Movement,State,Not for workers: honour & service pensions,no,Social welfare & Empowerment,https://www.myscheme.gov.in/schemes/usapfos
Uttarakhand,Organisation of Cultural Programs,State,"Not for workers: sports, arts, awards",no,Sports & Culture,https://www.myscheme.gov.in/schemes/ocpr
Uttarakhand,Printing and Free Distribution of Sanskrit Textbooks,State,Not for workers: students & education,no,Education & Learning,https://www.myscheme.gov.in/schemes/pafdost
Uttarakhand,Self-Employment Scheme for Scheduled Castes and Tribes,State,"Insurance, accident & death help",yes,"Business & Entrepreneurship; Skills & Employment; Banking,Financial Services and Insurance",https://www.myscheme.gov.in/schemes/sessct
Uttarakhand,Kishori Balika Yojana- Uttarakhand,State,Health & disability,yes,Women and Child; Health & Wellness,https://www.myscheme.gov.in/schemes/kbyuk
Uttarakhand,Mukhyamantri Medhavi Chhatra Puraskar Yojana,State,Not for workers: students & education,no,Education & Learning,https://www.myscheme.gov.in/schemes/mmcpy
Uttarakhand,Rishi and Milan Khosla Scholarship Scheme,State,Not for workers: students & education,no,Education & Learning; Women and Child,https://www.myscheme.gov.in/schemes/remkcy
Uttarakhand,Sanskrit Chhatra Pratibha Samman,State,Not for workers: students & education,no,Education & Learning,https://www.myscheme.gov.in/schemes/scpsuk
Uttarakhand,Saksham Scholarship,State,Not for workers: students & education,no,Education & Learning,https://www.myscheme.gov.in/schemes/ssduk
Uttarakhand,Shridev Suman State Merit Scholarship,State,Not for workers: students & education,no,Education & Learning,https://www.myscheme.gov.in/schemes/sssms
Uttarakhand,AYUSH Health and Wellness Centre - Ayushman Bharat Yojana,State,Health & disability,yes,Health & Wellness,https://www.myscheme.gov.in/schemes/ahwc
Uttarakhand,Khiladi Protsahan Chhatravriti Yojana,State,Not for workers: students & education,no,Sports & Culture,https://www.myscheme.gov.in/schemes/piss
Uttarakhand,Sponsorship Scheme (90% Centrally Funded),State,"Women, marriage & maternity",yes,Social welfare & Empowerment; Women and Child,https://www.myscheme.gov.in/schemes/ss90cf
Uttarakhand,National Livestock Mission: Livestock Insurance Scheme - Uttarakhand Livestock Development Board,State,"Insurance, accident & death help",yes,"Agriculture,Rural & Environment",https://www.myscheme.gov.in/schemes/lisulm
Uttarakhand,Maitri Prashikshan Karyakram - Uttarakhand Livestock Development Board,State,"Livelihood, loans & self-employment",yes,"Agriculture,Rural & Environment",https://www.myscheme.gov.in/schemes/mtp
Uttarakhand,Machhali Palan,State,"Livelihood, loans & self-employment",yes,"Agriculture,Rural & Environment; Business & Entrepreneurship",https://www.myscheme.gov.in/schemes/fishfarminguk
Uttarakhand,Low Altitude Guide Course,State,"Livelihood, loans & self-employment",yes,Travel & Tourism; Skills & Employment,https://www.myscheme.gov.in/schemes/lowaltitudeuk
Uttarakhand,Enhancement of Spoken English Programme,State,Not for workers: students & education,no,Education & Learning,https://www.myscheme.gov.in/schemes/esep
Uttarakhand,Amit Gautam Memorial Scholarship (B.Tech in Electronics Engineering – 4th Year),State,Not for workers: students & education,no,Education & Learning,https://www.myscheme.gov.in/schemes/agmsbtechuk
Uttarakhand,Hands-on Training and Exposure Visits under Experiential Learning,State,Not for workers: students & education,no,"Education & Learning; Science, IT & Communications",https://www.myscheme.gov.in/schemes/htevel
Uttarakhand,One-day Seminar on Vedic Mathematics,State,Not for workers: students & education,no,Education & Learning,https://www.myscheme.gov.in/schemes/odsvm
Uttarakhand,"Establishment and Operation of STEM (Science, Technology, Engineering, Mathematics) Laboratories",State,Not for workers: students & education,no,"Education & Learning; Science, IT & Communications",https://www.myscheme.gov.in/schemes/eosteml
Uttarakhand,Training/Capacity Building Programmes/Research work on Remote Sensing and GIS Applications,State,Not for workers: students & education,no,"Science, IT & Communications",https://www.myscheme.gov.in/schemes/tcbprwrsgisa
Uttarakhand,Sanitary Napkin Distribution - Uttarakhand,State,Health & disability,yes,Health & Wellness; Women and Child,https://www.myscheme.gov.in/schemes/snduk
Uttarakhand,Eja-Boi Shagun Yojana,State,Health & disability,yes,Women and Child,https://www.myscheme.gov.in/schemes/ebsyuk
Uttarakhand,Immunization Programme - Uttarakhand,State,Health & disability,yes,Health & Wellness,https://www.myscheme.gov.in/schemes/ipuk
Uttarakhand,Mukhyamantri Ghasyari Kalyan Yojana,State,Farmers & agriculture,yes,"Agriculture,Rural & Environment",https://www.myscheme.gov.in/schemes/mmgky
Uttarakhand,District Plan: Inter-Village Road Construction Scheme on Contributory Basis,State,Farmers & agriculture,yes,"Agriculture,Rural & Environment",https://www.myscheme.gov.in/schemes/dpivrcscb
Uttarakhand,Grid Connected Rooftop Solar Power Plant Scheme - Uttarakhand Renewable Energy Development Agency,State,Other,no,Business & Entrepreneurship,https://www.myscheme.gov.in/schemes/gcrsppsureda
Uttarakhand,Uttarakhand Mega Industrial and Investment Policy - 2021,State,"Livelihood, loans & self-employment",yes,Business & Entrepreneurship,https://www.myscheme.gov.in/schemes/ukmiip
Uttarakhand,Tea Development Programme in the Hilly Districts of Uttarakhand - Uttarakhand Tea Development Board,State,"Livelihood, loans & self-employment",yes,"Agriculture,Rural & Environment",https://www.myscheme.gov.in/schemes/tdphduk
Uttarakhand,Various Training and Support Schemes of Kisan Vigyan Kendra - Veer Chandra Singh Garhwali Uttarakhand University of Horticulture and Forestry,State,Not for workers: students & education,no,Skills & Employment,https://www.myscheme.gov.in/schemes/vtsskvk
Uttarakhand,Tea Tourism - Uttarakhand Tea Development Board,State,Other,no,Travel & Tourism,https://www.myscheme.gov.in/schemes/ttuktdb
Uttarakhand,Grant Scheme for Cultivation of Aromatic Plants - Centre for Aromatic Plants,State,Farmers & agriculture,yes,"Agriculture,Rural & Environment",https://www.myscheme.gov.in/schemes/gscap
Uttarakhand,Map Simplification Process,State,Housing,yes,Housing & Shelter,https://www.myscheme.gov.in/schemes/msp
Uttarakhand,Deen Dayal Antyodaya Yojana - National Urban Livelihoods Mission (DAY-NULM): Self-Help Group - Uttarakhand,State,"Livelihood, loans & self-employment",yes,Business & Entrepreneurship; Women and Child,https://www.myscheme.gov.in/schemes/daynulmshguk
Uttarakhand,Providing Model Maps for Residential Construction,State,Housing,yes,Housing & Shelter,https://www.myscheme.gov.in/schemes/pmmrc
Uttarakhand,"108, Emergency Ambulance Service - Uttarakhand",State,Health & disability,yes,Health & Wellness,https://www.myscheme.gov.in/schemes/108easuk
Uttarakhand,Greenhouse Construction,State,Farmers & agriculture,yes,"Agriculture,Rural & Environment",https://www.myscheme.gov.in/schemes/ghc
Uttarakhand,Divyang Pension Scheme - Uttarakhand,State,Pensions,yes,Social welfare & Empowerment,https://www.myscheme.gov.in/schemes/dpsuk
Uttarakhand,Old Age Pension Scheme - Uttarakhand,State,Pensions,yes,Social welfare & Empowerment,https://www.myscheme.gov.in/schemes/oap
Uttarakhand,Sanitary Napkin Scheme,State,Health & disability,yes,Health & Wellness,https://www.myscheme.gov.in/schemes/snsu
Uttarakhand,Dwarf Pension Scheme,State,Pensions,yes,Social welfare & Empowerment,https://www.myscheme.gov.in/schemes/udps
Uttarakhand,Maulana Azad Education Finance Foundation Scheme,State,Not for workers: students & education,no,Education & Learning,https://www.myscheme.gov.in/schemes/maeffs
Uttarakhand,Scholarship for Engineering and Medical Education,State,Not for workers: students & education,no,Education & Learning,https://www.myscheme.gov.in/schemes/sfeame
Uttarakhand,Gunavatta Evam Navaachar Nishulk Paathy Pustak Yojana,State,Not for workers: students & education,no,Education & Learning,https://www.myscheme.gov.in/schemes/gennppy
Uttarakhand,Self-Employment Scheme for Unemployed Minority Communities,State,"Livelihood, loans & self-employment",yes,Skills & Employment,https://www.myscheme.gov.in/schemes/msesu
Uttarakhand,Mukhyamantri Udeeyman Khiladi Unnayan Chhatravriti Yojana,State,Not for workers: students & education,no,Sports & Culture,https://www.myscheme.gov.in/schemes/mukuy
Uttarakhand,Khushiyon Ki Sawari Sewa - Uttarakhand,State,Health & disability,yes,Health & Wellness; Women and Child,https://www.myscheme.gov.in/schemes/kkssuk
Uttarakhand,Uchcha Shiksha Protsahan Chhatravriti Yojana,State,Not for workers: students & education,no,Education & Learning,https://www.myscheme.gov.in/schemes/cmheess
Uttarakhand,Dr. A.N. Mukhopadhyay Needy Student Fund (B.Sc. Agriculture - Final Year Student),State,Not for workers: students & education,no,Education & Learning,https://www.myscheme.gov.in/schemes/mukhopadhyaystudentfunduk
Uttarakhand,Admission Process in All Government and Non-Government Schools of the State,State,Not for workers: students & education,no,Education & Learning,https://www.myscheme.gov.in/schemes/apiaguk
Uttarakhand,Old Age Pension Scheme - On Completion of 60 Years (UKBOCWWB),State,Pensions,yes,Social welfare & Empowerment,https://www.myscheme.gov.in/schemes/oapcwcs
Uttarakhand,Scholarship on Merit Basis,State,Not for workers: students & education,no,Education & Learning,https://www.myscheme.gov.in/schemes/macuk
Uttarakhand,Cash Prize to Players and their Coaches for Winning Medals in National and International Competitions,State,"Not for workers: sports, arts, awards",no,Sports & Culture,https://www.myscheme.gov.in/schemes/cpmpcwmnic
Uttarakhand,Adventure Training for Youth,State,"Livelihood, loans & self-employment",yes,Skills & Employment,https://www.myscheme.gov.in/schemes/atfy
Uttarakhand,Girl Education Promotion (Bicycle Scheme),State,Not for workers: students & education,no,Women and Child,https://www.myscheme.gov.in/schemes/pgcecycleuk
Uttarakhand,Incentive Scheme for Marrying a Disabled Young Man/Woman,State,Health & disability,yes,Social welfare & Empowerment,https://www.myscheme.gov.in/schemes/dbgmig
Uttarakhand,"Special Incentive Scheme for Women of Tharu, Boksa and Other Tribes (For Training and Marketing)",State,"Livelihood, loans & self-employment",yes,Women and Child; Skills & Employment,https://www.myscheme.gov.in/schemes/siswtbottm
Uttarakhand,Assistance to Handloom Artisans - Uttarakhand,State,"Livelihood, loans & self-employment",yes,Social welfare & Empowerment,https://www.myscheme.gov.in/schemes/handloomartisanuk
Uttarakhand,Training Programme for Entrepreneurship Development in Biotechnology,State,Not for workers: students & education,no,"Skills & Employment; Agriculture,Rural & Environment",https://www.myscheme.gov.in/schemes/tpedb
Uttarakhand,Grant for Sex-Sorted Semen to Livestock Farmers,State,Farmers & agriculture,yes,"Agriculture,Rural & Environment",https://www.myscheme.gov.in/schemes/slfsss
Uttarakhand,Mukhyamantri Swarozgar Yojana - Uttarakhand,State,Other,no,Business & Entrepreneurship,https://www.myscheme.gov.in/schemes/mmsy-uk
Uttarakhand,State Fisheries Input Scheme,State,"Livelihood, loans & self-employment",yes,"Agriculture,Rural & Environment",https://www.myscheme.gov.in/schemes/sfis
Uttarakhand,Science Communication and Popularization,State,Other,no,"Science, IT & Communications",https://www.myscheme.gov.in/schemes/scap
Uttarakhand,Nishulk Swasthya Jaanch Yojana - Uttarakhand,State,Health & disability,yes,Health & Wellness,https://www.myscheme.gov.in/schemes/nsjy
Uttarakhand,Priyank Pathak Scholarship for B.Sc. Agriculture (4th Year) Students,State,Not for workers: students & education,no,Education & Learning,https://www.myscheme.gov.in/schemes/ppscholarshipuk
Uttarakhand,Special Financial Assistance Scheme for Meritorious Students of the State for Preparation of Competitive Examinations,State,Not for workers: students & education,no,Education & Learning,https://www.myscheme.gov.in/schemes/sfasmsspce
Uttarakhand,Deen Dayal Upadhyaya Sahkarita Kisan Kalyan Yojana,State,"Livelihood, loans & self-employment",yes,Business & Entrepreneurship,https://www.myscheme.gov.in/schemes/dduskky
Uttarakhand,Aromatic Awareness Programme - Centre for Aromatic Plants,State,Farmers & agriculture,yes,"Agriculture,Rural & Environment",https://www.myscheme.gov.in/schemes/aapcap
Uttarakhand,Very Dense Apple Plantation Scheme,State,"Livelihood, loans & self-employment",yes,"Agriculture,Rural & Environment",https://www.myscheme.gov.in/schemes/vdaps
Uttarakhand,Establishment of Vermicompost Units,State,"Livelihood, loans & self-employment",yes,"Agriculture,Rural & Environment",https://www.myscheme.gov.in/schemes/evcu
Uttarakhand,Mukhyamantri Sampoorna Pushti Yojana: Maternal Nutrition,State,Health & disability,yes,Women and Child; Health & Wellness,https://www.myscheme.gov.in/schemes/maternalnutritionuk
Uttarakhand,Udhyan Card,State,Farmers & agriculture,yes,"Agriculture,Rural & Environment",https://www.myscheme.gov.in/schemes/ucuk
Uttarakhand,Scheduled Tribe Dashamottar Scholarship (Starting from Class 11) - Uttarakhand,State,Not for workers: students & education,no,Education & Learning,https://www.myscheme.gov.in/schemes/stdss11uk
Uttarakhand,Scheduled Tribe Purvadasham Scholarship Scheme (Class 1 to 8) - Uttarakhand,State,Not for workers: students & education,no,Education & Learning,https://www.myscheme.gov.in/schemes/stpss
Uttarakhand,Mukhyamantri Alpasankhyak Medhwi Balika Protsahan Yojana,State,Not for workers: students & education,no,Education & Learning; Women and Child,https://www.myscheme.gov.in/schemes/mmmgis
Uttarakhand,Bakri Palan Yojana,State,"Food, LPG & ration",yes,"Agriculture,Rural & Environment",https://www.myscheme.gov.in/schemes/bpuk
Uttarakhand,Rural Technology Complex,State,"Livelihood, loans & self-employment",yes,Education & Learning; Skills & Employment,https://www.myscheme.gov.in/schemes/rtccuk
Uttarakhand,Yuvak Mangal Dal and Mahila Mangal Dal Swavalamban Yojana,State,Other,no,Social welfare & Empowerment,https://www.myscheme.gov.in/schemes/ymdwmdsrs
Uttarakhand,Indira Amma Bhojanalya,State,"Food, LPG & ration",yes,Social welfare & Empowerment; Women and Child,https://www.myscheme.gov.in/schemes/iabuk
Uttarakhand,Freeship Staff Ward,State,Not for workers: students & education,no,Education & Learning,https://www.myscheme.gov.in/schemes/fsw
Uttarakhand,Personal Accident Assistance Scheme,State,"Insurance, accident & death help",yes,Social welfare & Empowerment,https://www.myscheme.gov.in/schemes/paas
Uttarakhand,Shilpi Gram Scheme (Scheduled Caste / Scheduled Tribe),State,"Livelihood, loans & self-employment",yes,Skills & Employment,https://www.myscheme.gov.in/schemes/sgsscst
Uttarakhand,Sainik School Scholarship Located Outside the Uttarakhand,State,Not for workers: students & education,no,Education & Learning,https://www.myscheme.gov.in/schemes/ssslos
Uttarakhand,Vishesh Samman Pension Yojana for the State Agitators who became Disabled and Completely Bedridden during the Uttarakhand State Movement,State,"Not for workers: sports, arts, awards",no,Social welfare & Empowerment,https://www.myscheme.gov.in/schemes/shpssadbusm
Uttarakhand,Loktantra Senani Samman Pension Scheme for Widowed Wife or Widower Husband of Democracy Fighters of the State Imprisoned under MISA/DIR during Emergency Period (from 25.06.1975 to 21.03.1977),State,"Not for workers: sports, arts, awards",no,Social welfare & Empowerment,https://www.myscheme.gov.in/schemes/lsspswwhdf
Uttarakhand,Residential- Rajiv Gandhi Navodaya Vidyalaya/ Rajiv Gandhi Abhinav Vidyalaya,State,Not for workers: students & education,no,Education & Learning,https://www.myscheme.gov.in/schemes/argnvrgav
Uttarakhand,Netaji Subhash Chandra Bose Residential Hostel,State,Not for workers: students & education,no,Housing & Shelter,https://www.myscheme.gov.in/schemes/nscbrhuk
Uttarakhand,Yoga Wellness Center,State,Health & disability,yes,Health & Wellness,https://www.myscheme.gov.in/schemes/ywcuk
Uttarakhand,Sakhi Niwas - Working Women's Hostel,State,Not for workers: students & education,no,Women and Child,https://www.myscheme.gov.in/schemes/snwwh
Uttarakhand,Soil Health Card Scheme - Uttarakhand,State,Health & disability,yes,"Agriculture,Rural & Environment",https://www.myscheme.gov.in/schemes/shc
Uttarakhand,"P1, P2, P3, P4, SIV, Guided Flying",State,"Livelihood, loans & self-employment",yes,Travel & Tourism; Skills & Employment,https://www.myscheme.gov.in/schemes/p1234uk
Uttarakhand,Special Basic Mountaineering Course,State,"Livelihood, loans & self-employment",yes,Travel & Tourism; Skills & Employment,https://www.myscheme.gov.in/schemes/mountaineeringuk
Uttarakhand,Right to Education Act 2009 - Uttarakhand,State,Not for workers: students & education,no,Education & Learning,https://www.myscheme.gov.in/schemes/rta2009
Uttarakhand,State Level Sports Awards - Uttarakhand,State,"Not for workers: sports, arts, awards",no,Sports & Culture,https://www.myscheme.gov.in/schemes/slsauk
Uttarakhand,Assistance for Completely Damaged/Destroyed Houses,State,Housing,yes,Housing & Shelter,https://www.myscheme.gov.in/schemes/bhavanuk
Uttarakhand,Akhil Bhartiya Veda Sammelan and Akhil Bhartiya Jyotish Vastu Sammelan,State,Other,no,Education & Learning,https://www.myscheme.gov.in/schemes/abvsabjvs
Uttarakhand,Kisan-Vaigyanik Sangoshthi,State,"Food, LPG & ration",yes,"Agriculture,Rural & Environment; Skills & Employment",https://www.myscheme.gov.in/schemes/f-ss
Uttarakhand,"Organization of Various Conclaves and Felicitations to Encourage Women, Women Scientists, Teachers and Young Students",State,Not for workers: students & education,no,"Education & Learning; Science, IT & Communications",https://www.myscheme.gov.in/schemes/ovcaewfstys
Uttarakhand,USERC Establishment and Operation of Entrepreneurship Development Centers ,State,Not for workers: students & education,no,Business & Entrepreneurship,https://www.myscheme.gov.in/schemes/ueoedc
Uttarakhand,Skill Development Programme- Uttarakhand,State,Not for workers: students & education,no,"Agriculture,Rural & Environment; Skills & Employment",https://www.myscheme.gov.in/schemes/sdpuk
Uttarakhand,Solar Based Hydroponic System,State,Not for workers: students & education,no,"Science, IT & Communications",https://www.myscheme.gov.in/schemes/sbhs
Uttarakhand,Kishor Swasthya Paramarsh Clinic - Uttarakhand,State,Health & disability,yes,Health & Wellness,https://www.myscheme.gov.in/schemes/kspc
Uttarakhand,Hemoglobinopathy - Uttarakhand,State,Health & disability,yes,Health & Wellness,https://www.myscheme.gov.in/schemes/huk
Uttarakhand,National Bio Energy Programme - Uttarakhand Renewable Energy Development Agency,State,"Food, LPG & ration",yes,Transport & Infrastructure,https://www.myscheme.gov.in/schemes/nbepureda
Uttarakhand,Mukhyamantri Saur Swarojgar Yojana - Uttarakhand Renewable Energy Development Agency,State,"Livelihood, loans & self-employment",yes,Business & Entrepreneurship,https://www.myscheme.gov.in/schemes/mssyureda
Uttarakhand,Grid Connected Rooftop Scheme (Phase-II) - Uttarakhand Renewable Energy Development Agency,State,Housing,yes,Business & Entrepreneurship,https://www.myscheme.gov.in/schemes/gcrsureda
Uttarakhand,"Simplification of Sale Process of Herbal Products - Herbal Research and Development Institute, Uttarakhand",State,Farmers & agriculture,yes,"Agriculture,Rural & Environment",https://www.myscheme.gov.in/schemes/sephp
Uttarakhand,Cultivation of Aromatic Plants under MGNREGA - Centre for Aromatic Plants,State,Farmers & agriculture,yes,"Agriculture,Rural & Environment",https://www.myscheme.gov.in/schemes/capmgnrega
Uttarakhand,Shooting Permission Certificate,State,"Not for workers: sports, arts, awards",no,Sports & Culture,https://www.myscheme.gov.in/schemes/spc
Uttarakhand,Bee Keeping,State,"Livelihood, loans & self-employment",yes,"Agriculture,Rural & Environment; Business & Entrepreneurship",https://www.myscheme.gov.in/schemes/bk
Uttarakhand,"Pradhan Mantri Awaas Yojana - Gramin, Uttarakhand",State,Housing,yes,Housing & Shelter,https://www.myscheme.gov.in/schemes/pmayguk
Uttarakhand,Atithi Uttarakhand Home-Stay Registration,State,Housing,yes,Travel & Tourism; Housing & Shelter,https://www.myscheme.gov.in/schemes/copy-of-ddugavy
Uttarakhand,License for Repairers of Weights-Measures and Weighing Instruments,State,"Livelihood, loans & self-employment",yes,Business & Entrepreneurship,https://www.myscheme.gov.in/schemes/lfrowam
Uttarakhand,Free Pre-Recruitment Training,State,Not for workers: students & education,no,Skills & Employment,https://www.myscheme.gov.in/schemes/fprtuk
Uttarakhand,Scheduled Tribe/Scheduled Caste Subplan,State,"Livelihood, loans & self-employment",yes,"Agriculture,Rural & Environment",https://www.myscheme.gov.in/schemes/stscss
Uttarakhand,Financial Assistance to Youth Groups,State,"Livelihood, loans & self-employment",yes,Business & Entrepreneurship,https://www.myscheme.gov.in/schemes/fatyg
Uttarakhand,Farmer Pension Scheme,State,Pensions,yes,Social welfare & Empowerment,https://www.myscheme.gov.in/schemes/kpy
Uttarakhand,Dr. Y.V. Singh Award for Best Thesis in Vegetable Science,State,Not for workers: students & education,no,Education & Learning,https://www.myscheme.gov.in/schemes/yvsinghawarduk
Uttarakhand,Asian Agri-History Foundation Research Fellowship (M.Sc. Agriculture - All Disciplines),State,Not for workers: students & education,no,Education & Learning,https://www.myscheme.gov.in/schemes/asianagrifellowshipuk
Uttarakhand,Free Shoe and Bag Scheme,State,Not for workers: students & education,no,Education & Learning,https://www.myscheme.gov.in/schemes/fsbsuk
Uttarakhand,RIMC Scholarship (Military Scholarship),State,Not for workers: students & education,no,Education & Learning,https://www.myscheme.gov.in/schemes/rimcsms
Uttarakhand,Scheme for Providing Soft Skill Training Courses to Students Studying in State Colleges,State,Not for workers: students & education,no,Education & Learning,https://www.myscheme.gov.in/schemes/spsstcsssc
Uttarakhand,Operation of River Rafting / Kayaking Activities,State,"Not for workers: sports, arts, awards",no,Travel & Tourism; Business & Entrepreneurship,https://www.myscheme.gov.in/schemes/orrkauk
Uttarakhand,Sthaniya Fasal Protsahan Karyakram,State,"Livelihood, loans & self-employment",yes,"Agriculture,Rural & Environment",https://www.myscheme.gov.in/schemes/sfpk
Uttarakhand,Gargi Sanskrit Balika Chhaatravrtti Yojana,State,Not for workers: students & education,no,Education & Learning; Women and Child,https://www.myscheme.gov.in/schemes/gsgssc
Uttarakhand,Sugarcane Seed Replacement Programme / Production Enhancement Scheme,State,Farmers & agriculture,yes,"Agriculture,Rural & Environment",https://www.myscheme.gov.in/schemes/ssrppes
Uttarakhand,Medical Check-Up facility (UKBOCWWB),State,Workers' welfare boards & labour,yes,Health & Wellness,https://www.myscheme.gov.in/schemes/mcuf
Uttarakhand,Ex-Gratia Payment for Life-Threatening Injury Requiring Hospital Stay for Treatment,State,"Insurance, accident & death help",yes,Social welfare & Empowerment,https://www.myscheme.gov.in/schemes/atltjrhuk
Uttarakhand,Financial Assistance/Pension to Former Renowned Sportspersons,State,"Not for workers: sports, arts, awards",no,Sports & Culture,https://www.myscheme.gov.in/schemes/fapfrs
Uttarakhand,State Government Health Scheme (Golden Card),State,Pensions,yes,Health & Wellness,https://www.myscheme.gov.in/schemes/sghs
Uttarakhand,Discount Scheme on Sale of Khadi Garments,State,Other,no,Social welfare & Empowerment,https://www.myscheme.gov.in/schemes/copy-of-dsskg
Uttarakhand,Bhed Palan Yojana,State,"Food, LPG & ration",yes,"Agriculture,Rural & Environment; Business & Entrepreneurship",https://www.myscheme.gov.in/schemes/bpy
Uttarakhand,State Level Awards for Divyang Persons,State,"Not for workers: sports, arts, awards",no,Social welfare & Empowerment; Sports & Culture; Skills & Employment,https://www.myscheme.gov.in/schemes/slafpwd
Uttarakhand,Sanitary Napkin Scheme (UKBOCWWB),State,Workers' welfare boards & labour,yes,Health & Wellness; Women and Child,https://www.myscheme.gov.in/schemes/snsukbocwwb
Uttarakhand,Healthy Lifestyle for School Children through Ayurvidya-AYUSH,State,Not for workers: students & education,no,Health & Wellness,https://www.myscheme.gov.in/schemes/ahlfscty
Uttarakhand,Pragati Scholarship (81 for Uttarakhand girl students (Diploma) and 50 for Graduation),State,Not for workers: students & education,no,Education & Learning,https://www.myscheme.gov.in/schemes/psgsdgl
Uttarakhand,"Dr. K.C. Sharma Fellowship (M.Sc. Agriculture, Agronomy (Second Year) Students)",State,Not for workers: students & education,no,Education & Learning,https://www.myscheme.gov.in/schemes/kcsfellowshipuk
Uttarakhand,Animal Husbandry: Assistance to Small and Marginal Farmers,State,Farmers & agriculture,yes,"Agriculture,Rural & Environment",https://www.myscheme.gov.in/schemes/ahsmfuk
Uttarakhand,Toolkit Assistance (UKBOCWWB),State,Workers' welfare boards & labour,yes,Skills & Employment,https://www.myscheme.gov.in/schemes/tksukbocwwb
Uttarakhand,Stamp Duty Exemption for Property Registration,State,"Food, LPG & ration",yes,Social welfare & Empowerment,https://www.myscheme.gov.in/schemes/sdepr
Uttarakhand,Mushroom Production,State,"Livelihood, loans & self-employment",yes,"Agriculture,Rural & Environment",https://www.myscheme.gov.in/schemes/fsf
Uttarakhand,Scheme for Fencing in Gardens,State,"Livelihood, loans & self-employment",yes,"Agriculture,Rural & Environment",https://www.myscheme.gov.in/schemes/sfguk
Uttarakhand,State Food Scheme (Yellow Ration Card),State,"Food, LPG & ration",yes,Social welfare & Empowerment,https://www.myscheme.gov.in/schemes/sfyyrc
Uttarakhand,Establishment of Poultry Valley,State,"Food, LPG & ration",yes,"Agriculture,Rural & Environment",https://www.myscheme.gov.in/schemes/kgsuk
Uttarakhand,Gau Palan Yojana,State,"Food, LPG & ration",yes,"Agriculture,Rural & Environment",https://www.myscheme.gov.in/schemes/gpyuk
Uttarakhand,Pension for Agitators Who were Jailed for 7 Days or Injured During the Uttarakhand State Movement,State,Not for workers: honour & service pensions,no,Social welfare & Empowerment,https://www.myscheme.gov.in/schemes/uksap
Uttarakhand,Rani Laxmi Bai Self-Defense Training,State,Not for workers: students & education,no,Education & Learning; Women and Child,https://www.myscheme.gov.in/schemes/rlbarpyu
Uttarakhand,Mukhyamantri Alpasankhyak Protsahan Yojana,State,Not for workers: students & education,no,Education & Learning,https://www.myscheme.gov.in/schemes/mmaspyuk
Uttarakhand,Provision of Special Assistance for Development of Low-Cost Educational Materials (SIPDA),State,Not for workers: students & education,no,Social welfare & Empowerment; Education & Learning,https://www.myscheme.gov.in/schemes/psadlce
Uttarakhand,Skill Development and Economic Empowerment,State,Health & disability,yes,Social welfare & Empowerment; Skills & Employment,https://www.myscheme.gov.in/schemes/sdaee
Uttarakhand,Pre-Examination Coaching Scheme,State,Not for workers: students & education,no,Education & Learning; Skills & Employment,https://www.myscheme.gov.in/schemes/pec
Uttarakhand,Pradhan Mantri Matsya Sampada Yojana: Accident Insurance Scheme - Uttarakhand,State,"Insurance, accident & death help",yes,"Banking,Financial Services and Insurance; Agriculture,Rural & Environment",https://www.myscheme.gov.in/schemes/ais
Uttarakhand,Deployment of Prantiya Rakshak Dal (PRD) Volunteers (For volunteer),State,Not for workers: honour & service pensions,no,Social welfare & Empowerment,https://www.myscheme.gov.in/schemes/dprdv
Uttarakhand,"scholarship scheme - Uttarakhand Agricultural Production & Marketing Board, Uttarakhand",State,Not for workers: students & education,no,Education & Learning,https://www.myscheme.gov.in/schemes/ssad
Uttarakhand,University Scholarship (Ph.D.) - Uttarakhand,State,Not for workers: students & education,no,Education & Learning,https://www.myscheme.gov.in/schemes/usp
Uttarakhand,S.P. Nautiyal Museum,State,Other,no,Travel & Tourism; Education & Learning,https://www.myscheme.gov.in/schemes/spnmuk
Uttarakhand,Deen Dayal Upadhyaya Grah Aawas (Home-Stay) Vikas Yojana,State,Housing,yes,Travel & Tourism; Housing & Shelter,https://www.myscheme.gov.in/schemes/ddugavyuk
Uttarakhand,Rajya/Mukhyamantri Swarn/Rajat Padak Protsahan Puraskar,State,"Not for workers: sports, arts, awards",no,Education & Learning,https://www.myscheme.gov.in/schemes/rmsrppp
Uttarakhand, Krishak Utpadak Kshati Sahayata Yojana,State,Farmers & agriculture,yes,"Agriculture,Rural & Environment",https://www.myscheme.gov.in/schemes/kuksy
Uttarakhand,Mukhyamantri Medhavi Chhatra Protsahan Scholarship Scheme (Secondary Level- Class 11 & 12),State,Not for workers: students & education,no,Education & Learning,https://www.myscheme.gov.in/schemes/cmmsissuk
Uttarakhand,Dr. Shivanand Nautiyal Scholarship,State,Not for workers: students & education,no,Education & Learning,https://www.myscheme.gov.in/schemes/dsns
Uttarakhand,Akhil Bhartiya Sanskrit Shodh Sammelan,State,Not for workers: students & education,no,Education & Learning,https://www.myscheme.gov.in/schemes/absss
Uttarakhand,Trekking Traction Centre Home-stay Grant Scheme,State,"Livelihood, loans & self-employment",yes,Travel & Tourism,https://www.myscheme.gov.in/schemes/ttchsuk
Uttarakhand,Employment Linked Skill Training Programme (ELSTP),State,Not for workers: students & education,no,Skills & Employment,https://www.myscheme.gov.in/schemes/rpyelstp
Uttarakhand,Life Saving Technique Water Sports Operator,State,"Not for workers: sports, arts, awards",no,Travel & Tourism; Skills & Employment,https://www.myscheme.gov.in/schemes/lifesavinguk
Uttarakhand,Mobile Learning Centre (UKBOCWWB),State,Workers' welfare boards & labour,yes,Education & Learning,https://www.myscheme.gov.in/schemes/mlc
Uttarakhand,Kala Utsav Pratiyogita - Uttarakhand,State,Not for workers: students & education,no,Sports & Culture,https://www.myscheme.gov.in/schemes/kupuk
Uttarakhand,Investment Grant for Farmers with More than 2 Hectares of Agricultural Land,State,Farmers & agriculture,yes,"Agriculture,Rural & Environment",https://www.myscheme.gov.in/schemes/igfhaluk
Uttarakhand,Maths Wizard & Spelling Genius - Uttarakhand,State,Not for workers: students & education,no,Education & Learning,https://www.myscheme.gov.in/schemes/mwsguk
Uttarakhand,Loktantra Senani Samman Pension (Police Line Yojana) for the democracy fighters of the state imprisoned under MISA/DIR during the emergency period (from 25.06.1975 to 21.03.1977),State,"Not for workers: sports, arts, awards",no,Social welfare & Empowerment,https://www.myscheme.gov.in/schemes/lsspplydfsimisadirep
Uttarakhand,Compensation for Loss of Life and Property Caused by Wild Animals in and around Forest Areas: Assistance for Loss of Cattle Due to Wild Animal Attacks,State,Farmers & agriculture,yes,"Agriculture,Rural & Environment; Social welfare & Empowerment",https://www.myscheme.gov.in/schemes/cllpcwaadlwfasr
Uttarakhand,"Freeship Less than ₹1,00,000/- (UG Students Only)",State,Not for workers: students & education,no,Education & Learning,https://www.myscheme.gov.in/schemes/freeshipuk
Uttarakhand,Award of Merit Scholarship for Agricultural Engineering Students (B.Tech 3rd/4th Year),State,Not for workers: students & education,no,Education & Learning,https://www.myscheme.gov.in/schemes/awardscholashipagriuk
Uttarakhand,Research and Development Grant,State,Other,no,"Science, IT & Communications",https://www.myscheme.gov.in/schemes/randd
Uttarakhand,Sub-Mission on Agricultural Mechanization (SMAM) for Custom Hiring Centres / Big Farmers - Uttarakhand,State,"Livelihood, loans & self-employment",yes,"Agriculture,Rural & Environment",https://www.myscheme.gov.in/schemes/smamchcbfuk
Uttarakhand,STEM Lab,State,Not for workers: students & education,no,"Science, IT & Communications",https://www.myscheme.gov.in/schemes/steml
Uttarakhand,Cancer Day Care Centre - Uttarakhand,State,Health & disability,yes,Health & Wellness,https://www.myscheme.gov.in/schemes/cdccuk
Uttarakhand,Allotment of Commercial Godown,State,Other,no,Business & Entrepreneurship,https://www.myscheme.gov.in/schemes/acg
Uttarakhand,Livestock Mission Scheme - Interest Payment on Loan,State,"Livelihood, loans & self-employment",yes,"Agriculture,Rural & Environment",https://www.myscheme.gov.in/schemes/lmsipl
Uttarakhand,District Plan - Sugarcane Development Scheme,State,Health & disability,yes,"Agriculture,Rural & Environment",https://www.myscheme.gov.in/schemes/dpsds
Uttarakhand,Uttarakhand Rajya Shilp Ratna Puraskar,State,"Not for workers: sports, arts, awards",no,Sports & Culture,https://www.myscheme.gov.in/schemes/ukrsrp
Uttarakhand,Ude Desh ka Aam Nagrik (UDAN) Yojana - Uttarakhand,State,Other,no,Travel & Tourism,https://www.myscheme.gov.in/schemes/udanuk
Uttarakhand,Registration of Aromatic Plant Farmers - Centre for Aromatic Plants,State,"Food, LPG & ration",yes,"Agriculture,Rural & Environment",https://www.myscheme.gov.in/schemes/rapf
Uttarakhand,Pension Scheme for Craftsmen,State,Pensions,yes,Business & Entrepreneurship,https://www.myscheme.gov.in/schemes/psc
Uttarakhand,Community Food Processing Centre,State,"Food, LPG & ration",yes,Skills & Employment,https://www.myscheme.gov.in/schemes/cfpc
Uttarakhand,NIPUN Bharat Mission - Uttarakhand,State,Not for workers: students & education,no,Education & Learning,https://www.myscheme.gov.in/schemes/nipunbmuk
Uttarakhand,Pradhan Mantri Matsya Sampada Yojana - Uttarakhand,State,"Livelihood, loans & self-employment",yes,"Agriculture,Rural & Environment",https://www.myscheme.gov.in/schemes/pmmsyuk
Uttarakhand,Drip Irrigation Sprinkler,State,Farmers & agriculture,yes,"Agriculture,Rural & Environment",https://www.myscheme.gov.in/schemes/dsuk
Uttarakhand,Tubewell Installation /Pond Construction,State,Farmers & agriculture,yes,"Agriculture,Rural & Environment",https://www.myscheme.gov.in/schemes/tipc
Uttarakhand,Minimum Support Price for Aromatic Oils/Products - Centre for Aromatic Plants,State,Farmers & agriculture,yes,"Agriculture,Rural & Environment",https://www.myscheme.gov.in/schemes/mspaopcap
Uttarakhand,Deen Dayal Antyodaya Yojana - National Urban Livelihoods Mission (DAY-NULM): Support for Urban Homeless – Uttarakhand,State,Housing,yes,Social welfare & Empowerment; Housing & Shelter,https://www.myscheme.gov.in/schemes/daynulmsuh
Uttarakhand,Destitute Widow Pension Scheme - Uttarakhand,State,Pensions,yes,Social welfare & Empowerment; Women and Child,https://www.myscheme.gov.in/schemes/uwps
Uttarakhand,Mukhyamantri Mahalakshmi Kit Yojana,State,Health & disability,yes,Health & Wellness; Women and Child,https://www.myscheme.gov.in/schemes/mmkyu
Uttarakhand,Mukhyamantri Mahila Poshan Yojana,State,Health & disability,yes,Women and Child; Health & Wellness,https://www.myscheme.gov.in/schemes/mmpyu
Uttarakhand,Mukhyamantri Medhavi Chhatra Protsahan Scholarship Scheme (Junior Level),State,Not for workers: students & education,no,Education & Learning,https://www.myscheme.gov.in/schemes/cmmsiscjl
Uttarakhand,Provision of Sports Kits to Players Participating at the National Level,State,"Not for workers: sports, arts, awards",no,Sports & Culture,https://www.myscheme.gov.in/schemes/pskppnl
Uttarakhand,One-time and Annual Financial Grant to Soldiers Awarded with Gallantry Medals,State,"Not for workers: sports, arts, awards",no,Social welfare & Empowerment,https://www.myscheme.gov.in/schemes/otgscgma
Uttarakhand,Mukhyamantri Mahila Poshan Yojana,State,Health & disability,yes,Women and Child; Health & Wellness,https://www.myscheme.gov.in/schemes/mmpyu
Uttarakhand,Livelihood Opportunity Promotion Scheme (Scheduled Caste),State,"Insurance, accident & death help",yes,"Banking,Financial Services and Insurance; Business & Entrepreneurship; Skills & Employment",https://www.myscheme.gov.in/schemes/lopssc
Uttarakhand,"Smt. Bimla Rani Memorial Award (B.Sc. Ag., B.V.Sc. & A.H., B.H.Sc. & B.F.Sc.)",State,Not for workers: students & education,no,Education & Learning,https://www.myscheme.gov.in/schemes/bimlaranimemorialawarduk
Uttarakhand,Mukhyamantri Medhavi Chhatra Protsahan Scholarship Scheme (Junior Level),State,Not for workers: students & education,no,Education & Learning,https://www.myscheme.gov.in/schemes/cmmsiscjl
Uttarakhand,Smt. Uma Gupta Fellowship for M.Sc. Agriculture (Genetics & Plant Breeding) Students,State,Not for workers: students & education,no,Education & Learning,https://www.myscheme.gov.in/schemes/umaguptafellowshipuk
Uttarakhand,Dr. A.N. Mukhopadhyay Gold Medal Award (B.Sc. Agriculture - Final Year Student),State,Not for workers: students & education,no,Education & Learning,https://www.myscheme.gov.in/schemes/anmukhopadhyayuk
Uttarakhand,Free Legal Aid under the Legal Services Authority Act 1987,State,Other,no,"Public Safety,Law & Justice",https://www.myscheme.gov.in/schemes/flalsac
Uttarakhand,State Millet Mission,State,"Food, LPG & ration",yes,"Agriculture,Rural & Environment",https://www.myscheme.gov.in/schemes/smm
Uttarakhand,Samudayik Sahbhagita,State,Not for workers: students & education,no,Social welfare & Empowerment,https://www.myscheme.gov.in/schemes/cpuk
Uttarakhand,Deserted Women Pension Scheme,State,Pensions,yes,Women and Child; Social welfare & Empowerment,https://www.myscheme.gov.in/schemes/dwp
Uttarakhand,Allotment of Shops in Kisan Bazaar,State,Farmers & agriculture,yes,"Agriculture,Rural & Environment; Business & Entrepreneurship",https://www.myscheme.gov.in/schemes/asfm
Uttarakhand,Anganwadi Workers Welfare Fund,State,"Insurance, accident & death help",yes,"Women and Child; Banking,Financial Services and Insurance",https://www.myscheme.gov.in/schemes/awwfu
Uttarakhand,Free Blood to Patients - Uttarakhand,State,Health & disability,yes,Health & Wellness,https://www.myscheme.gov.in/schemes/fbpuk
Uttarakhand,Umbrella Assistance Scheme (UKBOCWWB),State,Workers' welfare boards & labour,yes,Social welfare & Empowerment,https://www.myscheme.gov.in/schemes/uasukbocwwb
Uttarakhand,Disability Pension (UKBOCWWB),State,Pensions,yes,Social welfare & Empowerment,https://www.myscheme.gov.in/schemes/dpftcw
Uttarakhand,Inter-Caste / Inter-Religious Marriage Award,State,"Not for workers: sports, arts, awards",no,Social welfare & Empowerment,https://www.myscheme.gov.in/schemes/icirma
Uttarakhand,Grant for the Marriage of Daughter of Destitute Widow,State,Pensions,yes,Social welfare & Empowerment; Women and Child,https://www.myscheme.gov.in/schemes/gsfmoddw
Uttarakhand,Sub-Mission on Agricultural Mechanization - Uttarakhand,State,"Livelihood, loans & self-employment",yes,"Agriculture,Rural & Environment",https://www.myscheme.gov.in/schemes/smamuk
Uttarakhand,Mahila Dairy Vikas Pariyojana - Uttarakhand,State,"Livelihood, loans & self-employment",yes,"Agriculture,Rural & Environment; Business & Entrepreneurship; Women and Child",https://www.myscheme.gov.in/schemes/mddpu
Uttarakhand,Sub-Mission on Agricultural Extension (SMAE),State,"Not for workers: sports, arts, awards",no,"Agriculture,Rural & Environment",https://www.myscheme.gov.in/schemes/smaeuk
Uttarakhand,Paramparagat Krishi Vikas Yojana - Uttarakhand,State,Farmers & agriculture,yes,"Agriculture,Rural & Environment",https://www.myscheme.gov.in/schemes/pkvyuk
Uttarakhand,Development and Dissemination of e-Content,State,Not for workers: students & education,no,Education & Learning,https://www.myscheme.gov.in/schemes/dadoe
Uttarakhand,Flower Area Expansion,State,Farmers & agriculture,yes,"Agriculture,Rural & Environment",https://www.myscheme.gov.in/schemes/faeuk
Uttarakhand,Fruit Area Expansion,State,"Livelihood, loans & self-employment",yes,"Agriculture,Rural & Environment",https://www.myscheme.gov.in/schemes/fae
Uttarakhand,Merit Scholarship (Top 3 UG Students),State,Not for workers: students & education,no,Education & Learning,https://www.myscheme.gov.in/schemes/msts
Uttarakhand,Grant for Marriage of Daughters of Scheduled Caste Individuals,State,"Women, marriage & maternity",yes,Social welfare & Empowerment; Women and Child,https://www.myscheme.gov.in/schemes/gsfmssg
Uttarakhand,Mahila Bakri Palan,State,Pensions,yes,"Agriculture,Rural & Environment; Women and Child; Business & Entrepreneurship",https://www.myscheme.gov.in/schemes/mbp
Uttarakhand,Free Computer Training,State,Not for workers: honour & service pensions,no,Education & Learning,https://www.myscheme.gov.in/schemes/fctuk
Uttarakhand,Mukhyamantri Uchcha Shiksha Shodh Protsahan Yojana,State,Not for workers: students & education,no,"Science, IT & Communications; Education & Learning",https://www.myscheme.gov.in/schemes/cmherps
Uttarakhand,Mukhyamantri Rajya Krishi Vikas Yojana,State,Farmers & agriculture,yes,"Agriculture,Rural & Environment",https://www.myscheme.gov.in/schemes/mrkvy
Uttarakhand,Coaching Scheme for Divyang Students,State,Not for workers: students & education,no,Social welfare & Empowerment,https://www.myscheme.gov.in/schemes/csdsuk
Uttarakhand,Free Training for Vehicle Drivers,State,"Insurance, accident & death help",yes,Skills & Employment; Transport & Infrastructure,https://www.myscheme.gov.in/schemes/ftvd
Uttarakhand,"Freeship less than ₹1,00,000 (UG students only) ",State,Not for workers: students & education,no,Education & Learning,https://www.myscheme.gov.in/schemes/freeship-ug-students-only
Uttarakhand,Integrated Child Development Services- Uttarakhand,State,Health & disability,yes,Women and Child,https://www.myscheme.gov.in/schemes/icdsuk
Uttarakhand,Skiing Course,State,"Not for workers: sports, arts, awards",no,Travel & Tourism; Skills & Employment,https://www.myscheme.gov.in/schemes/skiinguk
Uttarakhand,Basic Kayaking Course,State,"Livelihood, loans & self-employment",yes,Travel & Tourism; Skills & Employment,https://www.myscheme.gov.in/schemes/kayakinguk
Uttarakhand,Rafting Course & Internship,State,"Livelihood, loans & self-employment",yes,Travel & Tourism; Skills & Employment,https://www.myscheme.gov.in/schemes/raftinguk
Uttarakhand,Formation of Mahila Mangal and Yuvak Mangal Dal,State,"Livelihood, loans & self-employment",yes,Social welfare & Empowerment,https://www.myscheme.gov.in/schemes/mmeymdkg
Uttarakhand,Mukhyamantri Medhavi Chhatra Protsahan Scholarship Scheme (Secondary Level),State,Not for workers: students & education,no,Education & Learning,https://www.myscheme.gov.in/schemes/cmmsisuk
Uttarakhand,Gaura Shakti Yojana,State,Not for workers: honour & service pensions,no,"Public Safety,Law & Justice; Women and Child",https://www.myscheme.gov.in/schemes/gsy
Uttarakhand,Compensation for Loss of Life and Property Caused by Wild Animals in and around Forest Areas: Assistance in case of Death/Injury/Disability due to Wild Animal Attack,State,"Insurance, accident & death help",yes,Social welfare & Empowerment,https://www.myscheme.gov.in/schemes/chwdfhl
Uttarakhand,Compensation for Loss of Life and Property Caused by Wild Animals in and around Forest Areas: Assistance for Crop Losses Due to Wild Animal Attacks,State,"Livelihood, loans & self-employment",yes,"Agriculture,Rural & Environment",https://www.myscheme.gov.in/schemes/cllpwaafadcebnbds
Uttarakhand,Compensation for Loss of Life and Property Caused by Wild Animals in and around Forest Areas: Assistance for Damage to Houses Due to Wild Elephant Attacks,State,Housing,yes,Housing & Shelter,https://www.myscheme.gov.in/schemes/cllpwaafa-dhmhwehwe
Uttarakhand,Rajya Samekit Sahkari Vikas Yojana - Ganga Gaay Mahila Dairy Yojana,State,"Livelihood, loans & self-employment",yes,"Agriculture,Rural & Environment; Women and Child",https://www.myscheme.gov.in/schemes/rssvyeggmdy
Uttarakhand,Seed Grant,State,"Livelihood, loans & self-employment",yes,"Agriculture,Rural & Environment",https://www.myscheme.gov.in/schemes/sdu
Uttarakhand,Sports Scholarship (UG) - Uttarakhand,State,Not for workers: students & education,no,Education & Learning; Sports & Culture,https://www.myscheme.gov.in/schemes/khelchhatravritiuk
Uttarakhand,Monsanto Scholarship (M.Sc. Agriculture Science and Agriculture Biotechnology),State,Not for workers: students & education,no,Education & Learning,https://www.myscheme.gov.in/schemes/monsantoscholarshipuk
Uttarakhand,Dr. S.K. Sharma (Ph.D. Mathematics),State,Not for workers: students & education,no,Education & Learning,https://www.myscheme.gov.in/schemes/drsksphduk
Uttarakhand,Lab on Wheels,State,Not for workers: students & education,no,"Science, IT & Communications",https://www.myscheme.gov.in/schemes/lw
Uttarakhand,Bal Swasthya Karyakram - Uttarakhand,State,Health & disability,yes,Women and Child; Health & Wellness,https://www.myscheme.gov.in/schemes/chpuk
Uttarakhand,Operation of Paragliding Activities,State,"Not for workers: sports, arts, awards",no,Travel & Tourism; Business & Entrepreneurship,https://www.myscheme.gov.in/schemes/opa
Uttarakhand,National AIDS Control Programme - Uttarakhand,State,Health & disability,yes,Health & Wellness,https://www.myscheme.gov.in/schemes/naidscp
Uttarakhand,Government Food Science Training Centre,State,Not for workers: students & education,no,Skills & Employment,https://www.myscheme.gov.in/schemes/gfstc
Uttarakhand,Aromatic Plants Cultivation - Centre for Aromatic Plants,State,Farmers & agriculture,yes,"Agriculture,Rural & Environment",https://www.myscheme.gov.in/schemes/apccap
Uttarakhand,Solar Water Heater Yojana - Uttarakhand Renewable Energy Development Agency,State,Other,no,Social welfare & Empowerment,https://www.myscheme.gov.in/schemes/swhyureda
Uttarakhand,Grant to Films,State,"Not for workers: sports, arts, awards",no,Sports & Culture,https://www.myscheme.gov.in/schemes/gfuk
Uttarakhand,Map Approval through UDAY App,State,Housing,yes,Housing & Shelter,https://www.myscheme.gov.in/schemes/maua
Uttarakhand,Teelu Rauteli Pension Scheme,State,Pensions,yes,"Social welfare & Empowerment; Agriculture,Rural & Environment",https://www.myscheme.gov.in/schemes/dp-f
Uttarakhand,Scholarship to Divyang Students (Class 1 to 8),State,Not for workers: students & education,no,Education & Learning,https://www.myscheme.gov.in/schemes/sdsc18
Uttarakhand,"Procedure for Admission in Government Child Care Institution, Government Communication Home and Open Shelter Home",State,Pensions,yes,Housing & Shelter; Women and Child,https://www.myscheme.gov.in/schemes/pagccigchosh
Uttarakhand,"Pension Scheme for Elderly, Destitute Artists, Litterateurs and Writers of Uttarakhand State",State,"Not for workers: sports, arts, awards",no,Sports & Culture,https://www.myscheme.gov.in/schemes/psedawa
Uttarakhand,Nandaa Gaura Yojana,State,Health & disability,yes,Social welfare & Empowerment; Women and Child,https://www.myscheme.gov.in/schemes/ngy
Uttarakhand,Financial Assistance to Authors for Book Publication,State,"Not for workers: sports, arts, awards",no,Sports & Culture,https://www.myscheme.gov.in/schemes/fatafbp
Uttarakhand,Mukhyamantri Bal Poshan Yojana,State,Not for workers: students & education,no,Women and Child; Health & Wellness,https://www.myscheme.gov.in/schemes/mbpyu
Uttarakhand,Livelihood Opportunity Promotion Scheme (Disabled),State,"Insurance, accident & death help",yes,"Banking,Financial Services and Insurance; Skills & Employment; Business & Entrepreneurship",https://www.myscheme.gov.in/schemes/lopsd
Uttarakhand,"Award Scheme for Candidates Selected in NDA, IMA, OTA, INA, IAF",State,"Not for workers: sports, arts, awards",no,Education & Learning,https://www.myscheme.gov.in/schemes/ascs
Uttarakhand,Organization of Multi-Purpose Camps/ Public Awareness Camps/ Medical Camps/Legal Service Camps,State,Health & disability,yes,"Public Safety,Law & Justice",https://www.myscheme.gov.in/schemes/ompcacmclsc
Uttarakhand,Mukhyamantri Kaushal Unnayan and Vaishvik Rojgar Yojana,State,Health & disability,yes,Skills & Employment,https://www.myscheme.gov.in/schemes/mkuevry
Uttarakhand, Operation/implementation of Vidhik Seva Rath,State,"Food, LPG & ration",yes,"Public Safety,Law & Justice",https://www.myscheme.gov.in/schemes/vsrksk
Uttarakhand,Scholarship to Poor Students,State,Not for workers: students & education,no,Education & Learning,https://www.myscheme.gov.in/schemes/sfns
Uttarakhand,"Uttarakhand Compensation Scheme for Women Victims/Survivors of Sexual Offences and Other Crimes, 2020",State,Other,no,"Public Safety,Law & Justice; Women and Child",https://www.myscheme.gov.in/schemes/ucswvsscc
Uttarakhand,Dr. Dhyanpal Singh Memorial Award (for Final-Year Undergraduate Students of All Colleges),State,Not for workers: students & education,no,Education & Learning,https://www.myscheme.gov.in/schemes/dsmemorialawarduk
Uttarakhand,"Shri Varun Panwar Memorial Award for B.Sc. Agriculture (2nd Year, 3rd Year, and 4th Year) Students",State,Not for workers: students & education,no,Education & Learning,https://www.myscheme.gov.in/schemes/vpmawardsuk
Uttarakhand,Financial Assistance for Purchase or Construction of House (UKBOCWWB),State,Workers' welfare boards & labour,yes,Housing & Shelter,https://www.myscheme.gov.in/schemes/hasukbocwwb
Uttarakhand,Maintenance Grant for Children with Disabilities from Birth,State,Health & disability,yes,Women and Child,https://www.myscheme.gov.in/schemes/vbpa
Uttarakhand,Training Programme for Sugarcane Farmers,State,"Livelihood, loans & self-employment",yes,"Agriculture,Rural & Environment; Skills & Employment",https://www.myscheme.gov.in/schemes/trainsugarfarmers
Uttarakhand,Appointment of Contract Sports Coaches,State,"Not for workers: sports, arts, awards",no,Sports & Culture; Skills & Employment,https://www.myscheme.gov.in/schemes/ckpkn
Uttarakhand,State Government-Run Old Age and Infirm Homes,State,Pensions,yes,Housing & Shelter; Social welfare & Empowerment,https://www.myscheme.gov.in/schemes/ogoaih
Uttarakhand,Grant for Purchase and Repair of Various Assistive Devices/Equipment for Persons with Disabilities,State,Health & disability,yes,Social welfare & Empowerment,https://www.myscheme.gov.in/schemes/gpradpd
Uttarakhand,Assistance Scheme for Handloom Spinning-Weaving Women Workers,State,"Livelihood, loans & self-employment",yes,Business & Entrepreneurship; Women and Child,https://www.myscheme.gov.in/schemes/ashswwwuk
Uttarakhand,"Ex-Gratia Payment for Loss of Hands, Legs, Eyes, or Vision",State,"Insurance, accident & death help",yes,Social welfare & Empowerment,https://www.myscheme.gov.in/schemes/exgalimbseye
Uttarakhand,Mukhyamantri Swarozgar Yojana Ati Sukshm (Nano) Udhyam,State,Other,no,Business & Entrepreneurship,https://www.myscheme.gov.in/schemes/mmsyasnu
Uttarakhand,Uttarakhand Oon Yojana,State,Pensions,yes,Skills & Employment,https://www.myscheme.gov.in/schemes/ukoy
Uttarakhand,Silage evam Dudharu Pashu Poshan Yojana,State,Farmers & agriculture,yes,"Agriculture,Rural & Environment",https://www.myscheme.gov.in/schemes/sedpy
Uttarakhand,Dugdh Mulya Protsahan Yojana,State,"Food, LPG & ration",yes,"Agriculture,Rural & Environment",https://www.myscheme.gov.in/schemes/dmpy
Uttarakhand,Health Benefits for Pregnant Mothers and Newborns through Supraja-AYUSH,State,Health & disability,yes,Health & Wellness; Women and Child,https://www.myscheme.gov.in/schemes/shbpmna
Uttarakhand,Fish Farming Diversification (Scheduled Caste / Scheduled Tribe) Scheme,State,"Livelihood, loans & self-employment",yes,"Agriculture,Rural & Environment",https://www.myscheme.gov.in/schemes/ffds
Uttarakhand,National Food Security Scheme (Priority Households - White Ration Card) - Uttarakhand,State,Housing,yes,Social welfare & Empowerment,https://www.myscheme.gov.in/schemes/nfssphwrc
Uttarakhand,Organization of Sports Competitions and Training Programs,State,"Not for workers: sports, arts, awards",no,Sports & Culture,https://www.myscheme.gov.in/schemes/osctp
Uttarakhand,Silkworm Rearing Chamber,State,Farmers & agriculture,yes,"Agriculture,Rural & Environment",https://www.myscheme.gov.in/schemes/kk
Uttarakhand,Silk Tree Plantation,State,"Livelihood, loans & self-employment",yes,"Agriculture,Rural & Environment",https://www.myscheme.gov.in/schemes/rv
Uttarakhand,Silkworm Rearing Equipment,State,Farmers & agriculture,yes,"Agriculture,Rural & Environment",https://www.myscheme.gov.in/schemes/ku
Uttarakhand,Vishesh Abhiyaan - Humdard,State,"Livelihood, loans & self-employment",yes,"Public Safety,Law & Justice",https://www.myscheme.gov.in/schemes/vahuk
Uttarakhand,Promotion of Institutional Delivery,State,Health & disability,yes,Women and Child; Health & Wellness,https://www.myscheme.gov.in/schemes/piduk
Uttarakhand,Mukhyamantri Ekeekrit Bagwani Vikas Yojana,State,Housing,yes,"Agriculture,Rural & Environment",https://www.myscheme.gov.in/schemes/mebvy
Uttarakhand,Dr. S.K. Mukherjee Scholarship for B.Sc. Agriculture Students (2nd & 3rd Year),State,Not for workers: students & education,no,Education & Learning,https://www.myscheme.gov.in/schemes/skmscholarshipbscuk
Uttarakhand,Teelu Rauteli Award,State,"Not for workers: sports, arts, awards",no,Women and Child,https://www.myscheme.gov.in/schemes/tra
Uttarakhand,Bicycle/Sewing Machine Assistance Scheme (UKBOCWWB),State,Workers' welfare boards & labour,yes,Social welfare & Empowerment,https://www.myscheme.gov.in/schemes/bsmasukbocwwb
Uttarakhand,Free Travel in Uttarakhand Transport Corporation Buses to Widowed Daughters-in-Law of Freedom Fighters,State,Not for workers: honour & service pensions,no,Travel & Tourism; Women and Child,https://www.myscheme.gov.in/schemes/ftutwd
Uttarakhand,Mukhyamantri Hunar Yojana,State,"Livelihood, loans & self-employment",yes,Skills & Employment,https://www.myscheme.gov.in/schemes/cmhyu
Uttarakhand,"Pension Scheme to the Dependents (Husband/Wife) of Identified State Agitators, Other than those Who either went to Jail for 7 Days or were Injured During the Uttarakhand State Movement, after the Death of the Agitator",State,Not for workers: honour & service pensions,no,Social welfare & Empowerment,https://www.myscheme.gov.in/schemes/uksaptd
Uttarakhand,Samuhik Kanya Vivah Sahayata Yojana (UKBOCWWB),State,Workers' welfare boards & labour,yes,Social welfare & Empowerment; Women and Child,https://www.myscheme.gov.in/schemes/skvsyukbocwwb
Uttarakhand,Dr. Bhimrao Ambedkar Sanskrit Scholarship Scheme for Scheduled Caste and Scheduled Tribe Students,State,Not for workers: students & education,no,Education & Learning,https://www.myscheme.gov.in/schemes/brassc
Uttarakhand,Shodhgrantha Chayan Yojana,State,Other,no,Education & Learning,https://www.myscheme.gov.in/schemes/scyuk
Uttarakhand,Mukhyamantri Matsya Sampada Yojana,State,"Livelihood, loans & self-employment",yes,"Agriculture,Rural & Environment",https://www.myscheme.gov.in/schemes/cmfs
Uttarakhand,Akhil Bhartiya Sanskrit Kavi Sammelan,State,Other,no,Education & Learning,https://www.myscheme.gov.in/schemes/asksy
Uttarakhand,Akhil Bharatiya Civil Services Pratiyogita,State,"Not for workers: sports, arts, awards",no,Sports & Culture,https://www.myscheme.gov.in/schemes/abcsp
Uttarakhand,Green Skill Development Programme (GSDP),State,"Livelihood, loans & self-employment",yes,Education & Learning; Skills & Employment,https://www.myscheme.gov.in/schemes/gsdpuk
Uttarakhand,Skill Development,State,Not for workers: students & education,no,Education & Learning; Skills & Employment,https://www.myscheme.gov.in/schemes/sduk
Uttarakhand,Veer Chandra Singh Garhwali Paryatan Swarojgar Yojana,State,"Livelihood, loans & self-employment",yes,Business & Entrepreneurship; Travel & Tourism,https://www.myscheme.gov.in/schemes/vcsgpsyuk
Uttarakhand,Student Program Under AcSIR,State,Not for workers: students & education,no,Education & Learning,https://www.myscheme.gov.in/schemes/spuac
Uttarakhand," Freeship less than ₹1,00,000 (UG students only)",State,Not for workers: students & education,no,Education & Learning,https://www.myscheme.gov.in/schemes/free-ug-students-only
Uttarakhand,Sanskrit Shodh Chhaatravrtti Yojana,State,Not for workers: students & education,no,Education & Learning,https://www.myscheme.gov.in/schemes/srss
Uttarakhand,Braille Equipment Provision,State,Health & disability,yes,Social welfare & Empowerment,https://www.myscheme.gov.in/schemes/bepuk
Uttarakhand,"Procedure for Making ""Orphan Certificate"" for Getting Horizontal Reservation for Orphan Children",State,Other,no,Women and Child; Social welfare & Empowerment,https://www.myscheme.gov.in/schemes/pmochro
Uttarakhand,Pandit Deendayal Educational Excellence Award,State,Not for workers: students & education,no,Education & Learning,https://www.myscheme.gov.in/schemes/pdeeauk
Uttarakhand,Kasturba Gandhi Residential Girls’ Hostel,State,Not for workers: students & education,no,Housing & Shelter; Women and Child,https://www.myscheme.gov.in/schemes/kgbvrghuk
Uttarakhand,Vocational Education Programme,State,Not for workers: students & education,no,Education & Learning; Skills & Employment,https://www.myscheme.gov.in/schemes/vep
Uttarakhand,Scholarships to Meritorious Students of Sanskrit Schools,State,Not for workers: students & education,no,Education & Learning,https://www.myscheme.gov.in/schemes/svmvc
Uttarakhand,Dastkar Prashikshan (I.T.I),State,"Livelihood, loans & self-employment",yes,Skills & Employment,https://www.myscheme.gov.in/schemes/dpiti
Uttarakhand,High Altitude Guide Course,State,"Livelihood, loans & self-employment",yes,Travel & Tourism; Skills & Employment,https://www.myscheme.gov.in/schemes/highaltitudeuk
Uttarakhand,Procedure for Admission to Government Women Welfare and Rehabilitation Centre and Women's Home,State,Pensions,yes,Housing & Shelter; Women and Child,https://www.myscheme.gov.in/schemes/pagwwrcwh
Uttarakhand,Training Program for A-HELP Women Workers - Uttarakhand Livestock Development Board,State,Health & disability,yes,"Skills & Employment; Agriculture,Rural & Environment; Women and Child",https://www.myscheme.gov.in/schemes/tpehw
Uttarakhand,National Livestock Mission: Entrepreneurship Development Scheme - Uttarakhand Livestock Development Board,State,"Food, LPG & ration",yes,"Agriculture,Rural & Environment; Business & Entrepreneurship",https://www.myscheme.gov.in/schemes/nlmeds
Uttarakhand,Conducting Outreach Programmes in Various Fields,State,Not for workers: students & education,no,"Education & Learning; Science, IT & Communications",https://www.myscheme.gov.in/schemes/copvf
Uttarakhand,Super-100 Programme - Uttarakhand,State,Not for workers: students & education,no,Education & Learning,https://www.myscheme.gov.in/schemes/s100puk
Uttarakhand,Establishment of Digital Learning Platform,State,Not for workers: students & education,no,Education & Learning,https://www.myscheme.gov.in/schemes/edlp
Uttarakhand,Yatra Anudan,State,Other,no,"Science, IT & Communications; Travel & Tourism",https://www.myscheme.gov.in/schemes/ya
Uttarakhand,Tour Program of Modern Laboratories,State,Not for workers: students & education,no,"Agriculture,Rural & Environment",https://www.myscheme.gov.in/schemes/tpoml
Uttarakhand,Namami Gange Yojana- Uttarakhand,State,Farmers & agriculture,yes,"Agriculture,Rural & Environment",https://www.myscheme.gov.in/schemes/ngy-uk
Uttarakhand,Allotment of Canteens,State,"Food, LPG & ration",yes,Business & Entrepreneurship,https://www.myscheme.gov.in/schemes/acuk
Uttarakhand,Weekly Iron Folic Acid Tablets Free Distribution - Uttarakhand,State,Not for workers: students & education,no,Health & Wellness,https://www.myscheme.gov.in/schemes/wifatfd
Uttarakhand,Rural Business Incubators - Uttarakhand,State,"Livelihood, loans & self-employment",yes,Business & Entrepreneurship,https://www.myscheme.gov.in/schemes/rbisuk
Uttarakhand,Award Scheme to Encourage Entrepreneurs - Uttarakhand,State,"Not for workers: sports, arts, awards",no,Business & Entrepreneurship,https://www.myscheme.gov.in/schemes/aseeuk
Uttarakhand,"Promotion of Post-Harvest Management, Processing, and Value Addition of Aromatic Plant Produce to Farmers/Institutions/Groups in the State - Centre for Aromatic Plants",State,Farmers & agriculture,yes,"Agriculture,Rural & Environment",https://www.myscheme.gov.in/schemes/ppmpvaappfigs
Uttarakhand,Quality Test Report - Centre for Aromatic Plants,State,Farmers & agriculture,yes,"Agriculture,Rural & Environment",https://www.myscheme.gov.in/schemes/qtrcap
Uttarakhand,Lakhpati Didi Yojana - Uttarakhand,State,Other,no,Business & Entrepreneurship; Women and Child,https://www.myscheme.gov.in/schemes/ldyuk
Uttarakhand,E-Rickshaw Kalyan Yojana,State,Workers' welfare boards & labour,yes,Business & Entrepreneurship,https://www.myscheme.gov.in/schemes/erky
Uttarakhand,National Food Security Scheme (Antyodaya Anna Yojana - Pink Ration Card) - Uttarakhand,State,"Food, LPG & ration",yes,Social welfare & Empowerment,https://www.myscheme.gov.in/schemes/nfssaayprcuk
Uttarakhand,Deen Dayal Antyodaya Yojana - National Urban Livelihoods Mission (DAY-NULM): Self-Employment Programme – Uttarakhand,State,"Livelihood, loans & self-employment",yes,Skills & Employment,https://www.myscheme.gov.in/schemes/daynulsepuk
Uttarakhand,Aawasiy Suvidha 1 – Indralok Aawasiy Yojana (Group Housing),State,Housing,yes,Housing & Shelter,https://www.myscheme.gov.in/schemes/aaiay
Uttarakhand,"Distribution of Materials to Promote Herbal Cultivation in Uttarakhand - Herbal Research and Development Institute, Uttarakhand",State,Farmers & agriculture,yes,"Agriculture,Rural & Environment",https://www.myscheme.gov.in/schemes/copy-of-cfpc
Uttarakhand,"Issuing Legal Production Certificate (LPC) to Producers of Medicinal Plant Products for Export - Herbal Research and Development Institute, Uttarakhand",State,Other,no,Business & Entrepreneurship,https://www.myscheme.gov.in/schemes/ilpcpmppe
Uttarakhand,"Registration of Herb Cultivators - Herbal Research and Development Institute, Uttarakhand",State,"Food, LPG & ration",yes,"Agriculture,Rural & Environment",https://www.myscheme.gov.in/schemes/rhc
Uttarakhand,Mushroom Production and Marketing Scheme,State,"Livelihood, loans & self-employment",yes,"Agriculture,Rural & Environment",https://www.myscheme.gov.in/schemes/mpms
Uttarakhand,Mukhyamantri Chhaatrvrtti Yojana,State,Not for workers: students & education,no,Education & Learning,https://www.myscheme.gov.in/schemes/mcyuk
Uttarakhand,Mukhyamantri Aanchal Amrit Yojana,State,Health & disability,yes,Health & Wellness; Women and Child,https://www.myscheme.gov.in/schemes/maayu
Uttarakhand,Integrated Toll Free 104 Helpline,State,Health & disability,yes,Health & Wellness,https://www.myscheme.gov.in/schemes/itfh
Uttarakhand,Nishulk Ganavesh Yojana,State,Not for workers: students & education,no,Education & Learning,https://www.myscheme.gov.in/schemes/ngyuk
Uttarakhand,Sanskrit Chhaatr Pratiyogita,State,Not for workers: students & education,no,Education & Learning,https://www.myscheme.gov.in/schemes/scpdsddsuk
Uttarakhand,Financial Assistance to Permanent Residents of Uttarakhand for Religious Pilgrimages,State,Other,no,Travel & Tourism,https://www.myscheme.gov.in/schemes/faprurp
Uttarakhand,Paalna Ghar (Crèche),State,Other,no,Women and Child,https://www.myscheme.gov.in/schemes/pgc
Uttarakhand,Livelihood Opportunity Promotion Scheme (Scheduled Tribes),State,"Insurance, accident & death help",yes,"Banking,Financial Services and Insurance; Business & Entrepreneurship; Skills & Employment",https://www.myscheme.gov.in/schemes/lopsst
Uttarakhand,Minority Scholarship Scheme for Class 1 to 10,State,Not for workers: students & education,no,Education & Learning,https://www.myscheme.gov.in/schemes/pmssfm
Uttarakhand,Assistance for Purchase of Traditional Musical Instruments and Costumes for Scheduled Caste/Tribe Individuals,State,"Not for workers: sports, arts, awards",no,Sports & Culture,https://www.myscheme.gov.in/schemes/aptmicsct
Uttarakhand,Out of Turn Employment to Sportspersons in State Services,State,"Not for workers: sports, arts, awards",no,Sports & Culture; Skills & Employment,https://www.myscheme.gov.in/schemes/otejtpss
Uttarakhand,Dr. V.N. Mathur Award (M.Sc. Mathematics),State,Not for workers: students & education,no,Education & Learning,https://www.myscheme.gov.in/schemes/drvnmathuruk
Uttarakhand,Swanath Scholarship Scheme,State,Not for workers: students & education,no,Education & Learning,https://www.myscheme.gov.in/schemes/sssuk
Uttarakhand,Research Assistantship,State,Farmers & agriculture,yes,Education & Learning,https://www.myscheme.gov.in/schemes/rau
Uttarakhand,Samaaveshit Shiksha,State,Not for workers: students & education,no,Education & Learning,https://www.myscheme.gov.in/schemes/ssyuk
Uttarakhand,Sponsorship for Employment,State,Not for workers: honour & service pensions,no,Skills & Employment,https://www.myscheme.gov.in/schemes/pfe
Uttarakhand,Allotment of Commercial Shops,State,Farmers & agriculture,yes,"Agriculture,Rural & Environment; Business & Entrepreneurship",https://www.myscheme.gov.in/schemes/acsuk
Uttarakhand,Son/Daughter Education Assistance (UKBOCWWB),State,Not for workers: students & education,no,Education & Learning,https://www.myscheme.gov.in/schemes/easukbocwwb
Uttarakhand,Seemant Parvatiya Janpad Baal Vigyan Mahotsav,State,Not for workers: students & education,no,"Science, IT & Communications",https://www.myscheme.gov.in/schemes/bhdcsf
Uttarakhand,Old Age Pension Scheme- On Completion Of 65 Years (UKBOCWWB),State,Pensions,yes,Social welfare & Empowerment,https://www.myscheme.gov.in/schemes/oapcwcsf
Uttarakhand,Labour Card and Renewal of Labour Card,State,Workers' welfare boards & labour,yes,Social welfare & Empowerment,https://www.myscheme.gov.in/schemes/lcrlc
Uttarakhand,Motorcycle Taxi Yojana,State,"Livelihood, loans & self-employment",yes,Business & Entrepreneurship,https://www.myscheme.gov.in/schemes/mcty
Uttarakhand,Procedure for Making Medical Certificate (for Certifying Disability),State,Not for workers: students & education,no,Health & Wellness,https://www.myscheme.gov.in/schemes/pmmc
Uttarakhand,Maternity Financial Assistance (UKBOCWWB),State,Workers' welfare boards & labour,yes,Social welfare & Empowerment; Women and Child,https://www.myscheme.gov.in/schemes/mbsukbocwwb
Uttarakhand,Akhil Bharatiya Samanvit Anusandhan Pariyojana - Veer Chandra Singh Garhwali Uttarakhand University of Horticulture and Forestry,State,Not for workers: students & education,no,Skills & Employment,https://www.myscheme.gov.in/schemes/absap
Uttarakhand,Agricultural Investment Grant (in Case of Crop Damage of 33% or More),State,"Livelihood, loans & self-employment",yes,"Agriculture,Rural & Environment",https://www.myscheme.gov.in/schemes/aiguk
Uttarakhand,Financial Assistance for Natural Disaster,State,"Livelihood, loans & self-employment",yes,Social welfare & Empowerment,https://www.myscheme.gov.in/schemes/fand
Uttarakhand,Bhesaj Krishi Vikas Yojana (Herbal Cultivation Programme),State,"Livelihood, loans & self-employment",yes,"Agriculture,Rural & Environment",https://www.myscheme.gov.in/schemes/bkvyhcp
Uttarakhand,Spice Area Expansion,State,Farmers & agriculture,yes,"Agriculture,Rural & Environment",https://www.myscheme.gov.in/schemes/copy-of-vea
Uttarakhand,Vegetable Area Expansion,State,"Livelihood, loans & self-employment",yes,"Agriculture,Rural & Environment",https://www.myscheme.gov.in/schemes/vea
Uttarakhand,Scheduled Caste Dashamottar Scholarship (Starting from Class 11) - Uttarakhand,State,Not for workers: students & education,no,Education & Learning,https://www.myscheme.gov.in/schemes/scdsuk
Uttarakhand,Other Backward Caste Dashamottar Scholarship Scheme (Starting from Class 11) - Uttarakhand,State,Not for workers: students & education,no,Education & Learning,https://www.myscheme.gov.in/schemes/obcdssuk
Uttarakhand,Economically Backward Class (EBC) Dashamottar Scholarship Scheme (Starting from Class 11),State,Not for workers: students & education,no,Education & Learning,https://www.myscheme.gov.in/schemes/ebcdssuk
Uttarakhand,Janani Suraksha Yojana (JSY),Central,Health & disability,yes,Health & Wellness; Women and Child,https://www.myscheme.gov.in/schemes/jsy1
Uttarakhand,Mukhyamantri Nishulk Gas Refill Yojana,State,Housing,yes,Social welfare & Empowerment,https://www.myscheme.gov.in/schemes/mngryu
Uttarakhand,Financial Assistance After Death (UKBOCWWB),State,Workers' welfare boards & labour,yes,Social welfare & Empowerment,https://www.myscheme.gov.in/schemes/ndafcwu
Uttarakhand,Assistance for Damage to Agricultural Land and Other Losses,State,Farmers & agriculture,yes,Social welfare & Empowerment,https://www.myscheme.gov.in/schemes/aaoduk
Uttarakhand,"Ex-Gratia Grant for Clothes, Utensils, and Household Items to Disaster-Affected Families",State,"Insurance, accident & death help",yes,Social welfare & Empowerment,https://www.myscheme.gov.in/schemes/defamiliesuk
Uttarakhand,Atal Awas Yojana - Uttarakhand,State,Housing,yes,Housing & Shelter,https://www.myscheme.gov.in/schemes/aayu
Uttarakhand,Family Pension Scheme (UKBOCWWB),State,Pensions,yes,Social welfare & Empowerment,https://www.myscheme.gov.in/schemes/fpftcw
Uttarakhand,Payment of Ex-Gratia Amount on Death of the UPNL Employee During Service,State,"Insurance, accident & death help",yes,Social welfare & Empowerment,https://www.myscheme.gov.in/schemes/pegadeds
Uttarakhand,Uttarakhand Shaheed Kosh Anudan,State,Not for workers: honour & service pensions,no,Social welfare & Empowerment,https://www.myscheme.gov.in/schemes/uska
Uttarakhand,Financial Assistance for Construction of Toilet (UKBOCWWB),State,Workers' welfare boards & labour,yes,Social welfare & Empowerment,https://www.myscheme.gov.in/schemes/sctukbocwwb
Uttarakhand,Solar Energy Assistance Scheme (UKBOCWWB),State,Workers' welfare boards & labour,yes,Social welfare & Empowerment,https://www.myscheme.gov.in/schemes/seasukbocwwb
Uttarakhand,National Family Benefit Scheme- Uttarakhand,State,"Insurance, accident & death help",yes,Social welfare & Empowerment,https://www.myscheme.gov.in/schemes/nfbs-bf
Uttarakhand,Financial Assistance for Daughter's Marriage (UKBOCWWB),State,Workers' welfare boards & labour,yes,Women and Child; Social welfare & Empowerment,https://www.myscheme.gov.in/schemes/afdmcw
Uttarakhand,Samman Pension Yojana for All First-Generation Living Legal Heirs of Freedom Fighters of Uttarakhand State,State,"Not for workers: sports, arts, awards",no,Social welfare & Empowerment,https://www.myscheme.gov.in/schemes/spuk
Uttarakhand,Grant in Case of Death Due to Disaster,State,"Insurance, accident & death help",yes,Social welfare & Empowerment,https://www.myscheme.gov.in/schemes/disastergrantuk
Uttarakhand,Deployment of Prantiya Rakshak Dal (PRD) Volunteers (For volunteer & their Dependents),State,"Insurance, accident & death help",yes,Social welfare & Empowerment,https://www.myscheme.gov.in/schemes/dprdvd
Uttarakhand,Hamara Ped Hamara Dhan,State,Farmers & agriculture,yes,"Agriculture,Rural & Environment",https://www.myscheme.gov.in/schemes/otows
Uttarakhand,ECCE (Early Childhood Care and Education),State,Not for workers: students & education,no,Transport & Infrastructure; Women and Child,https://www.myscheme.gov.in/schemes/ecceuk
Uttarakhand,Breed Multiplication Farms - Uttarakhand Livestock Development Board,State,Not for workers: students & education,no,"Agriculture,Rural & Environment",https://www.myscheme.gov.in/schemes/bmf
Uttarakhand,"Uttarakhand Micro, Small and Medium Enterprises Policy - 2023",State,Other,no,Business & Entrepreneurship,https://www.myscheme.gov.in/schemes/ukmsmep2023
Uttarakhand,"Incentives by MSME Department for Setting Up of Aromatic Industries in Aroma Park located at SIIDCUL, Kashipur - Centre for Aromatic Plants",State,Other,no,Business & Entrepreneurship,https://www.myscheme.gov.in/schemes/imsmesaiaplsk
Uttarakhand,Pradhan Mantri Kisan Urja Suraksha Evam Utthaan Mahabhiyan Yojana (PM-KUSUM) - Uttarakhand,State,Farmers & agriculture,yes,"Agriculture,Rural & Environment",https://www.myscheme.gov.in/schemes/pm-kusumuk
Uttarakhand,Hamara School Hamara Vriksh,State,Not for workers: students & education,no,"Agriculture,Rural & Environment",https://www.myscheme.gov.in/schemes/hshv
Uttarakhand,State Integrated Cooperative Development Project - Fisheries Sector,State,"Livelihood, loans & self-employment",yes,"Agriculture,Rural & Environment; Banking,Financial Services and Insurance",https://www.myscheme.gov.in/schemes/scfdp-fs
Uttarakhand,Financial Assistance and Grants to Sports Associations/ Clubs/ Sports Committees of Uttarakhand,State,"Not for workers: sports, arts, awards",no,Sports & Culture,https://www.myscheme.gov.in/schemes/fasaccu
Uttarakhand,Establishment of Broiler Farms,State,"Food, LPG & ration",yes,"Agriculture,Rural & Environment; Business & Entrepreneurship",https://www.myscheme.gov.in/schemes/ebfuk
Uttarakhand,Personal Interest Subsidy Scheme,State,"Livelihood, loans & self-employment",yes,Business & Entrepreneurship,https://www.myscheme.gov.in/schemes/pissuk
Uttarakhand,Organising Sports Competitions and Training Camps,State,"Not for workers: sports, arts, awards",no,Sports & Culture,https://www.myscheme.gov.in/schemes/kpepska
Uttarakhand,Hand Pump Yojana,State,Farmers & agriculture,yes,"Utility & Sanitation; Agriculture,Rural & Environment",https://www.myscheme.gov.in/schemes/hpy
Uttarakhand,Incentive Policy for Setting Up Community Radio Stations - Uttarakhand,State,"Food, LPG & ration",yes,Social welfare & Empowerment,https://www.myscheme.gov.in/schemes/ipscrs
Uttarakhand,Construction of Minor Irrigation Projects for Scheduled Tribe Beneficiaries,State,Farmers & agriculture,yes,"Agriculture,Rural & Environment",https://www.myscheme.gov.in/schemes/cmipstb
Uttarakhand,Water Connection for ₹100 to BPL/Poor Families Residing in Urban Areas of Uttarakhand,State,Housing,yes,Utility & Sanitation,https://www.myscheme.gov.in/schemes/wcbplpfruauk
Uttarakhand,Food Processing and Value Addition Management,State,"Food, LPG & ration",yes,"Agriculture,Rural & Environment; Business & Entrepreneurship",https://www.myscheme.gov.in/schemes/fpvam
Uttarakhand,Alpshankhyak Vikas Nidhi,State,"Livelihood, loans & self-employment",yes,Social welfare & Empowerment; Skills & Employment,https://www.myscheme.gov.in/schemes/avn
Uttarakhand,Construction of Solar Pump-Based Lift Irrigation Projects (For Hilly Areas),State,Farmers & agriculture,yes,"Agriculture,Rural & Environment",https://www.myscheme.gov.in/schemes/cspblisuk
Uttarakhand,Uttarakhand State Science & Technology Congress (USSTC),State,Farmers & agriculture,yes,"Science, IT & Communications",https://www.myscheme.gov.in/schemes/usstc
Uttarakhand,Uttarakhand@25 Adarsh Champawat,State,Not for workers: students & education,no,"Science, IT & Communications",https://www.myscheme.gov.in/schemes/u25ac
Uttarakhand,Artificial Intelligence,State,Not for workers: students & education,no,"Science, IT & Communications",https://www.myscheme.gov.in/schemes/ai
Uttarakhand,Uttarakhand Tourism and Travel Business Registration Rules,State,"Food, LPG & ration",yes,Travel & Tourism,https://www.myscheme.gov.in/schemes/uttbrr
Uttarakhand,Policy for Establishment of Private Industrial Estates/Areas - 2023,State,Other,no,Business & Entrepreneurship; Transport & Infrastructure,https://www.myscheme.gov.in/schemes/pepiea
Uttarakhand,Uttarakhand Startup Policy-2023,State,"Livelihood, loans & self-employment",yes,Business & Entrepreneurship,https://www.myscheme.gov.in/schemes/copy-of-uksp
Uttarakhand,IT Policy and Amendments-2020 - Information Technology Development Agency,State,"Livelihood, loans & self-employment",yes,"Science, IT & Communications",https://www.myscheme.gov.in/schemes/itpaitda
Uttarakhand,Construction of Minor Irrigation Projects for Scheduled Caste Beneficiaries,State,Farmers & agriculture,yes,"Agriculture,Rural & Environment",https://www.myscheme.gov.in/schemes/cmipscb
Uttarakhand,Construction of Artesian Wells in Scheduled Tribe Areas,State,Farmers & agriculture,yes,"Agriculture,Rural & Environment",https://www.myscheme.gov.in/schemes/cawista
Uttarakhand,Pradhan Mantri Krishi Sinchayee Yojana - Har Khet Ko Pani (Surface Scheme) Uttarakhand,State,Farmers & agriculture,yes,"Agriculture,Rural & Environment",https://www.myscheme.gov.in/schemes/pmksy-hkkp
Uttarakhand,Post-Harvest Management,State,Housing,yes,"Agriculture,Rural & Environment; Business & Entrepreneurship",https://www.myscheme.gov.in/schemes/phm
Uttarakhand,Uttarakhand Tourism Entrepreneur Promotion Scheme,State,"Livelihood, loans & self-employment",yes,Travel & Tourism; Business & Entrepreneurship,https://www.myscheme.gov.in/schemes/ukteps
Uttarakhand,Mahila Nursery Yojana,State,"Food, LPG & ration",yes,"Agriculture,Rural & Environment; Women and Child",https://www.myscheme.gov.in/schemes/mny
Uttarakhand,Rural Sports and Health Promotion Scheme,State,"Not for workers: sports, arts, awards",no,Health & Wellness; Sports & Culture,https://www.myscheme.gov.in/schemes/rsahps
Uttarakhand,"Grants Provisioned under Uttarakhand Tourism Policy, 2023",State,"Livelihood, loans & self-employment",yes,Business & Entrepreneurship,https://www.myscheme.gov.in/schemes/gputpuk
Uttarakhand,Entrepreneurship and Development Programme,State,Other,no,"Science, IT & Communications; Business & Entrepreneurship",https://www.myscheme.gov.in/schemes/eadp
Uttarakhand,Pandit Deen Dayal Upadhyay Vigyaan Gram Sankul Pariyojana,State,"Livelihood, loans & self-employment",yes,"Transport & Infrastructure; Science, IT & Communications",https://www.myscheme.gov.in/schemes/pdduvgsp
Uttarakhand,Drone Policy 2023 - Information Technology Development Agency,State,"Food, LPG & ration",yes,"Science, IT & Communications",https://www.myscheme.gov.in/schemes/dpitda
Uttarakhand,World Bank-funded Uttarakhand Drinking Water Programme (For Semi-Urban Areas),State,Housing,yes,Utility & Sanitation,https://www.myscheme.gov.in/schemes/ukdwpsua
Uttarakhand,Swachh Bharat Mission (Grameen - Waste Management) - Uttarakhand,State,Health & disability,yes,Utility & Sanitation; Transport & Infrastructure,https://www.myscheme.gov.in/schemes/sbmgwmuk
Uttarakhand,Pradhan Mantri Krishi Sinchayee Yojana - Har Khet Ko Pani (Groundwater Irrigation Scheme) Uttarakhand,State,Farmers & agriculture,yes,"Agriculture,Rural & Environment",https://www.myscheme.gov.in/schemes/pmksyhkkpgws
Uttarakhand,Jal Jeevan Mission (Har Ghar Jal Yojana) - Uttarakhand,State,Housing,yes,Utility & Sanitation,https://www.myscheme.gov.in/schemes/jjmhgjyuk
Uttarakhand,Establishment of Tea Factories - Uttarakhand Tea Development Board,State,"Livelihood, loans & self-employment",yes,Business & Entrepreneurship,https://www.myscheme.gov.in/schemes/etfuktdb
Uttarakhand,"Construction of Sports Infrastructure Facilities (Badminton, Table Tennis, Squash, Indoor Cricket, Basketball, Volleyball, Football, Hockey, and Swimming) in Private Sector",State,"Not for workers: sports, arts, awards",no,Sports & Culture; Social welfare & Empowerment,https://www.myscheme.gov.in/schemes/gfcosi
Uttarakhand,Akhil Bhartiya Kisan Mela and Krishi Udyog Pradarshani,State,Farmers & agriculture,yes,"Agriculture,Rural & Environment",https://www.myscheme.gov.in/schemes/aikmkue
Uttarakhand,Establishment of Cow Shelters,State,Housing,yes,"Agriculture,Rural & Environment; Transport & Infrastructure",https://www.myscheme.gov.in/schemes/gksu
Uttarakhand,Youth and Eco Club,State,Not for workers: students & education,no,Education & Learning,https://www.myscheme.gov.in/schemes/yec
Uttarakhand,Establishment of Cell for SC/ST,State,Not for workers: students & education,no,"Science, IT & Communications",https://www.myscheme.gov.in/schemes/ecscst
Uttarakhand,House of Himalayas,State,Housing,yes,Business & Entrepreneurship,https://www.myscheme.gov.in/schemes/hohuk
Uttarakhand,IT Incubation Centre - Information Technology Development Agency,State,Not for workers: students & education,no,"Science, IT & Communications",https://www.myscheme.gov.in/schemes/iticitda
Uttarakhand,Construction of NABARD-Funded Minor Irrigation Projects - Uttarakhand,State,Farmers & agriculture,yes,"Agriculture,Rural & Environment",https://www.myscheme.gov.in/schemes/cnabardfmis
Uttarakhand,"Affordable Housing Component in Partnership of Pradhan Mantri Awas Yojana (Urban) under Uttarakhand Housing Policy Rules, 2024",State,Housing,yes,Housing & Shelter,https://www.myscheme.gov.in/schemes/ahcppmay
Uttarakhand,Pradhan Mantri Awas Yojana – Urban: Individual House Construction Component - Beneficiary Led Construction (BLC) Uttarakhand,State,Housing,yes,Housing & Shelter,https://www.myscheme.gov.in/schemes/ihccblcuk
Uttarakhand,Scheme for Construction of Ideal Fish Pond in Hilly Areas,State,"Livelihood, loans & self-employment",yes,"Agriculture,Rural & Environment",https://www.myscheme.gov.in/schemes/ifpcsiha
Madhya Pradesh,Shaikshanik Chatravriti Yojana,State,Not for workers: students & education,no,Social welfare & Empowerment; Education & Learning,https://www.myscheme.gov.in/schemes/mskscy
Madhya Pradesh,Super 5000,State,Not for workers: students & education,no,Education & Learning,https://www.myscheme.gov.in/schemes/spr
Madhya Pradesh,Samagr Samajik Suraksha Pension Yojana,State,Pensions,yes,Social welfare & Empowerment,https://www.myscheme.gov.in/schemes/ssspy
Madhya Pradesh,Usha Kiran Yojana,State,Housing,yes,Housing & Shelter,https://www.myscheme.gov.in/schemes/uky
Madhya Pradesh,Mukhya mantri Krishak Udyami Yojana,State,"Insurance, accident & death help",yes,"Banking,Financial Services and Insurance; Agriculture,Rural & Environment",https://www.myscheme.gov.in/schemes/mkuy
Madhya Pradesh,Divyang Shiksha Protsahan Yojana,State,Health & disability,yes,Social welfare & Empowerment,https://www.myscheme.gov.in/schemes/dspy
Madhya Pradesh,6 Varsh Se Adhik Aayu Ke Bahuviklang Aur Mansik Roop Se Aviksit Nisaktjan Ke Liye Sahayata Anudan Yojana,State,Health & disability,yes,Social welfare & Empowerment,https://www.myscheme.gov.in/schemes/cvsaakbamrsanklsay
Madhya Pradesh,Indira Gandhi National Widow Pension Scheme-Madhya Pradesh,State,Pensions,yes,Social welfare & Empowerment,https://www.myscheme.gov.in/schemes/ignwpsmp
Madhya Pradesh,Post Matric and Top Class Scholarship,State,Not for workers: students & education,no,Education & Learning,https://www.myscheme.gov.in/schemes/pmatcs
Madhya Pradesh,Kanya Saksharta Protsahan Yojana,State,Not for workers: students & education,no,Education & Learning; Women and Child,https://www.myscheme.gov.in/schemes/kspy
Madhya Pradesh,Dr. A.P.J. Abdul Kalam Meritorious Students Incentive Scheme (Class 12th Passed),State,Not for workers: students & education,no,Education & Learning,https://www.myscheme.gov.in/schemes/dapjakmsis
Madhya Pradesh,Hostel Facility for Students Availing Education in Delhi,State,Not for workers: students & education,no,Education & Learning,https://www.myscheme.gov.in/schemes/hfsaed
Madhya Pradesh,State Government ST Scholarship (Class 9 to 10),State,Not for workers: students & education,no,Education & Learning,https://www.myscheme.gov.in/schemes/sgstsc9t10
Madhya Pradesh,Pratibha Yojana,State,Not for workers: students & education,no,Education & Learning,https://www.myscheme.gov.in/schemes/py
Madhya Pradesh,Research Scholarship for Disabled Students,State,Not for workers: students & education,no,Education & Learning,https://www.myscheme.gov.in/schemes/rsds
Madhya Pradesh,Sanskrit Scholarship,State,Not for workers: students & education,no,Education & Learning,https://www.myscheme.gov.in/schemes/ssmp
Madhya Pradesh,Savitribai Phule Self-Help Scheme,State,"Insurance, accident & death help",yes,"Banking,Financial Services and Insurance; Business & Entrepreneurship; Women and Child",https://www.myscheme.gov.in/schemes/spshs
Madhya Pradesh,State Scholarship of Class 1st to 5th (Scheduled Caste),State,Not for workers: students & education,no,Education & Learning,https://www.myscheme.gov.in/schemes/ssocsc
Madhya Pradesh,Indira Gandhi National Disabled Pension Scheme (Madhya Pradesh),State,Pensions,yes,Social welfare & Empowerment,https://www.myscheme.gov.in/schemes/ngndpsmp
Madhya Pradesh,Aawaas Sahayata,State,Not for workers: students & education,no,Social welfare & Empowerment,https://www.myscheme.gov.in/schemes/as
Madhya Pradesh,Atal Graha Jyoti Yojana,State,"Livelihood, loans & self-employment",yes,Utility & Sanitation,https://www.myscheme.gov.in/schemes/agjy
Madhya Pradesh, Pre-Matric Scholarship for Backward Class Students,State,Not for workers: students & education,no,Education & Learning,https://www.myscheme.gov.in/schemes/pmsfbcs
Madhya Pradesh,Gausevak Training (Initial and Refresher),State,Not for workers: students & education,no,"Agriculture,Rural & Environment; Skills & Employment",https://www.myscheme.gov.in/schemes/gtiar
Madhya Pradesh,Civil Service Incentive Scheme (Madhya Pradesh),State,Not for workers: students & education,no,Education & Learning,https://www.myscheme.gov.in/schemes/csismp
Madhya Pradesh,Tap Water Scheme (Nal Jal Yojana),State,Farmers & agriculture,yes,"Agriculture,Rural & Environment",https://www.myscheme.gov.in/schemes/tws
Madhya Pradesh,Running of Scheduled Caste Hostel,State,Not for workers: students & education,no,Housing & Shelter,https://www.myscheme.gov.in/schemes/rosch
Madhya Pradesh,Excellent Work Award Scheme for Social Worker of De-Notified Communities,State,"Not for workers: sports, arts, awards",no,Social welfare & Empowerment,https://www.myscheme.gov.in/schemes/ewasfswodnc
Madhya Pradesh,Backward Classes Foreign Study Scholarship Scheme,State,Not for workers: students & education,no,Education & Learning,https://www.myscheme.gov.in/schemes/bcfsss
Madhya Pradesh,Tuition Fee Reimbursement of Sainik/Public Schools,State,Not for workers: students & education,no,Education & Learning,https://www.myscheme.gov.in/schemes/tfrosps
Madhya Pradesh,Laptop Supply Scheme,State,Not for workers: students & education,no,Education & Learning,https://www.myscheme.gov.in/schemes/tsis
Madhya Pradesh,Marriage Assistance Scheme (MPBOCWWB),State,Workers' welfare boards & labour,yes,Social welfare & Empowerment,https://www.myscheme.gov.in/schemes/masmpbocwwb
Madhya Pradesh,Compensation for Crop Damage Caused by Wildlife (in Revenue and Forest Villages),State,Farmers & agriculture,yes,"Agriculture,Rural & Environment",https://www.myscheme.gov.in/schemes/rccdcwrfv
Madhya Pradesh,Mukhyamantri Bal Hridaya Upchar Yojana,State,Health & disability,yes,Health & Wellness,https://www.myscheme.gov.in/schemes/mbhuy
Madhya Pradesh,Free Uniforms for Students,State,Not for workers: students & education,no,Education & Learning,https://www.myscheme.gov.in/schemes/fufs
Madhya Pradesh,Hybrid Chilli Production Program,State,"Livelihood, loans & self-employment",yes,"Agriculture,Rural & Environment",https://www.myscheme.gov.in/schemes/hcpp
Madhya Pradesh,Saral Bijli Bill Scheme,State,"Livelihood, loans & self-employment",yes,Utility & Sanitation,https://www.myscheme.gov.in/schemes/sbbs
Madhya Pradesh,Registration for Crop Procurement,State,"Food, LPG & ration",yes,"Agriculture,Rural & Environment",https://www.myscheme.gov.in/schemes/rfcp
Madhya Pradesh,Raah-Veer Yojana,State,"Not for workers: sports, arts, awards",no,"Public Safety,Law & Justice",https://www.myscheme.gov.in/schemes/rvy
Madhya Pradesh,ST Girl Child Literacy Incentive Amount - Class 11th,State,Not for workers: students & education,no,Education & Learning,https://www.myscheme.gov.in/schemes/stgca
Madhya Pradesh,Nishadraj Scholarship Scheme,State,Not for workers: students & education,no,"Education & Learning; Agriculture,Rural & Environment",https://www.myscheme.gov.in/schemes/nss
Madhya Pradesh,"Capital Investment Subsidy For Creation Of Infrastructure And Installation Of Permanent Facility/ Acquisition Of Equipment/Tents And Facilities To Establish Adventure Tourism, Water Tourism, Water Sports, Cruise/House Boat, Navigation Infrastructure, Amusement Park, Water Park, Sound And Light Show, Laser Show, Camping (Including Tents)",State,"Not for workers: sports, arts, awards",no,Travel & Tourism; Business & Entrepreneurship,https://www.myscheme.gov.in/schemes/cisciipfaetfeatwtwschbniapwpslscit
Madhya Pradesh,Investment Promotion Assistance To Setup Large/Mega/Ultra-Mega Tourism Projects,State,"Livelihood, loans & self-employment",yes,Travel & Tourism; Business & Entrepreneurship,https://www.myscheme.gov.in/schemes/ipaslmumtp
Madhya Pradesh,Pratibha Kiran Scholarship,State,Not for workers: students & education,no,Education & Learning; Women and Child,https://www.myscheme.gov.in/schemes/pks
Madhya Pradesh,Madhya Pradesh Kalakar Evam Sahityakar Kalyan Kosh Niyam- Death Assistance,State,"Not for workers: sports, arts, awards",no,Sports & Culture; Social welfare & Empowerment,https://www.myscheme.gov.in/schemes/mpkskkn-da
Madhya Pradesh,Mukhyamantri Medhavi Vidhyarti Yojana,State,Not for workers: students & education,no,Education & Learning,https://www.myscheme.gov.in/schemes/mmvy
Madhya Pradesh,Nationwide Artificial Insemination Programme,State,Farmers & agriculture,yes,"Agriculture,Rural & Environment",https://www.myscheme.gov.in/schemes/naip
Madhya Pradesh,Mukhyamantri Aarthik Kalyan Yojana,State,"Insurance, accident & death help",yes,"Business & Entrepreneurship; Banking,Financial Services and Insurance",https://www.myscheme.gov.in/schemes/maky
Madhya Pradesh,Internship Policy Of The Madhya Pradesh Tourism Board,State,Not for workers: students & education,no,Education & Learning,https://www.myscheme.gov.in/schemes/ipmptb
Madhya Pradesh,Nihshaktajan Vivaah Protsaahan Yojana,State,"Women, marriage & maternity",yes,Social welfare & Empowerment,https://www.myscheme.gov.in/schemes/nvpy
Madhya Pradesh,Masala Shetra Vistar Yojana,State,Farmers & agriculture,yes,"Agriculture,Rural & Environment",https://www.myscheme.gov.in/schemes/msvymp
Madhya Pradesh,Mukhyamantri Covid-19 Bal Seva Yojana,State,Health & disability,yes,Women and Child,https://www.myscheme.gov.in/schemes/mcbsy
Madhya Pradesh,Indira Gandhi National Vridhavastha Pension Yojana,State,Pensions,yes,Social welfare & Empowerment,https://www.myscheme.gov.in/schemes/ignvpy
Madhya Pradesh,Mukh‍yamantri Janakal‍yaan (Sambal 2.0) Yojana (Asangathit Karmakaar Man‍da),State,"Insurance, accident & death help",yes,Social welfare & Empowerment,https://www.myscheme.gov.in/schemes/mjsyakm
Madhya Pradesh,Alpasankhyak Post-Maitrik Chhaatravrtti Yojana,State,Not for workers: students & education,no,Education & Learning,https://www.myscheme.gov.in/schemes/apmcy
Madhya Pradesh,Scholarship for Fatherless Girls,State,Not for workers: students & education,no,Education & Learning; Women and Child,https://www.myscheme.gov.in/schemes/sfg
Madhya Pradesh,Mukhya Mantri Mahila Sashaktikaran Yojana,State,"Livelihood, loans & self-employment",yes,Women and Child; Skills & Employment,https://www.myscheme.gov.in/schemes/mmmsy
Madhya Pradesh,State Government ST Scholarship (Class 1 to 8),State,Not for workers: students & education,no,Education & Learning,https://www.myscheme.gov.in/schemes/sgsts
Madhya Pradesh,Dr. Bhim Rao Ambedkar Meritorious Student Award Scheme,State,Not for workers: students & education,no,Education & Learning,https://www.myscheme.gov.in/schemes/dbramsas
Madhya Pradesh,Sindhu Darshan Scheme in Ladakh,State,Other,no,Travel & Tourism,https://www.myscheme.gov.in/schemes/sdsl
Madhya Pradesh,Sri Lanka's Sita Temple Tour,State,Other,no,Travel & Tourism,https://www.myscheme.gov.in/schemes/slstt
Madhya Pradesh,Lalima Abhiyaan,State,Health & disability,yes,Women and Child,https://www.myscheme.gov.in/schemes/la
Madhya Pradesh, Burial and Ex-gratia Payment Scheme in Case of Death of Unregistered Laborer During Work at Construction Site,State,Workers' welfare boards & labour,yes,Social welfare & Empowerment,https://www.myscheme.gov.in/schemes/baepsicodouldwact
Madhya Pradesh,Post Matric Students of Class 11th &12th ( Scheduled Caste),State,Not for workers: students & education,no,Education & Learning,https://www.myscheme.gov.in/schemes/pmsocsc
Madhya Pradesh,Post Matric College Scholarship (Scheduled Caste),State,Not for workers: students & education,no,Education & Learning,https://www.myscheme.gov.in/schemes/pmcssc
Madhya Pradesh,Senior Hostel (Scheduled Tribes),State,Not for workers: students & education,no,Education & Learning,https://www.myscheme.gov.in/schemes/shst
Madhya Pradesh,Study Abroad Scholarships (Scheduled Tribe),State,Not for workers: students & education,no,Education & Learning,https://www.myscheme.gov.in/schemes/sas
Madhya Pradesh,Chief Minister's Building and Other Construction Workers Housing (Rural) Scheme,State,Workers' welfare boards & labour,yes,Housing & Shelter,https://www.myscheme.gov.in/schemes/cmbocwhrs
Madhya Pradesh,Chief Minister's Building and Other Construction Workers Urban Housing Scheme (MPBOCWWB),State,Workers' welfare boards & labour,yes,Housing & Shelter,https://www.myscheme.gov.in/schemes/cmbaocwump
Madhya Pradesh,Mukhyamantri Anusuchit Jaati Vishesh Pariyojana Vitt Poshan Yojana,State,Other,no,Social welfare & Empowerment; Business & Entrepreneurship,https://www.myscheme.gov.in/schemes/majvpvpy
Madhya Pradesh,Housing Assistance (Madhya Pradesh),State,Not for workers: students & education,no,Housing & Shelter,https://www.myscheme.gov.in/schemes/ha
Madhya Pradesh,Junior Hostel (Scheduled Tribes),State,Not for workers: students & education,no,Education & Learning,https://www.myscheme.gov.in/schemes/jhst
Madhya Pradesh,Sant Ravi Das Swarojgaar Yojana,State,"Insurance, accident & death help",yes,"Banking,Financial Services and Insurance",https://www.myscheme.gov.in/schemes/srdsy
Madhya Pradesh,Aahar Anudan Yojana,State,Not for workers: students & education,no,Social welfare & Empowerment,https://www.myscheme.gov.in/schemes/aaymp
Madhya Pradesh,Madhya Pradesh Professional Talent Examination Award Scheme,State,Not for workers: students & education,no,Education & Learning,https://www.myscheme.gov.in/schemes/mppteas
Madhya Pradesh,Backward Class Students Meritorious Award Scheme,State,Not for workers: students & education,no,Education & Learning,https://www.myscheme.gov.in/schemes/bcsmas
Madhya Pradesh,Construction of Godown for Grain Storage,State,"Food, LPG & ration",yes,"Agriculture,Rural & Environment",https://www.myscheme.gov.in/schemes/cogfgs
Madhya Pradesh,Advanced Animal Breeding Scheme (Supply of Breedable Pedigree Murrah Bull on Subsidy),State,"Livelihood, loans & self-employment",yes,"Agriculture,Rural & Environment",https://www.myscheme.gov.in/schemes/aabssobpmbos
Madhya Pradesh,Scheduled Tribe Relief Scheme ,State,Health & disability,yes,Social welfare & Empowerment,https://www.myscheme.gov.in/schemes/strs
Madhya Pradesh,Scheme for Supply of Male Goat on Subsidy Basis,State,"Insurance, accident & death help",yes,"Agriculture,Rural & Environment",https://www.myscheme.gov.in/schemes/sfsomgosb
Madhya Pradesh,Admission in Post Matric Hostel,State,Not for workers: students & education,no,Education & Learning,https://www.myscheme.gov.in/schemes/aipmh
Madhya Pradesh,"State Scholarship for Class 6th to 10th (Denotified, Nomadic and Semi-Nomadic )",State,Not for workers: students & education,no,Education & Learning,https://www.myscheme.gov.in/schemes/sscdnnsn
Madhya Pradesh,Compensation Amount Towards Cattle Injury Caused by Forest Animals,State,Farmers & agriculture,yes,"Agriculture,Rural & Environment; Social welfare & Empowerment",https://www.myscheme.gov.in/schemes/caicoloabfabfa
Madhya Pradesh,Kharmore Sonchidia Award Scheme,State,"Not for workers: sports, arts, awards",no,"Agriculture,Rural & Environment",https://www.myscheme.gov.in/schemes/ksas
Madhya Pradesh,Compensation for Livestock Loss Caused by Wild Animals,State,Health & disability,yes,"Agriculture,Rural & Environment; Health & Wellness",https://www.myscheme.gov.in/schemes/cfllcbwa
Madhya Pradesh,Mukhyamantri Dairy Plus Programme (Provision of 02 Murrah Buffaloes on Subsidy),State,"Livelihood, loans & self-employment",yes,"Agriculture,Rural & Environment",https://www.myscheme.gov.in/schemes/mmdpp
Madhya Pradesh,Bal Shakti Yojana,State,Health & disability,yes,Women and Child; Health & Wellness,https://www.myscheme.gov.in/schemes/bsymp
Madhya Pradesh,Dr. Bhimrao Ambedkar Kamdhenu Yojana,State,"Livelihood, loans & self-employment",yes,"Agriculture,Rural & Environment; Business & Entrepreneurship",https://www.myscheme.gov.in/schemes/dbaky
Madhya Pradesh,Flower Development (Demonstration),State,"Food, LPG & ration",yes,"Agriculture,Rural & Environment; Business & Entrepreneurship",https://www.myscheme.gov.in/schemes/fdd
Madhya Pradesh,Weather Based Crop Insurance Scheme,State,"Insurance, accident & death help",yes,"Agriculture,Rural & Environment",https://www.myscheme.gov.in/schemes/wbcism
Madhya Pradesh,Mukhyamantri Majadoor Suraksha Yojana,State,Not for workers: students & education,no,Social welfare & Empowerment,https://www.myscheme.gov.in/schemes/mmsymp
Madhya Pradesh,Financial Assistance to Shaurya Medal Recipients by the Government of Madhya Pradesh,State,"Not for workers: sports, arts, awards",no,Social welfare & Empowerment,https://www.myscheme.gov.in/schemes/fasmrgmp
Madhya Pradesh,Monthly Pension for the Maintenance of the Parents of the Martyred Soldier of the Army,State,Not for workers: honour & service pensions,no,Social welfare & Empowerment,https://www.myscheme.gov.in/schemes/mpmpmsa
Madhya Pradesh,Annapurna Scheme: Seed Multiplication Programme,State,"Livelihood, loans & self-employment",yes,"Agriculture,Rural & Environment",https://www.myscheme.gov.in/schemes/as-smp
Madhya Pradesh,Scheme for Promotion of Protected Cultivation of Commercial Horticultural Crops,State,Housing,yes,"Agriculture,Rural & Environment",https://www.myscheme.gov.in/schemes/sfppcchc
Madhya Pradesh,Own Transformer Scheme,State,Farmers & agriculture,yes,Utility & Sanitation,https://www.myscheme.gov.in/schemes/ots
Madhya Pradesh,Police Internship Scheme,State,Not for workers: students & education,no,"Public Safety,Law & Justice; Education & Learning",https://www.myscheme.gov.in/schemes/pis
Madhya Pradesh,Integrated Vegetable Development Program,State,Health & disability,yes,"Agriculture,Rural & Environment",https://www.myscheme.gov.in/schemes/ivdp
Madhya Pradesh,Awas Sahayta Yojana for 100% Hearing and Visually Impaired Disabled Students in Special Trades of Industrial Training Institutes,State,Not for workers: students & education,no,Housing & Shelter; Social welfare & Empowerment,https://www.myscheme.gov.in/schemes/asyf1hvidsstiti
Madhya Pradesh,Mukhyamantri Gramin Street Vendor Rin Yojana,State,Workers' welfare boards & labour,yes,"Business & Entrepreneurship; Banking,Financial Services and Insurance",https://www.myscheme.gov.in/schemes/mgsvry
Madhya Pradesh,Capital Investment Subsidy to Establish a New Deluxe/Three Star or Higher Category New Hotel and Resort,State,"Livelihood, loans & self-employment",yes,Travel & Tourism; Business & Entrepreneurship,https://www.myscheme.gov.in/schemes/cisendtshcnhr
Madhya Pradesh,Capital Investment Subsidy for Establishment of New Resort and Wellness Centre,State,"Livelihood, loans & self-employment",yes,Travel & Tourism; Business & Entrepreneurship,https://www.myscheme.gov.in/schemes/cisenrwc
Madhya Pradesh,Capital Subsidy for Heritage Hotel under Proprietorship,State,"Livelihood, loans & self-employment",yes,Travel & Tourism; Business & Entrepreneurship,https://www.myscheme.gov.in/schemes/cshhp
Madhya Pradesh,"Capital Subsidy for Establishment of Sea Plane, Amphibian Tourist Vehicle and Aero Sports and Aero Sports Training Centre/Academy",State,"Not for workers: sports, arts, awards",no,Travel & Tourism; Business & Entrepreneurship,https://www.myscheme.gov.in/schemes/csespatvasastca
Madhya Pradesh,Capital Investment Subsidy For Expansion Of Established Star/Deluxe/Standard Hotel/Resort/Heritage Hotel,State,"Livelihood, loans & self-employment",yes,Travel & Tourism; Business & Entrepreneurship,https://www.myscheme.gov.in/schemes/ciseesdshrhh
Madhya Pradesh,Installation of Ropeway Infrastructure for Transport in Inaccessible Tourist Places or Forest Areas,State,"Livelihood, loans & self-employment",yes,Travel & Tourism; Business & Entrepreneurship,https://www.myscheme.gov.in/schemes/irititpfa
Madhya Pradesh,Special Incentives for Wildlife Resorts,State,"Livelihood, loans & self-employment",yes,Travel & Tourism; Business & Entrepreneurship,https://www.myscheme.gov.in/schemes/sifwr
Madhya Pradesh,Madhya Pradesh Kalakar Evam Sahityakar Kalyan Kosh Niyam- Disability Assistance,State,"Not for workers: sports, arts, awards",no,Sports & Culture; Social welfare & Empowerment,https://www.myscheme.gov.in/schemes/mpkskkn-d
Madhya Pradesh,Rules Related to Madhya Pradesh State Disease Assistance Fund,State,Health & disability,yes,Health & Wellness,https://www.myscheme.gov.in/schemes/aflbplsdrf
Madhya Pradesh,Post Metric Scholarship For OBC Students,State,Not for workers: students & education,no,Education & Learning,https://www.myscheme.gov.in/schemes/pms
Madhya Pradesh,Gaon Ki Beti,State,Not for workers: students & education,no,Education & Learning; Women and Child,https://www.myscheme.gov.in/schemes/gkb
Madhya Pradesh,Mukhyamantri Teerth Darshan Yojana,State,Other,no,Social welfare & Empowerment,https://www.myscheme.gov.in/schemes/mtdy
Madhya Pradesh,Mukhyamantri Kanya Vivaah / Nikaah Yojana,State,"Women, marriage & maternity",yes,Social welfare & Empowerment; Women and Child,https://www.myscheme.gov.in/schemes/mkvymp
Madhya Pradesh,Chief Minister Ladli Behna Yojana,State,Other,no,Social welfare & Empowerment; Women and Child,https://www.myscheme.gov.in/schemes/cmlby
Madhya Pradesh,Aushadhi Avam Sugandhit Fasal Shetra Vistar,State,"Food, LPG & ration",yes,"Agriculture,Rural & Environment",https://www.myscheme.gov.in/schemes/aasfsv
Madhya Pradesh,Sabji Shetra Vistar Yojana,State,Farmers & agriculture,yes,"Agriculture,Rural & Environment",https://www.myscheme.gov.in/schemes/ssvy
Madhya Pradesh,Nirmaan Sthal Par Karya Ke Dauran A-panjeekrat Shramik Ke Mratyu Ki Dasha Me Antyeshti  Evan Anugrah Rashi Bhugatan Yojana,State,Workers' welfare boards & labour,yes,Social welfare & Empowerment,https://www.myscheme.gov.in/schemes/nsokkdaskmkdmaearby
Madhya Pradesh,Antim Sans‍kar Yojana ​,State,"Insurance, accident & death help",yes,Social welfare & Empowerment,https://www.myscheme.gov.in/schemes/asymp
Madhya Pradesh,Riyaayati Dar Par Copies Ka Vitaran,State,Workers' welfare boards & labour,yes,Education & Learning,https://www.myscheme.gov.in/schemes/kdpckv
Madhya Pradesh,General Poor Class Scholarship (Class 6 to 8),State,Not for workers: students & education,no,Education & Learning,https://www.myscheme.gov.in/schemes/gpcs
Madhya Pradesh,Education Development Scholarship for Single Girl Child,State,Not for workers: students & education,no,Education & Learning; Women and Child,https://www.myscheme.gov.in/schemes/edssgc
Madhya Pradesh,Hinglaj Devi Temple and Nankana Sahib Yatra in Pakistan- Madhya Pradesh,State,Other,no,Travel & Tourism,https://www.myscheme.gov.in/schemes/hdtnsypmp
Madhya Pradesh,Kailash Mansarovar Yatra- Madhya Pradesh,State,Other,no,Travel & Tourism,https://www.myscheme.gov.in/schemes/kmymp
Madhya Pradesh,Subsistence and Transport Allowance to Disabled Students for Pursuing Education in Computer and Management,State,Not for workers: students & education,no,Education & Learning,https://www.myscheme.gov.in/schemes/stadspecm
Madhya Pradesh,State Government Backward Class Scholarship (Class 6 to 10),State,Not for workers: students & education,no,Education & Learning,https://www.myscheme.gov.in/schemes/sgbcs
Madhya Pradesh,Kalyani Sahayata Yojana (Madhya Pradesh Labor Welfare Board),State,Workers' welfare boards & labour,yes,Social welfare & Empowerment; Women and Child,https://www.myscheme.gov.in/schemes/ksymplwb
Madhya Pradesh,Aswachh Dhandha Chhaatravrtti,State,Not for workers: students & education,no,Education & Learning,https://www.myscheme.gov.in/schemes/adc
Madhya Pradesh,Funeral Assistance Scheme (Madhya Pradesh),State,"Insurance, accident & death help",yes,Health & Wellness; Social welfare & Empowerment,https://www.myscheme.gov.in/schemes/fasmp
Madhya Pradesh,Goat Unit Scheme On Grants And Bank Loans,State,"Livelihood, loans & self-employment",yes,"Agriculture,Rural & Environment",https://www.myscheme.gov.in/schemes/gusgbl
Madhya Pradesh,Post Matric Scholarship for Class 11th 12th And College,State,Not for workers: students & education,no,Education & Learning,https://www.myscheme.gov.in/schemes/pmsc
Madhya Pradesh,Integrated Hostel Scheme,State,Not for workers: students & education,no,Housing & Shelter; Education & Learning,https://www.myscheme.gov.in/schemes/ihs
Madhya Pradesh,Death Assistance Scheme (MPBOCWWB),State,Workers' welfare boards & labour,yes,Social welfare & Empowerment,https://www.myscheme.gov.in/schemes/dasmpbocwwb
Madhya Pradesh,Primary Education Scholarship (Madhya Pradesh),State,Not for workers: students & education,no,Education & Learning,https://www.myscheme.gov.in/schemes/pesmp
Madhya Pradesh,Operation of SC Senior Hostel,State,Not for workers: students & education,no,Housing & Shelter,https://www.myscheme.gov.in/schemes/oossh
Madhya Pradesh,Reimbursement of Fees of ST Students Studying in Sainik School Private Institutions,State,Not for workers: students & education,no,Education & Learning,https://www.myscheme.gov.in/schemes/rofpsssisspi
Madhya Pradesh,Scholarships for Meritorious Students to Study Abroad,State,Not for workers: students & education,no,Education & Learning,https://www.myscheme.gov.in/schemes/sfmstsa
Madhya Pradesh,Chief Minister Rural Path Vendor Loan Scheme,State,"Livelihood, loans & self-employment",yes,Business & Entrepreneurship,https://www.myscheme.gov.in/schemes/cmrpvls
Madhya Pradesh,Free Distribution of Text Books to Students,State,Not for workers: students & education,no,Education & Learning,https://www.myscheme.gov.in/schemes/fdotbts
Madhya Pradesh,"Free Caste Hostel (De-Notified, Nomadic and Semi-Nomadic Communities)",State,Not for workers: students & education,no,Education & Learning; Housing & Shelter,https://www.myscheme.gov.in/schemes/fchdnnasnc
Madhya Pradesh,"Strengthening Skills, Arts and Employment through ITIs",State,Not for workers: students & education,no,Skills & Employment,https://www.myscheme.gov.in/schemes/skaaeti
Madhya Pradesh,Girls Literacy Promotion Scheme for Class 11th,State,Not for workers: students & education,no,Education & Learning,https://www.myscheme.gov.in/schemes/glpsc1
Madhya Pradesh,Kisan Credit Card (Pashupalan),State,"Food, LPG & ration",yes,"Agriculture,Rural & Environment; Banking,Financial Services and Insurance",https://www.myscheme.gov.in/schemes/kccp
Madhya Pradesh,Compensation for Human Death or Injury Caused by Wild Animals,State,"Insurance, accident & death help",yes,"Agriculture,Rural & Environment; Health & Wellness",https://www.myscheme.gov.in/schemes/chdicbwa
Madhya Pradesh,Special Scheme for Increasing the Storage Capacity of Perishable Products,State,Farmers & agriculture,yes,"Agriculture,Rural & Environment",https://www.myscheme.gov.in/schemes/ssiscpp
Madhya Pradesh,Bari (Kitchen Garden) Scheme,State,Farmers & agriculture,yes,"Agriculture,Rural & Environment",https://www.myscheme.gov.in/schemes/bkgs
Madhya Pradesh,Exhibition Fair and Publicity,State,Farmers & agriculture,yes,"Agriculture,Rural & Environment",https://www.myscheme.gov.in/schemes/efap
Madhya Pradesh,Madhya Pradesh Lok Vaniki Yojana,State,Farmers & agriculture,yes,"Agriculture,Rural & Environment",https://www.myscheme.gov.in/schemes/mplvy
Madhya Pradesh,Sparsh Abhiyan: Surgery to Prevent Disability of Poor and Destitute Disabled People of Madhya Pradesh,State,Pensions,yes,Social welfare & Empowerment; Health & Wellness,https://www.myscheme.gov.in/schemes/sa-spdpddpmp
Madhya Pradesh,Financial Assistance to Non-Pensioner World War-II Veterans and Their Widows,State,Pensions,yes,Social welfare & Empowerment; Women and Child,https://www.myscheme.gov.in/schemes/fanpvwws
Madhya Pradesh,Free Electricity Supply Scheme,State,Farmers & agriculture,yes,Utility & Sanitation,https://www.myscheme.gov.in/schemes/fess
Madhya Pradesh,Financial Assistance to the Recipients of the Service Medal by the Government of Madhya Pradesh,State,"Not for workers: sports, arts, awards",no,Social welfare & Empowerment,https://www.myscheme.gov.in/schemes/farsmgmp
Madhya Pradesh,Annapurna Scheme: Seed Exchange Programme,State,"Livelihood, loans & self-employment",yes,"Agriculture,Rural & Environment",https://www.myscheme.gov.in/schemes/as-sep
Madhya Pradesh,Mukhyamantri Krishak Mitra Yojana,State,Farmers & agriculture,yes,"Agriculture,Rural & Environment; Utility & Sanitation",https://www.myscheme.gov.in/schemes/mkmy
Madhya Pradesh,SC Girl Child Literacy Incentive Amount - Class 11th,State,Not for workers: students & education,no,Education & Learning,https://www.myscheme.gov.in/schemes/scgca
Madhya Pradesh,Mukhyamantri Bijli Bill Bakaya Maaf Samadhan Scheme,State,Workers' welfare boards & labour,yes,Utility & Sanitation,https://www.myscheme.gov.in/schemes/mbbbmss
Madhya Pradesh,Annapurna Scheme: Seed Production Programme,State,"Food, LPG & ration",yes,"Agriculture,Rural & Environment",https://www.myscheme.gov.in/schemes/as-spp
Madhya Pradesh,Mukhyamantri Yuva Annadoot Yojana,State,"Food, LPG & ration",yes,Social welfare & Empowerment; Transport & Infrastructure,https://www.myscheme.gov.in/schemes/myay-mp
Madhya Pradesh,Additional Subsidy to Establish Tourism Projects in Distant and New Ulterior Areas,State,"Livelihood, loans & self-employment",yes,Travel & Tourism; Business & Entrepreneurship,https://www.myscheme.gov.in/schemes/asetpdnua
Madhya Pradesh,Madhya Pradesh Janani Suraksha Yojana ,State,Health & disability,yes,Women and Child,https://www.myscheme.gov.in/schemes/mpjsy
Madhya Pradesh,Madhya Pradesh Kalakar Evam Sahityakar Kalyan Kosh Niyam- Serious Illness / Accident / Calamity Assistance,State,"Not for workers: sports, arts, awards",no,Sports & Culture; Social welfare & Empowerment; Health & Wellness,https://www.myscheme.gov.in/schemes/mpkskkn-diancal
Madhya Pradesh,Motor Vehicle Driver-Conductor Welfare Scheme- Pradhanmantri Suraksha Bima Yojana,State,"Insurance, accident & death help",yes,Health & Wellness; Transport & Infrastructure; Social welfare & Empowerment,https://www.myscheme.gov.in/schemes/mvdcws-pmsby
Madhya Pradesh,Youth Art Training Fellowship Scheme,State,Not for workers: students & education,no,Sports & Culture; Skills & Employment,https://www.myscheme.gov.in/schemes/yatfs
Madhya Pradesh,Mukhyamantree Baal Aasheervaad Yojana,State,Not for workers: students & education,no,Social welfare & Empowerment; Education & Learning,https://www.myscheme.gov.in/schemes/mbay
Madhya Pradesh,Sudama Shishyavritti Scheme (Class 11th and 12th),State,Not for workers: students & education,no,Education & Learning,https://www.myscheme.gov.in/schemes/scymp
Madhya Pradesh,Shram Kalyan Shaikshanik Chatravriti Yojana,State,Not for workers: students & education,no,Education & Learning,https://www.myscheme.gov.in/schemes/skscy
Madhya Pradesh,Mukhya Mantri Yuva Udyami Yojana,State,"Insurance, accident & death help",yes,"Banking,Financial Services and Insurance; Business & Entrepreneurship",https://www.myscheme.gov.in/schemes/myuy
Madhya Pradesh,Mukhya mantri Swarojgar Yojana,State,"Insurance, accident & death help",yes,"Banking,Financial Services and Insurance; Business & Entrepreneurship",https://www.myscheme.gov.in/schemes/msy
Madhya Pradesh,Gharelu Hinsa Ki Pidita Ke Liye Sahayta Yojana,State,Housing,yes,Women and Child,https://www.myscheme.gov.in/schemes/ghpklsy
Madhya Pradesh,Krshak Prashikshan Tatha Bhraman Karyakram,State,"Food, LPG & ration",yes,"Agriculture,Rural & Environment",https://www.myscheme.gov.in/schemes/kbky
Madhya Pradesh,Mukhyamantri Kalyakani Pension  Yojana,State,Pensions,yes,Social welfare & Empowerment,https://www.myscheme.gov.in/schemes/mkkpy
Madhya Pradesh,Mrityu Ki Dasha Me Antyeshti Evam Anugrah Sahayata Yojana,State,Workers' welfare boards & labour,yes,Social welfare & Empowerment,https://www.myscheme.gov.in/schemes/mkdmaeasybeaskm
Madhya Pradesh,Cycle Anudaan Yojana,State,Other,no,Transport & Infrastructure; Social welfare & Empowerment,https://www.myscheme.gov.in/schemes/say
Madhya Pradesh,Aaws Bhatta Sahayata Yojana,State,Not for workers: students & education,no,Education & Learning,https://www.myscheme.gov.in/schemes/absy
Madhya Pradesh,Post Metric Scholarship - Madhya Pradesh,State,Not for workers: students & education,no,Education & Learning,https://www.myscheme.gov.in/schemes/pmsm
Madhya Pradesh,Swami Vivekananda Post-Matric Scholarship Scheme (Class 11th & 12th),State,Not for workers: students & education,no,Education & Learning,https://www.myscheme.gov.in/schemes/svpmss
Madhya Pradesh,Sudama Pre-Matric Scholarship Scheme (Class 9th to 10th),State,Not for workers: students & education,no,Education & Learning,https://www.myscheme.gov.in/schemes/spmssc910
Madhya Pradesh,Mukhyamantri Kanya Vivah Yojana- Madhya Pradesh,State,Pensions,yes,Social welfare & Empowerment; Women and Child,https://www.myscheme.gov.in/schemes/mmkvymp
Madhya Pradesh,Civil Services Incentive Scheme for Persons with Disabilities,State,Health & disability,yes,Skills & Employment,https://www.myscheme.gov.in/schemes/csispwd
Madhya Pradesh,Videsh Siksha Yojana (MPBOCWWB),State,Not for workers: students & education,no,Education & Learning,https://www.myscheme.gov.in/schemes/vsympbocwwb
Madhya Pradesh,Encouragement Scheme for Taking Admission in Science and Contemporary Subjects,State,Not for workers: students & education,no,Education & Learning,https://www.myscheme.gov.in/schemes/estascs
Madhya Pradesh,Integrated Scholarship Scheme,State,Not for workers: students & education,no,Education & Learning,https://www.myscheme.gov.in/schemes/issmp
Madhya Pradesh,Nalkoop Khanan Yojana- Madhya Pradesh,State,"Livelihood, loans & self-employment",yes,"Agriculture,Rural & Environment",https://www.myscheme.gov.in/schemes/nkymp
Madhya Pradesh,Chhatrawas (Scheduled Caste),State,Not for workers: students & education,no,Education & Learning,https://www.myscheme.gov.in/schemes/csc
Madhya Pradesh,Supply of Kadaknath Chicks on Subsidy,State,"Food, LPG & ration",yes,"Agriculture,Rural & Environment",https://www.myscheme.gov.in/schemes/sokcos
Madhya Pradesh,Mukhya Mantri Seekho Kamao Yojana,State,Not for workers: students & education,no,Business & Entrepreneurship,https://www.myscheme.gov.in/schemes/mmsky
Madhya Pradesh,Ashram Schools (Scheduled Tribes),State,Not for workers: students & education,no,Education & Learning; Housing & Shelter,https://www.myscheme.gov.in/schemes/asst
Madhya Pradesh,Training on Artificial Insemination for Self-Employment,State,"Livelihood, loans & self-employment",yes,"Agriculture,Rural & Environment; Skills & Employment",https://www.myscheme.gov.in/schemes/toaifse
Madhya Pradesh,"Civil Service Incentive (De-Notified, Nomadic and Semi-nomadic communities )",State,Not for workers: students & education,no,Education & Learning,https://www.myscheme.gov.in/schemes/glpsc
Madhya Pradesh,Refund of Fees,State,Not for workers: students & education,no,Education & Learning,https://www.myscheme.gov.in/schemes/rof
Madhya Pradesh,Scheduled Caste Boys/Girls Housing Assistance Scheme,State,Not for workers: students & education,no,Housing & Shelter,https://www.myscheme.gov.in/schemes/scbshas
Madhya Pradesh,Gopal Incentive Scheme,State,"Not for workers: sports, arts, awards",no,"Agriculture,Rural & Environment",https://www.myscheme.gov.in/schemes/gis
Madhya Pradesh,Vats Palan Protsahan Yojana,State,Farmers & agriculture,yes,"Agriculture,Rural & Environment",https://www.myscheme.gov.in/schemes/vppy
Madhya Pradesh,Payment in the Owner-Occupied / Public Forestry Case,State,Farmers & agriculture,yes,"Agriculture,Rural & Environment",https://www.myscheme.gov.in/schemes/ptoopfc
Madhya Pradesh,Janani Express Yojana,State,"Women, marriage & maternity",yes,Women and Child,https://www.myscheme.gov.in/schemes/jey
Madhya Pradesh,Top Working Program,State,"Livelihood, loans & self-employment",yes,"Agriculture,Rural & Environment",https://www.myscheme.gov.in/schemes/twp
Madhya Pradesh,Janani Sahayogi Yojana,State,Health & disability,yes,Women and Child; Health & Wellness,https://www.myscheme.gov.in/schemes/jsymp
Madhya Pradesh,Seed Program,State,Farmers & agriculture,yes,"Agriculture,Rural & Environment",https://www.myscheme.gov.in/schemes/sp
Madhya Pradesh,Procurement of Food Grains From Farmers at Support Price,State,"Food, LPG & ration",yes,"Agriculture,Rural & Environment",https://www.myscheme.gov.in/schemes/pfgfsp
Madhya Pradesh,Scheme to Promote Mechanization for the Development of Horticulture,State,"Livelihood, loans & self-employment",yes,"Agriculture,Rural & Environment",https://www.myscheme.gov.in/schemes/stpmtdh
Madhya Pradesh,Balram Talab Yojana,State,"Livelihood, loans & self-employment",yes,"Agriculture,Rural & Environment",https://www.myscheme.gov.in/schemes/bty
Madhya Pradesh,Atal Kisan Jyoti Yojana,State,Farmers & agriculture,yes,"Agriculture,Rural & Environment; Utility & Sanitation",https://www.myscheme.gov.in/schemes/akjy
Madhya Pradesh,Computer Training Scheme for Visually Impaired Persons,State,Not for workers: students & education,no,Education & Learning; Social welfare & Empowerment,https://www.myscheme.gov.in/schemes/ctsfvip
Madhya Pradesh,Kisan Credit Card Scheme for Fisheries- Chief Minister Fishermen Prosperity Scheme,State,"Livelihood, loans & self-employment",yes,"Agriculture,Rural & Environment; Banking,Financial Services and Insurance",https://www.myscheme.gov.in/schemes/kccsf-cmfps
Madhya Pradesh,Mukhyamantri Kalyani Vivah Sahayta Yojana,State,"Women, marriage & maternity",yes,Social welfare & Empowerment; Women and Child,https://www.myscheme.gov.in/schemes/mmkvsy
Madhya Pradesh,Capital Investment Subsidy for Establishment of 500 or More Seater Convention Centre as Above cum Hotel under MICE,State,"Livelihood, loans & self-employment",yes,Travel & Tourism; Business & Entrepreneurship,https://www.myscheme.gov.in/schemes/cise5msccahm
Madhya Pradesh,Capital Investment Subsidy for Establishment of Way Side Amenities Under Green Field or Franchise Model,State,"Livelihood, loans & self-employment",yes,Travel & Tourism; Business & Entrepreneurship,https://www.myscheme.gov.in/schemes/cisewsagffm
Madhya Pradesh,Capital Investment Subsidy for Creation of Infrastructure,State,"Livelihood, loans & self-employment",yes,Travel & Tourism; Business & Entrepreneurship,https://www.myscheme.gov.in/schemes/cisci
Madhya Pradesh,Pichda Varg Post Matric Chhatravritti,State,Not for workers: students & education,no,Education & Learning,https://www.myscheme.gov.in/schemes/pvpmc
Madhya Pradesh,Research (PhD) Scholarship for SC/ST Students,State,Not for workers: students & education,no,Education & Learning,https://www.myscheme.gov.in/schemes/rphdsscsts
Madhya Pradesh,Motor Vehicle Driver-Conductor Welfare Scheme- Chief Minister Self-Employment Scheme for Drivers/Conductors,State,"Livelihood, loans & self-employment",yes,Transport & Infrastructure; Skills & Employment,https://www.myscheme.gov.in/schemes/mvdcws-cmsesdc
Madhya Pradesh,Payment Related to Wheat Procurement,State,Farmers & agriculture,yes,"Agriculture,Rural & Environment",https://www.myscheme.gov.in/schemes/prtwp
Madhya Pradesh,Janani Shishu Suraksha Karyakram Madhya Pradesh,State,Health & disability,yes,Women and Child; Health & Wellness,https://www.myscheme.gov.in/schemes/jsskmp
Madhya Pradesh,Akanksha Scheme,State,Not for workers: students & education,no,Education & Learning,https://www.myscheme.gov.in/schemes/aks
Madhya Pradesh,Mukhyamantri Kanya Abhibhawak Pension Scheme,State,Pensions,yes,Social welfare & Empowerment,https://www.myscheme.gov.in/schemes/mkaps
Madhya Pradesh,Mukhyamantri Jankalyan (Shiksha Protsahan Yojna),State,Not for workers: students & education,no,Education & Learning,https://www.myscheme.gov.in/schemes/mjspy
Madhya Pradesh,Udita Yojana,State,Health & disability,yes,Health & Wellness; Women and Child,https://www.myscheme.gov.in/schemes/uy
Madhya Pradesh,Mukhyamantri Aawasiye Bhu-Adhikaar Yojana,State,Housing,yes,Housing & Shelter,https://www.myscheme.gov.in/schemes/mabay
Madhya Pradesh,Ladli Laxmi Yojana,State,"Women, marriage & maternity",yes,Social welfare & Empowerment; Women and Child,https://www.myscheme.gov.in/schemes/lly
Madhya Pradesh,Mukhyamantri Avivahita Pension Yojana,State,Pensions,yes,Social welfare & Empowerment; Women and Child,https://www.myscheme.gov.in/schemes/maps
Madhya Pradesh,Samagra Samajik Suraksha Vridh Ashram Mai Nivaasarat Ant-vasi Pension Yojana,State,Pensions,yes,Social welfare & Empowerment,https://www.myscheme.gov.in/schemes/sssvamnapy
Madhya Pradesh,Samagra Samajik Suraksha Parityakta Pension Yojana,State,Pensions,yes,Social welfare & Empowerment,https://www.myscheme.gov.in/schemes/pssppy
Madhya Pradesh,Samagra Samajik Suraksha Vridhavastha Pension Yojana,State,Pensions,yes,Social welfare & Empowerment,https://www.myscheme.gov.in/schemes/sssvpy
Madhya Pradesh,Alpsankhyak Merit-Cum-Means Chatravriti Yojana,State,Not for workers: students & education,no,Education & Learning,https://www.myscheme.gov.in/schemes/amcmcy
Madhya Pradesh,Kanya Saksharta Protsahan Yojana (For Scheduled Caste Girls),State,Not for workers: students & education,no,Education & Learning; Women and Child,https://www.myscheme.gov.in/schemes/kspyscg
Madhya Pradesh,Distribution of Free Books and Stationery to SC/ST Students,State,Not for workers: students & education,no,Education & Learning,https://www.myscheme.gov.in/schemes/dfbsscsts
Madhya Pradesh,Hostel Scheme for Disabled Students,State,Not for workers: students & education,no,Education & Learning,https://www.myscheme.gov.in/schemes/hsds
Madhya Pradesh,Poshan Aahaar- Madhya Pradesh,State,"Food, LPG & ration",yes,Women and Child,https://www.myscheme.gov.in/schemes/pa-mp
Madhya Pradesh,Scholarship for Children of Deceased/Disabled/Retired Government Employees,State,Not for workers: students & education,no,Education & Learning,https://www.myscheme.gov.in/schemes/scddrge
Madhya Pradesh,Cycle Distribution Scheme,State,Not for workers: students & education,no,Social welfare & Empowerment; Women and Child,https://www.myscheme.gov.in/schemes/cds
Madhya Pradesh,Student Welfare Scheme,State,Not for workers: students & education,no,Education & Learning; Social welfare & Empowerment,https://www.myscheme.gov.in/schemes/sws
Madhya Pradesh,State Government SC Scholarship (Class 1 to 10),State,Not for workers: students & education,no,Education & Learning,https://www.myscheme.gov.in/schemes/sgscs
Madhya Pradesh,Fal Podharopan Yojana,State,Farmers & agriculture,yes,"Agriculture,Rural & Environment",https://www.myscheme.gov.in/schemes/fpy
Madhya Pradesh,Tool/Equipment Purchase Subsidy Scheme (MPBOCWWB),State,Workers' welfare boards & labour,yes,Social welfare & Empowerment,https://www.myscheme.gov.in/schemes/tepssmpbocwwb
Madhya Pradesh,State Scholarship of Class 6th to 10th (Scheduled Caste),State,Not for workers: students & education,no,Education & Learning,https://www.myscheme.gov.in/schemes/ssocscmp
Madhya Pradesh,National Family Assistance Scheme (Madhya Pradesh),State,"Insurance, accident & death help",yes,Social welfare & Empowerment,https://www.myscheme.gov.in/schemes/nfasmp
Madhya Pradesh,Free Employment Oriented Training to Educated Unemployed Youth of Backward Class and Minority Class,State,"Livelihood, loans & self-employment",yes,Education & Learning,https://www.myscheme.gov.in/schemes/feotteuyobcamc
Madhya Pradesh,Incentives to Students who Passed the Civil Service Examination,State,Not for workers: students & education,no,Education & Learning,https://www.myscheme.gov.in/schemes/itswptcse
Madhya Pradesh,Coaching by Private Institutes for All India Services Civil Services Examination,State,Not for workers: students & education,no,Education & Learning,https://www.myscheme.gov.in/schemes/cbpiaiscs
Madhya Pradesh,Mukhya Mantri Shramik Seva Prasuti Sahayata Yojana ,State,Workers' welfare boards & labour,yes,Social welfare & Empowerment; Women and Child,https://www.myscheme.gov.in/schemes/mmsspsy
Madhya Pradesh,Rani Durgavati and Shankarshah Puraskar Scheme (Reward Scheme for Meritorious Students) ,State,Not for workers: students & education,no,Education & Learning,https://www.myscheme.gov.in/schemes/atpipordasspsrsfms
Madhya Pradesh,Chief Ministers House Rent ,State,Not for workers: students & education,no,Housing & Shelter,https://www.myscheme.gov.in/schemes/cmhr
Madhya Pradesh,"Post Metric Scholarship (Denotified, Nomadic and Semi-Nomadic)",State,Not for workers: students & education,no,Education & Learning,https://www.myscheme.gov.in/schemes/pmsdnnsn
Madhya Pradesh,Vivah Sahayata Yojana (Labor Welfare Board Madhya Pradesh),State,Workers' welfare boards & labour,yes,Social welfare & Empowerment,https://www.myscheme.gov.in/schemes/vsylwbmp
Madhya Pradesh,Academic Scholarship Scheme (Labor Welfare Board Madhya Pradesh),State,Not for workers: students & education,no,Education & Learning,https://www.myscheme.gov.in/schemes/asslwbmp
Madhya Pradesh,Netaji Subhash Chandra Bose Boys Residential Hostel Scheme (Classes 1 to 8),State,Not for workers: students & education,no,Education & Learning,https://www.myscheme.gov.in/schemes/nscbbr
Madhya Pradesh,"Mukhyamantri Dairy Animal Distribution Programme (Special Backward Tribes Baiga, Bharia & Sahariya)",State,"Livelihood, loans & self-employment",yes,"Agriculture,Rural & Environment",https://www.myscheme.gov.in/schemes/mdadp
Madhya Pradesh,Nandi Shala Yojana,State,"Livelihood, loans & self-employment",yes,"Agriculture,Rural & Environment",https://www.myscheme.gov.in/schemes/nsymp
Madhya Pradesh,Mukhyamantri Kanya Abhibhavak Pension Yojana,State,Pensions,yes,Women and Child; Social welfare & Empowerment,https://www.myscheme.gov.in/schemes/mkapy
Madhya Pradesh,Mukhya Mantri Krishak Samriddhi Yojana,State,"Livelihood, loans & self-employment",yes,"Agriculture,Rural & Environment",https://www.myscheme.gov.in/schemes/mmksy-mp
Madhya Pradesh,Deendayal Upadhyay Gram Jyoti Yojana,State,"Food, LPG & ration",yes,Utility & Sanitation; Social welfare & Empowerment,https://www.myscheme.gov.in/schemes/dugjy
Madhya Pradesh,Madhya Pradesh Fasal Vividhikaran (Crop Diversification) Encouragement Scheme,State,Farmers & agriculture,yes,"Agriculture,Rural & Environment",https://www.myscheme.gov.in/schemes/mpfvcdes
Madhya Pradesh,Mukhyamantri Asangathit Mazdoor Yojana,State,"Food, LPG & ration",yes,Social welfare & Empowerment,https://www.myscheme.gov.in/schemes/mamy-mp
Madhya Pradesh,Nashamukt Gram Panchayat Puraskar Yojana,State,"Not for workers: sports, arts, awards",no,Social welfare & Empowerment,https://www.myscheme.gov.in/schemes/ngppy
Madhya Pradesh,Grants-in-aid and Monthly Grants to Soldiers Decorated With Gallantry Decorations,State,"Not for workers: sports, arts, awards",no,Social welfare & Empowerment,https://www.myscheme.gov.in/schemes/gmgsdgd
Madhya Pradesh,Capital Investment Subsidy for Establishment of Heritage Hotel where the Heritage Assets are obtained from Tourism Department on Lease,State,"Livelihood, loans & self-employment",yes,Travel & Tourism; Business & Entrepreneurship,https://www.myscheme.gov.in/schemes/cisehhhatdl
Madhya Pradesh,Capital Investment Subsidy for Establishment of New Hotel or Mini Resort of Standard Category,State,"Livelihood, loans & self-employment",yes,Travel & Tourism; Business & Entrepreneurship,https://www.myscheme.gov.in/schemes/cisenhmrsc
Madhya Pradesh,"Capital Investment Subsidy For Creation of Infrastructure Along With Installation of Equipment To Establish Film Studio, Film Making, Museum, Aquarium, Theme Park",State,"Not for workers: sports, arts, awards",no,Travel & Tourism; Business & Entrepreneurship,https://www.myscheme.gov.in/schemes/cisciieefsfmmatp
Madhya Pradesh,Capital Subsidy to Existing Hotels for Renovation/Modernization & Upgradation,State,"Livelihood, loans & self-employment",yes,Travel & Tourism; Business & Entrepreneurship,https://www.myscheme.gov.in/schemes/csehrmu
Madhya Pradesh,Motor Vehicle Driver-Conductor Welfare Scheme- Gratuity Assistance in case of Death,State,"Insurance, accident & death help",yes,Social welfare & Empowerment; Transport & Infrastructure,https://www.myscheme.gov.in/schemes/mvdcws-gad
Madhya Pradesh,Motor Vehicle Driver-Conductor Welfare Scheme- Training and Rehabilitation in Case of Permanent Disability due to Accident,State,"Insurance, accident & death help",yes,Skills & Employment; Social welfare & Empowerment; Transport & Infrastructure,https://www.myscheme.gov.in/schemes/mvdcws-trpda
Madhya Pradesh,Motor Vehicle Driver-Conductor Welfare Scheme- Sarathi Shri Award,State,"Not for workers: sports, arts, awards",no,Skills & Employment; Transport & Infrastructure,https://www.myscheme.gov.in/schemes/mvdcws-ssa
Madhya Pradesh,Auto Rickshaw Regulation Scheme,State,Workers' welfare boards & labour,yes,Transport & Infrastructure,https://www.myscheme.gov.in/schemes/arrs
Madhya Pradesh,Janani Suraksha Yojana (JSY),Central,Health & disability,yes,Health & Wellness; Women and Child,https://www.myscheme.gov.in/schemes/jsy1
Madhya Pradesh,Vikramaditya Yojna,State,Not for workers: students & education,no,Education & Learning,https://www.myscheme.gov.in/schemes/vay
Madhya Pradesh,Shiksha Protsaahan Puraskaar yojana,State,Not for workers: students & education,no,Education & Learning,https://www.myscheme.gov.in/schemes/sppy
Madhya Pradesh,Mukhyamantri Nikah Yojana,State,"Women, marriage & maternity",yes,Social welfare & Empowerment; Women and Child,https://www.myscheme.gov.in/schemes/mmny
Madhya Pradesh,Motor Vehicle Driver-Conductor Welfare Scheme- Medical Assistance,State,Health & disability,yes,Health & Wellness; Transport & Infrastructure,https://www.myscheme.gov.in/schemes/mvdcws-mda
Madhya Pradesh,Deendayal Antyodaya Upchar Yojana,State,Health & disability,yes,Health & Wellness,https://www.myscheme.gov.in/schemes/ddauy
Madhya Pradesh,Khiladi Protsahan Yojana,State,"Not for workers: sports, arts, awards",no,Sports & Culture; Social welfare & Empowerment,https://www.myscheme.gov.in/schemes/kpymp
Madhya Pradesh,"Award for Success in State Public Service Commission, Union Public Service Commission Examination (MPBOCWWB)",State,"Not for workers: sports, arts, awards",no,Education & Learning,https://www.myscheme.gov.in/schemes/afsispscupsce
Madhya Pradesh,Madhya Pradesh Crime Victim Compensation Scheme,State,Health & disability,yes,"Public Safety,Law & Justice",https://www.myscheme.gov.in/schemes/mpcvcs
Madhya Pradesh,Vivah Sahayata Yojana - Madhya Pradesh,State,"Women, marriage & maternity",yes,Social welfare & Empowerment,https://www.myscheme.gov.in/schemes/vsylwb
Madhya Pradesh,Medical Assistance to Beneficiaries (HPBOCWWB),State,Workers' welfare boards & labour,yes,Social welfare & Empowerment; Health & Wellness,https://www.myscheme.gov.in/schemes/matbhpbocwwb
Madhya Pradesh,Incentive Honorarium to Parents of Permanent Residents of Madhya Pradesh who enroll their Daughter in Defence Services,State,Not for workers: honour & service pensions,no,Social welfare & Empowerment; Women and Child,https://www.myscheme.gov.in/schemes/hipprmpdds
Madhya Pradesh,Motor Vehicle Driver-Conductor Welfare Scheme- Scholarship,State,Not for workers: students & education,no,Education & Learning; Transport & Infrastructure,https://www.myscheme.gov.in/schemes/mvdcws-s
Madhya Pradesh,Motor Vehicle Driver-Conductor Welfare Scheme- Maternity Assistance,State,"Women, marriage & maternity",yes,Women and Child; Transport & Infrastructure,https://www.myscheme.gov.in/schemes/mvdcws-m
Madhya Pradesh,Motor Vehicle Driver-Conductor Welfare Scheme- Marriage Assistance,State,"Women, marriage & maternity",yes,Social welfare & Empowerment; Transport & Infrastructure,https://www.myscheme.gov.in/schemes/mvdcws-ma
Madhya Pradesh,Labour Skill Training Scheme (MPBOCWWB),State,Workers' welfare boards & labour,yes,Social welfare & Empowerment; Education & Learning,https://www.myscheme.gov.in/schemes/lstsmpbocwwb
Madhya Pradesh,Construction Workers Night Shelter Scheme (MPBOCWWB),State,Workers' welfare boards & labour,yes,Housing & Shelter,https://www.myscheme.gov.in/schemes/cwnss
Madhya Pradesh,"Marriage Grant of Rs.51,000/- to Daughter/Sister of Personnel Killed/ Disabled in War/ Action/Terrorist Attack/Naxalite Attack/IS Duty",State,Not for workers: honour & service pensions,no,Social welfare & Empowerment; Women and Child,https://www.myscheme.gov.in/schemes/mgdspkdwatana
Madhya Pradesh,Rashtriya Parivar Sahayata Yojana,Central,"Insurance, accident & death help",yes,Social welfare & Empowerment,https://www.myscheme.gov.in/schemes/rpsy
Madhya Pradesh,Medical Aid Scheme (Ayushman Bharat Scheme 'Niramaya') (MPBOCWWB),State,Workers' welfare boards & labour,yes,Health & Wellness,https://www.myscheme.gov.in/schemes/masabsn
Madhya Pradesh,Maternity Support Scheme (MPBOCWWB),State,Workers' welfare boards & labour,yes,Social welfare & Empowerment; Women and Child,https://www.myscheme.gov.in/schemes/mssmpbocwwb
Madhya Pradesh,Chief Minister Help Scheme,State,"Insurance, accident & death help",yes,Social welfare & Empowerment,https://www.myscheme.gov.in/schemes/cmhs
Madhya Pradesh,Student Housing Scheme for Students with Disabilities,State,Not for workers: students & education,no,Social welfare & Empowerment,https://www.myscheme.gov.in/schemes/shssd
Madhya Pradesh,Madhya Pradesh Non-Government Institution Grant Scheme,State,"Not for workers: sports, arts, awards",no,Education & Learning; Sports & Culture,https://www.myscheme.gov.in/schemes/mpngigs
Madhya Pradesh,Dr. Bhimrao Ambedkar Aarthik Kalyan Yojana,State,"Livelihood, loans & self-employment",yes,Business & Entrepreneurship,https://www.myscheme.gov.in/schemes/dbaaky
Madhya Pradesh,Scheme for Construction of Multipurpose Community Halls in Areas Inhabited by Tribal Community (Sanskruti Bhavan),State,Housing,yes,Transport & Infrastructure; Housing & Shelter,https://www.myscheme.gov.in/schemes/scmchaitc-sb
Madhya Pradesh,Mukhyamantri Madad Yojana,State,"Insurance, accident & death help",yes,Social welfare & Empowerment,https://www.myscheme.gov.in/schemes/mmmy
Madhya Pradesh,Kishori Balika Yojana (Madhya Pradesh),State,Health & disability,yes,Women and Child; Skills & Employment; Health & Wellness,https://www.myscheme.gov.in/schemes/sfagmp
Madhya Pradesh,Acharya Vidyasagar Gau Samvardhan Yojana,State,"Livelihood, loans & self-employment",yes,"Agriculture,Rural & Environment",https://www.myscheme.gov.in/schemes/avgsy
Goa,Foster Care Scheme (Vatsalaya),State,"Insurance, accident & death help",yes,"Social welfare & Empowerment; Public Safety,Law & Justice",https://www.myscheme.gov.in/schemes/fcsv
Goa,Government of Goa State Scholarship to NDA Cadets,State,Not for workers: students & education,no,Education & Learning,https://www.myscheme.gov.in/schemes/ggssnc-goa
Goa,"Eklavya Prashikshan Yojana - Coaching To Scheduled Tribe Student Studying In Class Xth, XIth & XIIth",State,Not for workers: students & education,no,Education & Learning; Social welfare & Empowerment,https://www.myscheme.gov.in/schemes/epy-csts
Goa,Ashraya Adhar Scheme,State,"Insurance, accident & death help",yes,"Social welfare & Empowerment; Banking,Financial Services and Insurance",https://www.myscheme.gov.in/schemes/aas
Goa,D. D. Kosambi Research Fellowship Scheme,State,Not for workers: students & education,no,Education & Learning; Sports & Culture,https://www.myscheme.gov.in/schemes/ddkfs
Goa,Yuva Srujan Puraskar (Navsarjan Chetana Puraskar),State,"Not for workers: sports, arts, awards",no,Sports & Culture,https://www.myscheme.gov.in/schemes/yspncp
Goa,Financial Assistance for the Purchase of Lifejackets and Lifebuoys for Fishermen,State,"Livelihood, loans & self-employment",yes,"Agriculture,Rural & Environment",https://www.myscheme.gov.in/schemes/fapllf
Goa,Financial Assistance to Purchase Outboard Motor of 2HP to 5 HP for Fitting to the Fishing Canoe,State,"Livelihood, loans & self-employment",yes,"Agriculture,Rural & Environment",https://www.myscheme.gov.in/schemes/fatpomo2t5ffttfc
Goa,Financial Assistance to Purchase/Construct New Fishing Craft less than 26 feet for Fishing in Inland Waters of Goa,State,"Livelihood, loans & self-employment",yes,"Agriculture,Rural & Environment",https://www.myscheme.gov.in/schemes/fapcnfclt26ffiw
Goa,Technology Fellowship and Patent Promotion Scheme,State,Not for workers: students & education,no,Business & Entrepreneurship; Education & Learning,https://www.myscheme.gov.in/schemes/tfapps
Goa,Financial Assistance To Purchase Singel Net / Small Rampon Net & Its Accessories,State,"Livelihood, loans & self-employment",yes,"Agriculture,Rural & Environment",https://www.myscheme.gov.in/schemes/fapsnsrna
Goa,Supply of Insulated Boxes,State,"Livelihood, loans & self-employment",yes,"Agriculture,Rural & Environment",https://www.myscheme.gov.in/schemes/sib
Goa,Financial Assistance to the Fish Vendors Registered with the Directorate of Fisheries to Purchase the Accessories Required for Fish Vending,State,"Livelihood, loans & self-employment",yes,"Agriculture,Rural & Environment",https://www.myscheme.gov.in/schemes/fafvrdfparfv
Goa,Financial Assistance for Purchase of Stake Net and its Accessories,State,"Livelihood, loans & self-employment",yes,"Agriculture,Rural & Environment",https://www.myscheme.gov.in/schemes/fapsna
Goa,Scheme for Grant of Financial Assistance to Industrial Workers/Employee for Purchase of Spectacles,State,Other,no,Social welfare & Empowerment,https://www.myscheme.gov.in/schemes/sgfaiweps
Goa,Death Benefit (GBOCWWB),State,Workers' welfare boards & labour,yes,Social welfare & Empowerment,https://www.myscheme.gov.in/schemes/db-gbocwwb
Goa,Kanya Dhan Scheme for SC Students,State,Not for workers: students & education,no,Education & Learning; Social welfare & Empowerment,https://www.myscheme.gov.in/schemes/kdscs
Goa,Pre Matric Scholarship Scheme (Saral Vidya Sahay) for SC and OBC (V to VIII),State,Not for workers: students & education,no,Education & Learning,https://www.myscheme.gov.in/schemes/pmssso
Goa,Empower ST/SC Communities using ICT Tools through IT Knowledge Centre (ITKC),State,"Livelihood, loans & self-employment",yes,Skills & Employment,https://www.myscheme.gov.in/schemes/estsccicttitkc
Goa,Subsidy to Purchase E-Bike for Journalists,State,Not for workers: honour & service pensions,no,"Transport & Infrastructure; Agriculture,Rural & Environment",https://www.myscheme.gov.in/schemes/spebj
Goa,Patrakar Kritadnyata Nidhi Scheme (Journalist Benevolent Fund),State,Not for workers: students & education,no,"Science, IT & Communications; Social welfare & Empowerment",https://www.myscheme.gov.in/schemes/pknsjbf
Goa,The Goa State Photo Contest And Exhibition Scheme,State,"Not for workers: sports, arts, awards",no,"Science, IT & Communications; Sports & Culture",https://www.myscheme.gov.in/schemes/tgspces
Goa,Travel Grants To Goan Authors,State,"Not for workers: sports, arts, awards",no,Transport & Infrastructure; Travel & Tourism; Sports & Culture,https://www.myscheme.gov.in/schemes/tgga
Goa,Bhajan Pakhawaj Workshops,State,"Not for workers: sports, arts, awards",no,Sports & Culture; Skills & Employment,https://www.myscheme.gov.in/schemes/bpw
Goa,Tiatr Cantaram Singing Competition ,State,"Not for workers: sports, arts, awards",no,Social welfare & Empowerment,https://www.myscheme.gov.in/schemes/tcsc
Goa,The Goa State Journalist Awards Scheme,State,"Not for workers: sports, arts, awards",no,"Science, IT & Communications",https://www.myscheme.gov.in/schemes/tgsjas
Goa,Documentation And Research Assistantship Scheme,State,"Not for workers: sports, arts, awards",no,Sports & Culture,https://www.myscheme.gov.in/schemes/daris
Goa,Financial Assistance to Dramatic Troupes participating in Kala Academy’s Annual Tiatr Competition,State,"Not for workers: sports, arts, awards",no,Sports & Culture; Social welfare & Empowerment,https://www.myscheme.gov.in/schemes/fadtpkaatc
Goa,Financial Assistance for encouraging production of Traditional Khell-Tiatr,State,"Not for workers: sports, arts, awards",no,Sports & Culture; Social welfare & Empowerment,https://www.myscheme.gov.in/schemes/faeptkt
Goa,Promotion of Tiatr Music,State,Not for workers: students & education,no,Sports & Culture; Skills & Employment,https://www.myscheme.gov.in/schemes/potm
Goa,Promotion of Acting in Tiatr for School Children,State,Not for workers: students & education,no,Sports & Culture,https://www.myscheme.gov.in/schemes/patsc
Goa,Scheme To Provide Assistance To Students Seeking Education Outside Goa In Any Field Of Art And Culture,State,Not for workers: students & education,no,Education & Learning; Sports & Culture,https://www.myscheme.gov.in/schemes/spasseogfac
Goa,"Exhibition of Books on Tiatr, Its Song and Music",State,"Not for workers: sports, arts, awards",no,Sports & Culture,https://www.myscheme.gov.in/schemes/ebtsm
Goa,Empowering Schedule Tribe/Schedule Caste Communities Using Information And Communication Technology Tools,State,Not for workers: students & education,no,Skills & Employment,https://www.myscheme.gov.in/schemes/estsccictt
Goa,Scheme To Provide Grant To The Institution(s)/Individual(s) For Long Term Project In The Field Of Art And Culture,State,Not for workers: students & education,no,Education & Learning,https://www.myscheme.gov.in/schemes/spgiiltpfac
Goa,Goa State Logistics and Warehousing Incentives Scheme: Subsidy Towards Annual Interest Rate Payable On Loans,State,Housing,yes,Business & Entrepreneurship,https://www.myscheme.gov.in/schemes/gslwis-stairpl
Goa,Development of Manures & Fertilizers: Assistance for Construction/Installation of Vermi-Compost Units,State,"Livelihood, loans & self-employment",yes,"Agriculture,Rural & Environment",https://www.myscheme.gov.in/schemes/copy-of-dmf-acivcu
Goa,Kalakar Kritadnyata Nidhi: Pandemics,State,"Not for workers: sports, arts, awards",no,Social welfare & Empowerment; Sports & Culture,https://www.myscheme.gov.in/schemes/kkn-p
Goa,Bhagwan Birsa Munda Lakshya Siddhi Yojana,State,Not for workers: students & education,no,Education & Learning; Social welfare & Empowerment,https://www.myscheme.gov.in/schemes/bbmlsy
Goa,Mukhyamantri Sudharit Kamdhenu Scheme,State,"Livelihood, loans & self-employment",yes,"Agriculture,Rural & Environment",https://www.myscheme.gov.in/schemes/msks
Goa,Scheme for Persons with Benchmark Disability Requiring High Support,State,Health & disability,yes,Social welfare & Empowerment,https://www.myscheme.gov.in/schemes/spwbdrhs
Goa,Tribals Development Plan: Subsidy for Purchase of Motorcycle,State,Housing,yes,Social welfare & Empowerment; Transport & Infrastructure,https://www.myscheme.gov.in/schemes/tdp-spm
Goa,Tourist Guide Certification Scheme,State,"Livelihood, loans & self-employment",yes,Travel & Tourism; Skills & Employment,https://www.myscheme.gov.in/schemes/tgcs
Goa,The Goa State Incentives to Encourage Investments Scheme,State,Other,no,Business & Entrepreneurship; Skills & Employment,https://www.myscheme.gov.in/schemes/tgsieis
Goa,Tribals Development Plan: Motor Driving Training [Light & Heavy Vehicles],State,"Livelihood, loans & self-employment",yes,Social welfare & Empowerment; Transport & Infrastructure; Skills & Employment,https://www.myscheme.gov.in/schemes/tdp-mdtlhv
Goa,Veerjyoti Puraskars,State,"Not for workers: sports, arts, awards",no,"Social welfare & Empowerment; Public Safety,Law & Justice; Women and Child",https://www.myscheme.gov.in/schemes/vp-goa
Goa,"Craft & Gear (Unit: Boats of Appropriate Sizes Including Nets, Fish & Ice Holding Boxes, Etc.)",State,"Livelihood, loans & self-employment",yes,"Agriculture,Rural & Environment; Social welfare & Empowerment",https://www.myscheme.gov.in/schemes/cg-ubasnfihbe
Goa,Incentives To Encourage Purchases From Local Suppliers Scheme,State,"Insurance, accident & death help",yes,"Business & Entrepreneurship; Banking,Financial Services and Insurance",https://www.myscheme.gov.in/schemes/ieplss-goa
Goa,"Employment Subsidy Scheme, 2017",State,"Livelihood, loans & self-employment",yes,Business & Entrepreneurship; Skills & Employment,https://www.myscheme.gov.in/schemes/ess-2017
Goa,Manohar Parrikar Goa Scholars Scheme,State,Not for workers: students & education,no,Education & Learning,https://www.myscheme.gov.in/schemes/mpgss
Goa,Griha Aadhar Scheme,State,Housing,yes,Social welfare & Empowerment; Women and Child,https://www.myscheme.gov.in/schemes/gas
Goa,Merit Based Award and Recognition Of High Performance In The Board Exams Of SSC And HSSC In The State Of Goa,State,Not for workers: students & education,no,Education & Learning; Social welfare & Empowerment,https://www.myscheme.gov.in/schemes/mbarhpbe
Goa,Goa Tribal's Employment Generation Programme Scheme,State,"Insurance, accident & death help",yes,"Banking,Financial Services and Insurance; Skills & Employment",https://www.myscheme.gov.in/schemes/gtegp
Goa,Atal Asra Yojana,State,Housing,yes,Housing & Shelter; Social welfare & Empowerment,https://www.myscheme.gov.in/schemes/aay-goa
Goa,Antya Sanskar Sahay Yojana,State,"Insurance, accident & death help",yes,Social welfare & Empowerment,https://www.myscheme.gov.in/schemes/assy-goa
Goa,“RAKSHAK PURASKARS’’ Award,State,"Not for workers: sports, arts, awards",no,"Social welfare & Empowerment; Public Safety,Law & Justice",https://www.myscheme.gov.in/schemes/rpa
Goa,Fee Waiver Scheme For SC/ST Students Pursuing Higher Education,State,Not for workers: students & education,no,Education & Learning; Social welfare & Empowerment,https://www.myscheme.gov.in/schemes/fwsscstsphe
Goa,Kala Gaurav Puraskar,State,"Not for workers: sports, arts, awards",no,Sports & Culture,https://www.myscheme.gov.in/schemes/kgp-goa
Goa,Financial Assistance for Construction/ Purchase of Wooden/ FRP Fishing Vessel (Canoe) for Fishermen,State,Housing,yes,"Agriculture,Rural & Environment",https://www.myscheme.gov.in/schemes/facpwfrpfvcf
Goa,Financial Assistance to Brackish Water Aquaculture Farms,State,"Livelihood, loans & self-employment",yes,"Agriculture,Rural & Environment",https://www.myscheme.gov.in/schemes/fabwaf
Goa,Financial Assistance for Setting up Crab Culture Unit,State,"Livelihood, loans & self-employment",yes,"Agriculture,Rural & Environment",https://www.myscheme.gov.in/schemes/fasuccu
Goa,Grant of Financial Assistance for Purchase of Textbooks/Notebooks to School-Going Children of Industrial Workers/Employees (GLWB),State,Not for workers: students & education,no,Education & Learning,https://www.myscheme.gov.in/schemes/gfaptnsgciwe-glwb
Goa,State Award for Teachers,State,Not for workers: students & education,no,Education & Learning,https://www.myscheme.gov.in/schemes/sat
Goa,Children With Special Needs Under Goa Sarva Shiksha Abhivan,State,Health & disability,yes,Education & Learning; Health & Wellness,https://www.myscheme.gov.in/schemes/cwsn
Goa,Gagan Bharari Shiksha Yojana for SC Students,State,Not for workers: students & education,no,Social welfare & Empowerment; Education & Learning,https://www.myscheme.gov.in/schemes/gbsysc
Goa,Goa State Working Journalists Welfare Scheme,State,Not for workers: honour & service pensions,no,"Social welfare & Empowerment; Science, IT & Communications",https://www.myscheme.gov.in/schemes/gswjws
Goa,Oral Documentation of History of Tiatr,State,"Not for workers: sports, arts, awards",no,Sports & Culture,https://www.myscheme.gov.in/schemes/odht
Goa,Documentation of Tiatr through Research Work,State,"Not for workers: sports, arts, awards",no,Sports & Culture,https://www.myscheme.gov.in/schemes/dttrw
Goa,Preservation of Tiatr Literature,State,"Not for workers: sports, arts, awards",no,Sports & Culture,https://www.myscheme.gov.in/schemes/potl
Goa,Orientation Courses in Dramatics,State,Not for workers: students & education,no,Education & Learning; Sports & Culture,https://www.myscheme.gov.in/schemes/ocd
Goa,Raising the Standard of Tiatr,State,"Not for workers: sports, arts, awards",no,Sports & Culture,https://www.myscheme.gov.in/schemes/rtsot
Goa,Promotion of Duets/Duos/Trios/Quartets/Quintets/Choral Songs,State,"Not for workers: sports, arts, awards",no,Sports & Culture,https://www.myscheme.gov.in/schemes/pddtqqcs
Goa,Production of Tiatr in Villages/Urban Areas/Educational Institutions,State,"Not for workers: sports, arts, awards",no,Sports & Culture,https://www.myscheme.gov.in/schemes/ptvuaei
Goa,Visit to Old/Sick Artistes,State,"Not for workers: sports, arts, awards",no,Sports & Culture,https://www.myscheme.gov.in/schemes/vosa
Goa,Lifetime Contribution to Tiatr Awards (Commercial),State,"Not for workers: sports, arts, awards",no,Sports & Culture,https://www.myscheme.gov.in/schemes/lctac
Goa,CM-Vashistha Guru Puraskar,State,Not for workers: students & education,no,Education & Learning,https://www.myscheme.gov.in/schemes/cmvgp
Goa,Young Achievers Awards,State,"Not for workers: sports, arts, awards",no,Sports & Culture,https://www.myscheme.gov.in/schemes/yaa
Goa,Kalakar Kritadnyata Nidhi: Medical Treatment,State,"Not for workers: sports, arts, awards",no,Sports & Culture; Health & Wellness; Social welfare & Empowerment,https://www.myscheme.gov.in/schemes/kkn-mt
Goa,Kalakar Kritadnyata Nidhi: Incentive for Self Employment,State,"Not for workers: sports, arts, awards",no,Skills & Employment; Sports & Culture; Social welfare & Empowerment,https://www.myscheme.gov.in/schemes/kkn-ifse
Goa,Goa State Logistics and Warehousing Incentives Scheme: Subsidy towards Investment of Fixed Capital,State,Housing,yes,Business & Entrepreneurship,https://www.myscheme.gov.in/schemes/gslwi-sifc
Goa,Grant of Subsidy for Purchase of 'Electric Vehicles' to Consumers in State of Goa,State,"Livelihood, loans & self-employment",yes,"Agriculture,Rural & Environment; Transport & Infrastructure",https://www.myscheme.gov.in/schemes/gspevcsg
Goa,Goa State Logistics and Warehousing Incentives Scheme: Subsidy towards Upgradation in Logistics Management Software,State,Housing,yes,Business & Entrepreneurship,https://www.myscheme.gov.in/schemes/gslwis-sulms
Goa,Gomantak Govsamvardhan Yojana,State,"Livelihood, loans & self-employment",yes,"Agriculture,Rural & Environment",https://www.myscheme.gov.in/schemes/ggy-goa
Goa,State Award To Two Anganwadi Workers Under Integrated Child Development Services (ICDS) Schemes,State,"Not for workers: sports, arts, awards",no,Women and Child; Social welfare & Empowerment,https://www.myscheme.gov.in/schemes/satawicdss
Goa,Interest Free Loan Scheme To Teachers For The Purchase Of Laptops,State,Not for workers: students & education,no,"Banking,Financial Services and Insurance; Education & Learning",https://www.myscheme.gov.in/schemes/iflstpl
Goa,"Interest Subsidy Scheme, 2017",State,Other,no,Business & Entrepreneurship,https://www.myscheme.gov.in/schemes/iss2017
Goa,Incentives to Green Investment Scheme,State,"Livelihood, loans & self-employment",yes,Business & Entrepreneurship,https://www.myscheme.gov.in/schemes/igis
Goa,Scheme for Giving Stipend to the Trainees Belonging to the Scheduled Caste/Scheduled Tribe Community Enrolled under Various Labour Welfare Centres in the State of Goa,State,Not for workers: students & education,no,Skills & Employment,https://www.myscheme.gov.in/schemes/sgstbscstcevlwcsg
Goa,The Goa Archaeological Research Fellowship Scheme,State,Not for workers: students & education,no,Education & Learning,https://www.myscheme.gov.in/schemes/tgarfs
Goa,"Goa (Technical/ Vocational Training To Sex Workers And Sexually Abused Women) Scheme, 2013 (PRABHAT)",State,Health & disability,yes,Social welfare & Empowerment; Education & Learning; Health & Wellness; Business & Entrepreneurship; Skills & Employment; Women and Child,https://www.myscheme.gov.in/schemes/gtvtswsawwws
Goa,Internship Scheme For Students Of Counselling/ Psychology/ Social Work/ Home Science Etc,State,Not for workers: students & education,no,Education & Learning,https://www.myscheme.gov.in/schemes/isscpswhse
Goa,Financial Incentives To Mothers Who Deliver A Girl Child (Mamta),State,Health & disability,yes,Health & Wellness; Women and Child,https://www.myscheme.gov.in/schemes/fimdgc
Goa,Dayanand Bandodkar Scheme For Higher Education For Orphans,State,Not for workers: students & education,no,Education & Learning,https://www.myscheme.gov.in/schemes/dbsheo
Goa,Short Term Professional Training Courses,State,"Livelihood, loans & self-employment",yes,Skills & Employment; Social welfare & Empowerment,https://www.myscheme.gov.in/schemes/stptc
Goa,Gopal Ratna Award Scheme,State,"Not for workers: sports, arts, awards",no,"Agriculture,Rural & Environment",https://www.myscheme.gov.in/schemes/gras
Goa,"Financial Assistance to ST Students under ""Gagan Bharari Shiksha Yojana""",State,Not for workers: students & education,no,Education & Learning; Social welfare & Empowerment,https://www.myscheme.gov.in/schemes/fasts-gbsy
Goa,"Financial Assistance to Revive, Preserve and Protect Goan Maand Culture",State,"Not for workers: sports, arts, awards",no,Sports & Culture; Social welfare & Empowerment,https://www.myscheme.gov.in/schemes/farppgmc
Goa,Promotion of Literature on Art & Culture of Local Authors/ Organization,State,"Not for workers: sports, arts, awards",no,Sports & Culture,https://www.myscheme.gov.in/schemes/placlao
Goa,Financial Assistance to Mussel Culture and Oyster Farming in Goa,State,"Livelihood, loans & self-employment",yes,"Agriculture,Rural & Environment",https://www.myscheme.gov.in/schemes/famcofg
Goa,Loan for the Purchase of Tools (GBOCWWB),State,Workers' welfare boards & labour,yes,Social welfare & Empowerment; Business & Entrepreneurship,https://www.myscheme.gov.in/schemes/lpt-gbocwwb
Goa,Disability Pension (GBOCWWB),State,Pensions,yes,Social welfare & Empowerment,https://www.myscheme.gov.in/schemes/dp-gbocwwb
Goa,Advance for Purchase or Construction of House (GBOCWWB),State,Workers' welfare boards & labour,yes,Housing & Shelter; Social welfare & Empowerment,https://www.myscheme.gov.in/schemes/apch-gbocwwb
Goa,Pension Benefit (GBOCWWB),State,Pensions,yes,Social welfare & Empowerment,https://www.myscheme.gov.in/schemes/pb-gbocwwb
Goa,Out of School Children scheme under Goa Sarva Shiksha Abhivan ,State,Not for workers: students & education,no,Education & Learning,https://www.myscheme.gov.in/schemes/ooscs
Goa,Theatre Workshop,State,Not for workers: students & education,no,Sports & Culture; Skills & Employment,https://www.myscheme.gov.in/schemes/tw
Goa,Scholarship to Undergo Advanced Training in the Field of Art,State,Not for workers: students & education,no,Skills & Employment; Sports & Culture,https://www.myscheme.gov.in/schemes/suatfa
Goa,Tiatr Script Writing Workshop,State,"Not for workers: sports, arts, awards",no,Sports & Culture; Skills & Employment,https://www.myscheme.gov.in/schemes/tsww
Goa,Bhajan Competition ,State,"Not for workers: sports, arts, awards",no,Social welfare & Empowerment,https://www.myscheme.gov.in/schemes/bc
Goa,Promotion of Tiatr Through Academic Activities,State,Not for workers: students & education,no,Education & Learning; Sports & Culture,https://www.myscheme.gov.in/schemes/pttaa
Goa,Lifetime Contribution to Tiatr Awards (Non-Commercial),State,"Not for workers: sports, arts, awards",no,Sports & Culture,https://www.myscheme.gov.in/schemes/lctanc
Goa,Competition of Zomnivoilo Khell,State,"Not for workers: sports, arts, awards",no,Sports & Culture,https://www.myscheme.gov.in/schemes/czk
Goa,All Goa One-Act Play Competition in Konkani,State,"Not for workers: sports, arts, awards",no,Sports & Culture,https://www.myscheme.gov.in/schemes/agoapck
Goa,Lifetime Contribution to Khell/Khell-Tiatr Awards,State,"Not for workers: sports, arts, awards",no,Sports & Culture,https://www.myscheme.gov.in/schemes/lckkta
Goa,Tiatr Script Writing Competition,State,"Not for workers: sports, arts, awards",no,Sports & Culture,https://www.myscheme.gov.in/schemes/tswc
Goa,Lifetime Contribution to Konkani Cinema Award,State,"Not for workers: sports, arts, awards",no,Sports & Culture,https://www.myscheme.gov.in/schemes/lckca
Goa,Tiatr Competition for Educational Institutions at Higher Secondary/College/University Level,State,Not for workers: students & education,no,Sports & Culture,https://www.myscheme.gov.in/schemes/tceihscul
Goa,Financial Assistance to Commercial Tiatr Troupes/Directors/Producers for Stage Setting,State,"Not for workers: sports, arts, awards",no,Sports & Culture,https://www.myscheme.gov.in/schemes/facttdpss
Goa,Goa State Logistics and Warehousing Incentives Scheme: Subsidy towards Upgradation in Transportation through Tracking Devices,State,Housing,yes,Business & Entrepreneurship,https://www.myscheme.gov.in/schemes/subsidy-towards-upgradation-in-transportation-through-tracking-devices
Goa,Assistance Towards Sugarcane Supplied By The Sugarcane Growers,State,Farmers & agriculture,yes,"Agriculture,Rural & Environment",https://www.myscheme.gov.in/schemes/atsssg
Goa,Scheme to Grant Monthly Financial Assistance to the Persons Engaged in Traditional Occupations/Businesses including Motorcycle Pilots,State,Health & disability,yes,Business & Entrepreneurship; Social welfare & Empowerment,https://www.myscheme.gov.in/schemes/sgmfapetobmp
Goa,Scheme for Providing Counseling to the Trainees of Government Industrial Training Institutes at Directorate of Skill Development & Entrepreneurship,State,Health & disability,yes,Skills & Employment; Health & Wellness,https://www.myscheme.gov.in/schemes/spctgitidsde
Goa,Incentives to Industries For Training Prospective Employees Scheme,State,"Livelihood, loans & self-employment",yes,Business & Entrepreneurship; Skills & Employment,https://www.myscheme.gov.in/schemes/iitpes
Goa,Shelter Home For Women (SHW),State,Housing,yes,Social welfare & Empowerment; Skills & Employment; Women and Child,https://www.myscheme.gov.in/schemes/shw
Goa,Gomant Vibhushan Award,State,"Not for workers: sports, arts, awards",no,Social welfare & Empowerment; Sports & Culture,https://www.myscheme.gov.in/schemes/gva
Goa,Goa State Cultural Award,State,"Not for workers: sports, arts, awards",no,Sports & Culture,https://www.myscheme.gov.in/schemes/gsca
Goa,State Reward to the Recipient of National Award,State,"Not for workers: sports, arts, awards",no,Sports & Culture; Social welfare & Empowerment,https://www.myscheme.gov.in/schemes/srrna
Goa,Financial Assistance for Purchase of Fuel (Petrol) to the Fishermen for Operation of Out Board Motors,State,"Food, LPG & ration",yes,"Agriculture,Rural & Environment",https://www.myscheme.gov.in/schemes/fapfpfoobm
Goa,Financial Assistance for setting up of Ornamental Fish Unit in Goa,State,"Livelihood, loans & self-employment",yes,"Agriculture,Rural & Environment",https://www.myscheme.gov.in/schemes/fasuofug
Goa,Financial Assistance for Marriage (GBOCWWB),State,Workers' welfare boards & labour,yes,Social welfare & Empowerment,https://www.myscheme.gov.in/schemes/fam-gbocwwb
Goa,Medical Assistance (GBOCWWB),State,Workers' welfare boards & labour,yes,Social welfare & Empowerment; Health & Wellness,https://www.myscheme.gov.in/schemes/ma-gbocwwb
Goa,Gagan Bharari Shiksha Yojana for OBC (Dhangar) Students,State,Not for workers: students & education,no,Social welfare & Empowerment; Education & Learning,https://www.myscheme.gov.in/schemes/gbsyobc
Goa,Laptop Scheme for Meritorious Students of SC/ST,State,Not for workers: students & education,no,Education & Learning,https://www.myscheme.gov.in/schemes/lsmsscst
Goa,State Art Exhibition (Student Category),State,Not for workers: students & education,no,Social welfare & Empowerment; Education & Learning,https://www.myscheme.gov.in/schemes/saesc
Goa,All Goa Classical Dance Competition,State,Not for workers: students & education,no,Social welfare & Empowerment,https://www.myscheme.gov.in/schemes/agcdc
Goa,Remembering Tiatr Artistes of Yesteryears - Organisation of Special Dedicated Programmes,State,"Not for workers: sports, arts, awards",no,Sports & Culture,https://www.myscheme.gov.in/schemes/rtay-osdp
Goa,Production of Audio Albums of songs on Patriotism & National Integration,State,"Not for workers: sports, arts, awards",no,Sports & Culture,https://www.myscheme.gov.in/schemes/paaspni
Goa,Promotion of Tiatr Related Activities,State,"Not for workers: sports, arts, awards",no,Sports & Culture,https://www.myscheme.gov.in/schemes/ptra
Goa,Promotion of Patriotism/National Integration/Communal Harmony - Interschool Choreographic Dance Competition,State,Not for workers: students & education,no,Sports & Culture,https://www.myscheme.gov.in/schemes/ppnich-icdc
Goa,Commemoration of Jubilees/Birth Anniversaries of Tiatr Artistes of Yesteryears,State,"Not for workers: sports, arts, awards",no,Sports & Culture,https://www.myscheme.gov.in/schemes/cjbatay
Goa,Tiatr Research Scholarship Program,State,Not for workers: students & education,no,Education & Learning; Sports & Culture,https://www.myscheme.gov.in/schemes/trsp
Goa,Children's Tiatr Competition,State,Not for workers: students & education,no,Sports & Culture,https://www.myscheme.gov.in/schemes/ctc-g
Goa,Popular Tiatr Competition,State,"Not for workers: sports, arts, awards",no,Sports & Culture,https://www.myscheme.gov.in/schemes/ptc-g
Goa,Award Winning Tiatr Festival,State,"Not for workers: sports, arts, awards",no,Sports & Culture,https://www.myscheme.gov.in/schemes/awtf
Goa,Development of Manures & Fertilizers: Assistance for Construction/Installation of Biogas Plants,State,"Livelihood, loans & self-employment",yes,"Agriculture,Rural & Environment",https://www.myscheme.gov.in/schemes/dmf-acibp
Goa,Development of Manures & Fertilizers: Assistance for use of Micronutrients,State,Health & disability,yes,"Agriculture,Rural & Environment",https://www.myscheme.gov.in/schemes/dmf-bp
Goa,Kalakar Kritadnyata Nidhi: Scholarships/Incentives,State,Not for workers: students & education,no,Sports & Culture; Education & Learning,https://www.myscheme.gov.in/schemes/kkn-si
Goa,House Building Loan Scheme for Employees of Government of Goa,State,"Insurance, accident & death help",yes,"Banking,Financial Services and Insurance; Housing & Shelter",https://www.myscheme.gov.in/schemes/hblsegg
Goa,Kalakar Kritadnyata Nidhi: Marriage Component,State,"Not for workers: sports, arts, awards",no,Sports & Culture; Social welfare & Empowerment,https://www.myscheme.gov.in/schemes/kkn-mc
Goa,Sheti Samrudhi Yojana,State,"Livelihood, loans & self-employment",yes,"Agriculture,Rural & Environment",https://www.myscheme.gov.in/schemes/ssy-goa
Goa,Goa State Logistics and Warehousing Incentives Scheme: Subsidy towards Upgradation in Quality,State,Housing,yes,Business & Entrepreneurship,https://www.myscheme.gov.in/schemes/gslwis-stuq
Goa,Goa State Logistics And Warehousing Incentives Scheme: Subsidy Towards Skill Development,State,Housing,yes,Business & Entrepreneurship,https://www.myscheme.gov.in/schemes/gslwis-stsd
Goa,Infrastructure Development Scheme for Dairy Co-operatives,State,"Livelihood, loans & self-employment",yes,"Agriculture,Rural & Environment",https://www.myscheme.gov.in/schemes/idsdco
Goa,Mhaji Bus Scheme,State,"Insurance, accident & death help",yes,Transport & Infrastructure,https://www.myscheme.gov.in/schemes/mbs-goa
Goa,Scheme for Goa Rajya Vidnyanik Puraskar,State,Not for workers: students & education,no,"Science, IT & Communications; Business & Entrepreneurship",https://www.myscheme.gov.in/schemes/sgrvp
Goa,Scheme To Support Orphan Child/Children Of Widows Belonging To Scheduled Tribe Community,State,Housing,yes,Social welfare & Empowerment,https://www.myscheme.gov.in/schemes/ssoccwbstc
Goa,Tribals Development Plan: Tea/Coffee And Coconut Parlor,State,Housing,yes,Business & Entrepreneurship; Skills & Employment,https://www.myscheme.gov.in/schemes/tdp-tccp
Goa,Dairy Equipment Scheme,State,"Livelihood, loans & self-employment",yes,"Agriculture,Rural & Environment",https://www.myscheme.gov.in/schemes/des-g
Goa,Goa State 25% Subsidy for Self Employed Scheme,State,"Livelihood, loans & self-employment",yes,Business & Entrepreneurship,https://www.myscheme.gov.in/schemes/gs2sses
Goa,Laptop-e Scheme,State,Not for workers: students & education,no,Education & Learning,https://www.myscheme.gov.in/schemes/les-goa
Goa,Sant Sohirobanath Ambiye Dnyanvruddhi Shishyavrutti- Bursary Scheme,State,Not for workers: students & education,no,"Education & Learning; Science, IT & Communications",https://www.myscheme.gov.in/schemes/ssads-bs
Goa,Laadli Laxmi Scheme,State,"Women, marriage & maternity",yes,Social welfare & Empowerment; Women and Child,https://www.myscheme.gov.in/schemes/lls-g
Goa,Goa Welfare / Pension Scheme For Seafarers,State,Not for workers: honour & service pensions,no,"Social welfare & Empowerment; Banking,Financial Services and Insurance",https://www.myscheme.gov.in/schemes/gwpss
Goa,Kala Samman Scheme,State,"Not for workers: sports, arts, awards",no,Sports & Culture; Social welfare & Empowerment,https://www.myscheme.gov.in/schemes/kss
Goa,Short Term Loan Scheme,State,"Insurance, accident & death help",yes,"Banking,Financial Services and Insurance; Social welfare & Empowerment",https://www.myscheme.gov.in/schemes/stls
Goa,Self Employment Scheme - Goa,State,"Insurance, accident & death help",yes,"Banking,Financial Services and Insurance; Social welfare & Empowerment",https://www.myscheme.gov.in/schemes/ses-goa
Goa,Scheme to Provide Financial Assistance to the Publishers for Publishing Books of Goan Authors,State,"Not for workers: sports, arts, awards",no,Sports & Culture,https://www.myscheme.gov.in/schemes/spfappbga
Goa,Financial Assistance for Purchase of Barrier Net and its Accessories,State,"Livelihood, loans & self-employment",yes,"Agriculture,Rural & Environment",https://www.myscheme.gov.in/schemes/fapbnia
Goa,Financial Assistance To Fishermen For Purchase of Fisheries Requisites (Gill Net/ River Gill Net with Accessories),State,"Livelihood, loans & self-employment",yes,"Agriculture,Rural & Environment",https://www.myscheme.gov.in/schemes/fafpfrgnrgnwa
Goa,Financial Assistance to Take up Value Addition to Seafood,State,"Food, LPG & ration",yes,"Agriculture,Rural & Environment",https://www.myscheme.gov.in/schemes/fatuvas
Goa,Goa Value Added Tax-Based Subsidy on H.S.D. Oil Consumed by Fishing Vessels Scheme,State,"Livelihood, loans & self-employment",yes,"Agriculture,Rural & Environment",https://www.myscheme.gov.in/schemes/gvatbshsdocfvs
Goa,Natural Calamity Relief to Fishermen of State,State,"Livelihood, loans & self-employment",yes,"Social welfare & Empowerment; Agriculture,Rural & Environment",https://www.myscheme.gov.in/schemes/ncrfs
Goa,Interest Subsidy on Loans for Agriculture and Allied Activities,State,"Livelihood, loans & self-employment",yes,"Agriculture,Rural & Environment",https://www.myscheme.gov.in/schemes/islaaa
Goa,Financial Assistance to Fresh Water Aquaculture Farms,State,"Livelihood, loans & self-employment",yes,"Agriculture,Rural & Environment",https://www.myscheme.gov.in/schemes/fafwaf
Goa,Certification Program for Goan IT Professionals,State,"Food, LPG & ration",yes,Skills & Employment,https://www.myscheme.gov.in/schemes/cpfitp
Goa,Funeral Assistance (GBOCWWB),State,Workers' welfare boards & labour,yes,Social welfare & Empowerment,https://www.myscheme.gov.in/schemes/fa-gbocwwb
Goa,Scheme for Award of Scholarships to School or College-Going Children of Employees/Industrial Employees in Various Establishments,State,Not for workers: students & education,no,Education & Learning,https://www.myscheme.gov.in/schemes/sasseceie
Goa,Financial Assistance for Education (GBOCWWB),State,Not for workers: students & education,no,Education & Learning,https://www.myscheme.gov.in/schemes/fae-gbocwwb
Goa,Interim Relief to the Beneficiaries Affected by Disaster (GBOCWWB),State,Workers' welfare boards & labour,yes,Social welfare & Empowerment,https://www.myscheme.gov.in/schemes/irbad-gbocwwb
Goa,Deen Dayal Swasthya Seva Yojana,State,"Insurance, accident & death help",yes,Health & Wellness,https://www.myscheme.gov.in/schemes/ddssy
Goa,Grant of Stipends to the Physically Handicapped Students,State,Not for workers: students & education,no,Social welfare & Empowerment; Education & Learning,https://www.myscheme.gov.in/schemes/gsphs
Goa,Merit Based Scholarship Scheme for Dhangar Students,State,Not for workers: students & education,no,Social welfare & Empowerment; Education & Learning,https://www.myscheme.gov.in/schemes/mbssds
Goa,Goa Mediclaim Scheme,State,Health & disability,yes,Health & Wellness,https://www.myscheme.gov.in/schemes/gms
Goa,Pre-Matric Scholarship Scheme for the Children of Parents/Guardians Engaged in Unclean and Hazardous Occupations - Goa,State,Not for workers: students & education,no,Education & Learning,https://www.myscheme.gov.in/schemes/pmsscpgeuho
Goa,Children's Drawing Painting Competition ,State,Not for workers: students & education,no,Social welfare & Empowerment; Women and Child,https://www.myscheme.gov.in/schemes/cdpc
Goa,Tiatr Competition,State,"Not for workers: sports, arts, awards",no,Social welfare & Empowerment; Education & Learning,https://www.myscheme.gov.in/schemes/tc
Goa,Promotion of Konkani Songs with Choreography & Dancing,State,"Not for workers: sports, arts, awards",no,Sports & Culture,https://www.myscheme.gov.in/schemes/pkscd
Goa,Financial Assistance to Troupes Going to Mumbai/Poona and Other Parts of the Country & Vice Versa,State,"Not for workers: sports, arts, awards",no,Sports & Culture; Social welfare & Empowerment,https://www.myscheme.gov.in/schemes/fatgmpopcvv
Goa,Promotion of Patriotism/National Integration/Communal Harmony - Production of Musical Programme or Tiatr,State,"Not for workers: sports, arts, awards",no,Sports & Culture,https://www.myscheme.gov.in/schemes/ppnich-pmpt
Goa,Konkani Song & Music Awards (Tiatr Kantaram),State,"Not for workers: sports, arts, awards",no,Sports & Culture,https://www.myscheme.gov.in/schemes/ksma-tk
Goa,Financial Assistance To Dairy Farmers Belonging To Scheduled Tribes And Scheduled Caste For Purchase Of Basic Dairy Equipments,State,"Livelihood, loans & self-employment",yes,"Agriculture,Rural & Environment; Social welfare & Empowerment",https://www.myscheme.gov.in/schemes/fadfbstscpbde
Goa,Kalakar Kritadnyata Nidhi: Compensation Towards Natural Calamities,State,"Not for workers: sports, arts, awards",no,Social welfare & Empowerment; Housing & Shelter; Sports & Culture,https://www.myscheme.gov.in/schemes/kkn-ctnc
Goa,Development of Manures & Fertilizers: Assistance for use of Soil Conditioner,State,"Livelihood, loans & self-employment",yes,"Agriculture,Rural & Environment",https://www.myscheme.gov.in/schemes/dmf-scm
Goa,Goa State Logistics and Warehousing Incentives Scheme: Subsidy on Electricity Duty,State,Housing,yes,Business & Entrepreneurship; Utility & Sanitation,https://www.myscheme.gov.in/schemes/gslwis-sed
Goa,Goa State Logistics And Warehousing Incentives Scheme: Subsidy on Stamp Duty and Registration Charges,State,Housing,yes,Business & Entrepreneurship,https://www.myscheme.gov.in/schemes/gslwis-ssdrc
Goa,Development of Manures & Fertilizers:  Assistance for construction/Installation of Organic Manure Units,State,Farmers & agriculture,yes,"Agriculture,Rural & Environment",https://www.myscheme.gov.in/schemes/dmf-aciomu
Goa,Tribals Development Plan: Purchase of Tourist Taxi,State,Housing,yes,Transport & Infrastructure; Skills & Employment; Business & Entrepreneurship,https://www.myscheme.gov.in/schemes/tdp-ptt
Goa,Goa (Subsidy to Clay Idol Makers) Scheme,State,"Not for workers: sports, arts, awards",no,Social welfare & Empowerment; Business & Entrepreneurship,https://www.myscheme.gov.in/schemes/gscims
Goa,Revised Scheme For Incentives To Milk Producers,State,"Livelihood, loans & self-employment",yes,"Agriculture,Rural & Environment",https://www.myscheme.gov.in/schemes/rsimp
Goa,Financial Incentives for Certification and Intellectual Property Rights Reimbursement Scheme,State,Health & disability,yes,Business & Entrepreneurship,https://www.myscheme.gov.in/schemes/ficiprrs
Goa,Family Planning Indemnity Scheme,State,"Insurance, accident & death help",yes,Health & Wellness,https://www.myscheme.gov.in/schemes/fpis
Goa,Kalakar Kritadnyata Nidhi: Financial Assistance For Funeral of the Artist,State,"Not for workers: sports, arts, awards",no,Social welfare & Empowerment; Sports & Culture,https://www.myscheme.gov.in/schemes/kkn-faffota
Goa,Kalakar Kritadnyata Nidhi: Lumpsum Grant,State,"Not for workers: sports, arts, awards",no,Sports & Culture; Social welfare & Empowerment,https://www.myscheme.gov.in/schemes/kkn-lg
Goa,Family Pension (GBOCWWB),State,Pensions,yes,Social welfare & Empowerment,https://www.myscheme.gov.in/schemes/fp-gbocwwb
Goa,Grant of Financial Assistance to the School Going Children of Industrial Workers/Employees Studying in 1st to 4th Standard for Supply of One Set of Uniform,State,Not for workers: students & education,no,Education & Learning,https://www.myscheme.gov.in/schemes/gfasgciwes1t4ssosu
Goa,Scheme for Upliftment of Utsavi Rangabhumi of Goa,State,"Not for workers: sports, arts, awards",no,Sports & Culture; Social welfare & Empowerment,https://www.myscheme.gov.in/schemes/suurg
Goa,Goa State Best Library and Best Librarian Award,State,Not for workers: students & education,no,Sports & Culture; Social welfare & Empowerment; Education & Learning,https://www.myscheme.gov.in/schemes/gsblbla
Goa,Skill Development Promotion Scheme,State,"Livelihood, loans & self-employment",yes,Business & Entrepreneurship; Skills & Employment,https://www.myscheme.gov.in/schemes/sdps
Goa,Reimbursement of Expenses for Startups Operating from Leased/Privately Owned Premises Scheme,State,Other,no,Business & Entrepreneurship,https://www.myscheme.gov.in/schemes/resolpops
Goa,Co-Working Space/ Incubators/ Accelerators Subsidy Scheme,State,"Livelihood, loans & self-employment",yes,Business & Entrepreneurship,https://www.myscheme.gov.in/schemes/cwsiass
Goa,Lease Rental Subsidy Scheme,State,"Livelihood, loans & self-employment",yes,Business & Entrepreneurship,https://www.myscheme.gov.in/schemes/lrss
Goa,Land/Built-Up Area Rebate Scheme,State,"Food, LPG & ration",yes,Business & Entrepreneurship,https://www.myscheme.gov.in/schemes/lbuars
Goa,Capital Investment Subsidy Scheme,State,"Livelihood, loans & self-employment",yes,Business & Entrepreneurship,https://www.myscheme.gov.in/schemes/ciss
Goa,Capital Investment Subsidy Scheme for Goan Diaspora,State,"Livelihood, loans & self-employment",yes,Business & Entrepreneurship,https://www.myscheme.gov.in/schemes/cissgd
Goa,Power Subsidy Scheme,State,"Food, LPG & ration",yes,Business & Entrepreneurship; Utility & Sanitation,https://www.myscheme.gov.in/schemes/pss-goa
Goa,Patent Filing Reimbursement Scheme,State,Other,no,Business & Entrepreneurship,https://www.myscheme.gov.in/schemes/pfrs
Goa,Registration & Stamp Duty Subsidy Scheme,State,"Food, LPG & ration",yes,Business & Entrepreneurship; Skills & Employment,https://www.myscheme.gov.in/schemes/rsdss
Goa,"Share Capital to Local Entrepreneurs and Self Employed Scheme, 2008",State,"Insurance, accident & death help",yes,Business & Entrepreneurship,https://www.myscheme.gov.in/schemes/scleses
Goa,One Time Settlement (O.T.S.) Scheme,State,Farmers & agriculture,yes,Utility & Sanitation,https://www.myscheme.gov.in/schemes/otss
Goa,"Interest Subsidy Scheme, 2008",State,"Food, LPG & ration",yes,Business & Entrepreneurship,https://www.myscheme.gov.in/schemes/iss2008
Goa,Intellectual Property Rights (IPR) Reimbursement Scheme,State,"Food, LPG & ration",yes,Business & Entrepreneurship,https://www.myscheme.gov.in/schemes/iprrs
Goa,Matching Grant Scheme,State,Other,no,Business & Entrepreneurship,https://www.myscheme.gov.in/schemes/mgs-goa
Goa,Scheme to Provide Special Financial Assistance for Organizing Cultural Events,State,"Not for workers: sports, arts, awards",no,Sports & Culture,https://www.myscheme.gov.in/schemes/spsfaoce
Goa,Scheme to Provide Grant in Aid to Cultural Organization (Maintenance/ Regular Grants),State,"Not for workers: sports, arts, awards",no,Sports & Culture,https://www.myscheme.gov.in/schemes/spgiacomrg
Goa,Interest Subsidy Scheme for Smaller Business Units,State,"Livelihood, loans & self-employment",yes,Skills & Employment; Business & Entrepreneurship,https://www.myscheme.gov.in/schemes/iss-goa
Goa,Internet Subsidy Scheme,State,"Livelihood, loans & self-employment",yes,Business & Entrepreneurship; Skills & Employment,https://www.myscheme.gov.in/schemes/intss
Goa,Financial Assistance for Registered Fishermen Society,State,"Livelihood, loans & self-employment",yes,"Agriculture,Rural & Environment",https://www.myscheme.gov.in/schemes/farfs
Goa,"Incentives to Encourage Consumption of Local Raw Material Scheme, 2008",State,Other,no,Business & Entrepreneurship,https://www.myscheme.gov.in/schemes/ieclrms
Goa,"Goa State Employment Subsidy Scheme for the Industries, 2008",State,Other,no,Business & Entrepreneurship,https://www.myscheme.gov.in/schemes/gsessi
Goa,"Incentives to Women Entrepreneurs Scheme, 2008",State,Health & disability,yes,Business & Entrepreneurship,https://www.myscheme.gov.in/schemes/iwes
Goa,Konkani Drama Competition ,State,"Not for workers: sports, arts, awards",no,Social welfare & Empowerment; Business & Entrepreneurship,https://www.myscheme.gov.in/schemes/kdc
Goa,Goa Village & Municipal Child Committee Grants And Awards Scheme,State,"Not for workers: sports, arts, awards",no,"Social welfare & Empowerment; Public Safety,Law & Justice",https://www.myscheme.gov.in/schemes/gvmccgs
Goa,Scheme for Providing (Golden Jubilee) One Time Grant-In-Aid in Memory of Blessed Mother Tereza,State,"Not for workers: sports, arts, awards",no,Sports & Culture; Social welfare & Empowerment,https://www.myscheme.gov.in/schemes/spgjotgiambmt
Goa,Goa State Cultural Award for Institution,State,"Not for workers: sports, arts, awards",no,Sports & Culture,https://www.myscheme.gov.in/schemes/gscai
Goa,Grant for Incubation Centers within Educational Institutes Scheme,State,Not for workers: students & education,no,Business & Entrepreneurship; Transport & Infrastructure,https://www.myscheme.gov.in/schemes/giceis
Goa,Performance Linked Grant Scheme for Smaller Business Units,State,Other,no,Business & Entrepreneurship,https://www.myscheme.gov.in/schemes/plgsfsbu
Goa,Market Support Scheme for Smaller Business Units,State,Other,no,Business & Entrepreneurship,https://www.myscheme.gov.in/schemes/mssfsbu
Goa,Lease Rental Rebate Scheme for Goan Diaspora,State,"Food, LPG & ration",yes,Business & Entrepreneurship,https://www.myscheme.gov.in/schemes/lrsgd
Goa,Solar Power Subsidy Scheme,State,"Livelihood, loans & self-employment",yes,Business & Entrepreneurship; Utility & Sanitation,https://www.myscheme.gov.in/schemes/spss-goa
Goa,Salary Subsidy Scheme,State,"Livelihood, loans & self-employment",yes,Business & Entrepreneurship,https://www.myscheme.gov.in/schemes/sss-goa
Goa,Home Nursing Scholarship Scheme,State,Not for workers: students & education,no,Education & Learning,https://www.myscheme.gov.in/schemes/hnss
Goa,Scheme For Welfare Of Children In Need Of Care And Protection,State,Pensions,yes,Social welfare & Empowerment,https://www.myscheme.gov.in/schemes/swcncp
Goa,Financial Assistance To Pre-primary School In Remote Areas,State,Not for workers: students & education,no,Education & Learning,https://www.myscheme.gov.in/schemes/fappsra
Goa,Scheme For Soft Loan To The Grant-in-aid/ Non-grant In Aid Institutions For Maintenance And Upgradation Of Infrastructure Facilities,State,"Insurance, accident & death help",yes,"Banking,Financial Services and Insurance; Transport & Infrastructure",https://www.myscheme.gov.in/schemes/sslgiangiaimuif
Goa,Scheme to Provide Grant to the Institutions for Long Term Project in the Field of Art and Culture (Sarjansheel Goa),State,"Not for workers: sports, arts, awards",no,Sports & Culture,https://www.myscheme.gov.in/schemes/spiltpfacsg
Goa,Stamp Duty Reimbursement Scheme,State,Other,no,Business & Entrepreneurship,https://www.myscheme.gov.in/schemes/sdrs
Goa,Special Incentive Allowance Scheme,State,Other,no,Business & Entrepreneurship,https://www.myscheme.gov.in/schemes/sias
Goa,Campus Recruitment Assistance Scheme,State,Not for workers: students & education,no,Business & Entrepreneurship; Skills & Employment,https://www.myscheme.gov.in/schemes/cras
Goa,Goa Traditional Bakers (Poders) Subsidy Scheme,State,"Livelihood, loans & self-employment",yes,Social welfare & Empowerment,https://www.myscheme.gov.in/schemes/gtbpss
Goa,Fair Recreational Activity and Non-Competitive Involvement in Sports Urban Connect Scheme (F.R.A.N.C.I.S Urban Connect Scheme),State,"Not for workers: sports, arts, awards",no,"Transport & Infrastructure; Agriculture,Rural & Environment",https://www.myscheme.gov.in/schemes/francis
Goa,Preferential Purchase Incentives for Micro and Small Enterprises Scheme,State,Other,no,Business & Entrepreneurship,https://www.myscheme.gov.in/schemes/ppimses
Goa,"Goa State Export Market Development Scheme, 2008",State,"Livelihood, loans & self-employment",yes,Business & Entrepreneurship,https://www.myscheme.gov.in/schemes/gsemds
Goa,Marathi Drama Competition ‘A' & ‘B' Group ,State,"Not for workers: sports, arts, awards",no,Sports & Culture,https://www.myscheme.gov.in/schemes/mdcabg
Goa,"One Act Play competition at High School, Higher Secondary School and College level (Konkani, Marathi & English)",State,Not for workers: students & education,no,Social welfare & Empowerment; Education & Learning,https://www.myscheme.gov.in/schemes/oapcahshssaclkme
Goa,Scheme to Provide Financial Assistance to Registered Organizations/Government Organization/Non-Government Organizations/Institutions for Running Residential Facilities/Half Way Homes for Persons with Disabilities,State,Health & disability,yes,Social welfare & Empowerment,https://www.myscheme.gov.in/schemes/spfarogongoirrfhwhpwd
Goa,Grant-in-Aid Scheme To Provide Financial Assistance To The Mahila Mandals/ Women’s Self-help Groups (SWAWLAMBHAN),State,"Livelihood, loans & self-employment",yes,Social welfare & Empowerment; Business & Entrepreneurship; Women and Child,https://www.myscheme.gov.in/schemes/giaspfammwshg
Goa,Scheme to Provide Financial Assistance in the Form of Grant-In-Aid to Bhajani/ Choir/ Cultural Group/ Institutions for Purchase of Musical Instruments,State,"Not for workers: sports, arts, awards",no,Sports & Culture,https://www.myscheme.gov.in/schemes/spfafgiabccgipmi
Goa,Trademark Reimbursement Scheme,State,"Food, LPG & ration",yes,Business & Entrepreneurship,https://www.myscheme.gov.in/schemes/trs-goa
Goa,R&D Reimbursement Scheme,State,Other,no,"Business & Entrepreneurship; Science, IT & Communications",https://www.myscheme.gov.in/schemes/radrs
Goa,Interest Subsidy Reimbursement Scheme,State,"Livelihood, loans & self-employment",yes,Business & Entrepreneurship,https://www.myscheme.gov.in/schemes/isrs
Goa,Seed Capital Scheme,State,Farmers & agriculture,yes,Business & Entrepreneurship,https://www.myscheme.gov.in/schemes/scs-goa
Goa,Skill Development Fee Reimbursement Scheme,State,Not for workers: students & education,no,Business & Entrepreneurship; Skills & Employment,https://www.myscheme.gov.in/schemes/sdfrs
Goa,Salary Reimbursement Scheme,State,Other,no,Business & Entrepreneurship,https://www.myscheme.gov.in/schemes/srs-goa
Goa,Construction of Fish Markets,State,"Livelihood, loans & self-employment",yes,"Agriculture,Rural & Environment",https://www.myscheme.gov.in/schemes/cfm
Goa,Quality Certification Reimbursement Scheme,State,Other,no,Business & Entrepreneurship,https://www.myscheme.gov.in/schemes/qcrs
Goa,Scheme for Supply of TV Sets to Industrial Establishments/Labour Welfare Centres/Clubs/Recreation Rooms,State,"Food, LPG & ration",yes,Business & Entrepreneurship,https://www.myscheme.gov.in/schemes/sstvsielwccrr
Goa,Grant-in-aid Scheme to Village Education Committees/Urban Education Committees for minor repairs of Government School buildings,State,Not for workers: students & education,no,Transport & Infrastructure; Education & Learning,https://www.myscheme.gov.in/schemes/gsvec
Goa,Establishment of Integrated Educational Complexes,State,Other,no,Education & Learning,https://www.myscheme.gov.in/schemes/eiec
Goa,Capital Contribution Scheme (Goa),State,Other,no,Business & Entrepreneurship,https://www.myscheme.gov.in/schemes/ccs-goa
Goa,"Goa State Financial Incentives to the Industries for Certification and Patenting Scheme, 2008",State,Other,no,Business & Entrepreneurship,https://www.myscheme.gov.in/schemes/gsfiicps
Goa,Grant-in-Aid Scheme to Provide Financial Assistance to the Mahila Mandals,State,"Livelihood, loans & self-employment",yes,Skills & Employment; Women and Child,https://www.myscheme.gov.in/schemes/giaspfamm
Goa,The Wired Internet Scheme for Information and Communication Technology Laboratory in Schools in the State of Goa,State,Not for workers: students & education,no,"Science, IT & Communications; Education & Learning",https://www.myscheme.gov.in/schemes/twisictlssg
Goa,National Mission on Edible Oils- Oil Palm,Central,Farmers & agriculture,yes,"Agriculture,Rural & Environment",https://www.myscheme.gov.in/schemes/nmeo-op
Puducherry,Hiv / Aids Pension Scheme,State,Pensions,yes,Social welfare & Empowerment,https://www.myscheme.gov.in/schemes/haps
Puducherry,Development of Choir Industries,State,Other,no,Social welfare & Empowerment,https://www.myscheme.gov.in/schemes/doci
Puducherry,Award of Adhoc Merit Grant (Special Incentive) to Scheduled Caste Students,State,Not for workers: students & education,no,Education & Learning,https://www.myscheme.gov.in/schemes/aamgsiscs
Puducherry,Grant Of Retention Scholarship to Scheduled Caste Girl Students,State,Not for workers: students & education,no,Education & Learning; Women and Child,https://www.myscheme.gov.in/schemes/grsscgs
Puducherry,Subsidy for the Purchase of Wooden/Fiber Reinforced Plastic/Steel Mechanised Boats,State,"Livelihood, loans & self-employment",yes,"Agriculture,Rural & Environment",https://www.myscheme.gov.in/schemes/spwfrpsmb-faascdmf
Puducherry,Grant of Subsidy for Procurement of Vehicle,State,"Livelihood, loans & self-employment",yes,"Agriculture,Rural & Environment",https://www.myscheme.gov.in/schemes/gspv
Puducherry,Opening and Maintenance of Boys and Girls Hostels,State,Not for workers: students & education,no,Education & Learning; Social welfare & Empowerment; Housing & Shelter,https://www.myscheme.gov.in/schemes/ombgh
Puducherry,Award of Pre-matric Scholarship to the Students Whose Parents Are Engaged in Unclean Occupation,State,Not for workers: students & education,no,Education & Learning; Social welfare & Empowerment,https://www.myscheme.gov.in/schemes/apmsspeuo
Puducherry,Educational Allowances to the Children of Widows,State,Not for workers: students & education,no,Social welfare & Empowerment; Women and Child,https://www.myscheme.gov.in/schemes/eacw
Puducherry,Balika Samrithi Yojana,State,"Food, LPG & ration",yes,Social welfare & Empowerment; Women and Child,https://www.myscheme.gov.in/schemes/bsy-pudu
Puducherry,Financial Assistance to Poor Scheduled Caste People Suffering From Prolonged Diseases,State,Health & disability,yes,Health & Wellness; Social welfare & Empowerment,https://www.myscheme.gov.in/schemes/fapscpspi
Puducherry,Aravanaippu Illam,State,Health & disability,yes,Social welfare & Empowerment; Health & Wellness,https://www.myscheme.gov.in/schemes/aillam
Puducherry,"“Medical Camps (Allopathy and Indian systems of Medicine)"" under Grant-in-Aid to Pondicherry Society for the Care of the Aged (PONCARE)",State,Health & disability,yes,Health & Wellness,https://www.myscheme.gov.in/schemes/mcacism-giapsca
Puducherry,Grant of Financial Assistance to Differently Abled Person,State,Health & disability,yes,Social welfare & Empowerment,https://www.myscheme.gov.in/schemes/gfadap
Puducherry,Supply of Invalid Carriages (Motorized Tri-cycles) to the Persons With Disabilities,State,Health & disability,yes,Social welfare & Empowerment,https://www.myscheme.gov.in/schemes/sicmtcpd
Puducherry,Supply of Prosthetic Appliances to Differently Abled Persons,State,Health & disability,yes,Social welfare & Empowerment,https://www.myscheme.gov.in/schemes/spadap
Puducherry,Assistance to Scheduled Caste Farmers for Installation of Submersible / Centrifugal Motor Pumpsets With Accessories,State,"Livelihood, loans & self-employment",yes,"Agriculture,Rural & Environment",https://www.myscheme.gov.in/schemes/ascfiscmpa
Puducherry,Grant of Transport Allowance to Differently Abled Persons,State,Health & disability,yes,Transport & Infrastructure; Social welfare & Empowerment,https://www.myscheme.gov.in/schemes/gtadap
Puducherry,"""Advanced Training in Handicrafts"" Component of the ""Development of Handicrafts"" Scheme",State,Not for workers: students & education,no,Skills & Employment,https://www.myscheme.gov.in/schemes/atihcdohs
Puducherry,"“Training in Coir” Component of the ""Development of Coir"" Scheme",State,"Livelihood, loans & self-employment",yes,Skills & Employment,https://www.myscheme.gov.in/schemes/ticcotdocs
Puducherry,Free Medical Card for Media Persons,State,Health & disability,yes,Health & Wellness,https://www.myscheme.gov.in/schemes/fmcmp
Puducherry,Funeral Assistance Scheme (PULWS),State,"Insurance, accident & death help",yes,Social welfare & Empowerment,https://www.myscheme.gov.in/schemes/fas-pulws
Puducherry,Skill Development Scheme (PBAOCWWB),State,Workers' welfare boards & labour,yes,Skills & Employment,https://www.myscheme.gov.in/schemes/sds-pbaocwwb
Puducherry,Relief under Natural Calamity / Pandemic Period (PBAOCWWB),State,Other,no,Social welfare & Empowerment,https://www.myscheme.gov.in/schemes/runcpp-pbaocwwb
Puducherry,Cash Grant in lieu of Sewing Machine,State,Not for workers: honour & service pensions,no,Social welfare & Empowerment,https://www.myscheme.gov.in/schemes/cgilsm
Puducherry,Spectacle Grant (Sainik Welfare),State,Not for workers: honour & service pensions,no,Social welfare & Empowerment,https://www.myscheme.gov.in/schemes/sg-sw
Puducherry,Reimbursement of Tuition Fees to the Wards of Ex-Servicemen/Widows (Sainik Welfare),State,Not for workers: students & education,no,Education & Learning; Skills & Employment,https://www.myscheme.gov.in/schemes/rtfwesw-sw
Puducherry,Scheme of Financial Assistance for Dance and Drama Troupes/Associations,State,"Not for workers: sports, arts, awards",no,Sports & Culture; Social welfare & Empowerment; Skills & Employment,https://www.myscheme.gov.in/schemes/sfaddta
Puducherry,Award of Cash Incentive to the Toppers at Regional Level and Students Scoring Centum in the Subjects Involving Theory in Secondary School Leaving Certificate/Secondary School Certificate/Intermediate/Higher Secondary Public Examinations in Government Schools in the Union Territory of Puducherry,State,Not for workers: students & education,no,Education & Learning,https://www.myscheme.gov.in/schemes/acitrlsscstsslcsscihspegsutp
Puducherry,Dr. B.R. Ambedkar’s Yatra Scheme to visit the places connected with Dr. B.R. Ambedkar’s life in India,State,Other,no,Travel & Tourism; Transport & Infrastructure,https://www.myscheme.gov.in/schemes/dbrasvpcdbrali
Puducherry,Grant For Oru Kala Pooja,State,"Not for workers: sports, arts, awards",no,Travel & Tourism; Sports & Culture,https://www.myscheme.gov.in/schemes/gokp
Puducherry,Financial Assistance For Renovation And Special Repair Works To Hindu Religious Institutions Situated In Economically Weaker Section Areas / Adi-Dravidar Colonies,State,Other,no,Transport & Infrastructure,https://www.myscheme.gov.in/schemes/farsrwhrisewsaadc
Puducherry,Short Term Financial Assistance To Good Borrowers,State,Other,no,Business & Entrepreneurship,https://www.myscheme.gov.in/schemes/stfagb
Puducherry,Scheme for Cottage and Village Industries (Composite Loan Scheme),State,"Livelihood, loans & self-employment",yes,Business & Entrepreneurship,https://www.myscheme.gov.in/schemes/scvi-cls
Puducherry,Equipment Refinance Scheme,State,"Insurance, accident & death help",yes,"Banking,Financial Services and Insurance; Business & Entrepreneurship",https://www.myscheme.gov.in/schemes/ers
Puducherry,Refinance Scheme for Technology Development and Modernization,State,"Insurance, accident & death help",yes,"Banking,Financial Services and Insurance; Business & Entrepreneurship",https://www.myscheme.gov.in/schemes/rstdm
Puducherry,Scheme for Acquisition of Equipment and Others,State,"Insurance, accident & death help",yes,"Banking,Financial Services and Insurance; Business & Entrepreneurship",https://www.myscheme.gov.in/schemes/sfaoeao
Puducherry,Scheme for Construction of Marriage Hall/ Community Hall/ Convention Centre/ Commercial Godown,State,"Insurance, accident & death help",yes,"Banking,Financial Services and Insurance; Business & Entrepreneurship",https://www.myscheme.gov.in/schemes/scmhchcccg
Puducherry,Rajiv Gandhi Social Security Scheme For Poor Families - 2012,State,"Insurance, accident & death help",yes,Social welfare & Empowerment,https://www.myscheme.gov.in/schemes/rgssspf-2012
Puducherry,Old Age And Destitute Pension,State,Pensions,yes,Social welfare & Empowerment; Women and Child,https://www.myscheme.gov.in/schemes/oadp
Puducherry,Development of Industrie-Training Scheme,State,"Livelihood, loans & self-employment",yes,Skills & Employment,https://www.myscheme.gov.in/schemes/doits
Puducherry,"Grant of 50% Subsidy for the Purchase of Aquarium and Its Accessories under ""Development of Freshwater Aquaculture and Setting up of Aquarium, Ornamental Fish Breeding Centre""",State,"Livelihood, loans & self-employment",yes,"Agriculture,Rural & Environment",https://www.myscheme.gov.in/schemes/gspaa-dfwasaofbc
Puducherry,Supply of Dhotis and Sarees to Scheduled Caste (SC) People,State,Other,no,Social welfare & Empowerment,https://www.myscheme.gov.in/schemes/sdsscp
Puducherry,Financial Assistance to Old Age Pensioner Suffering From TB/ Cancer,State,Pensions,yes,Health & Wellness; Social welfare & Empowerment,https://www.myscheme.gov.in/schemes/faoapstbc
Puducherry,Grant of House Construction Subsidy to Scheduled Caste People,State,Housing,yes,Housing & Shelter; Social welfare & Empowerment,https://www.myscheme.gov.in/schemes/ghcsscp
Puducherry,Grant of Marriage Allowance to the Widow's Daughter,State,"Women, marriage & maternity",yes,Women and Child; Social welfare & Empowerment,https://www.myscheme.gov.in/schemes/gmawd
Puducherry,"""Annual Insurance Premium for Boat Owners"" under ""Financial Assistance for Availing Subsidy Components for the Development of Marine Fisheries""",State,"Insurance, accident & death help",yes,"Agriculture,Rural & Environment; Banking,Financial Services and Insurance",https://www.myscheme.gov.in/schemes/aipbo-faascdmf
Puducherry,Reimbursement of Tuition Fees for Typewriting and Shorthand Courses for Children of Widows,State,Not for workers: students & education,no,Education & Learning; Women and Child; Social welfare & Empowerment,https://www.myscheme.gov.in/schemes/rtftsccw
Puducherry,"""Conversion/Modernisation of Mechanised Fishing Boats for Deep Sea Fishing"" under ""Financial Assistance for Availing Subsidy Components for the Development of Marine Fisheries""",State,"Livelihood, loans & self-employment",yes,"Agriculture,Rural & Environment",https://www.myscheme.gov.in/schemes/cmmfbdsf-faascdmf
Puducherry,Grant of Financial Assistance to Poor Scheduled Caste Pregnant & Lactating Women,State,Health & disability,yes,Women and Child; Health & Wellness,https://www.myscheme.gov.in/schemes/gfapscplw
Puducherry,Group Insurance for Differently Abled Person Government Employees,State,"Insurance, accident & death help",yes,"Banking,Financial Services and Insurance",https://www.myscheme.gov.in/schemes/gidapge
Puducherry,Award of Post-Matric Scholarship to Scheduled Caste Students,State,Not for workers: students & education,no,Education & Learning; Social welfare & Empowerment,https://www.myscheme.gov.in/schemes/apmsscs
Puducherry,Supply of Sarees and Dhoties to Differently Abled Persons,State,"Not for workers: sports, arts, awards",no,Social welfare & Empowerment; Sports & Culture,https://www.myscheme.gov.in/schemes/ssddap-pudu
Puducherry,Supply of Radio to the Blind Persons,State,Health & disability,yes,Social welfare & Empowerment,https://www.myscheme.gov.in/schemes/srbp
Puducherry,"""Integrated Farming for Productivity Improvement Scheme"" by the Coconut Development Board",State,"Food, LPG & ration",yes,"Agriculture,Rural & Environment",https://www.myscheme.gov.in/schemes/ifpisbtcdb
Puducherry,"Replanting & Rejuvenation of Coconut Garden"" by the Coconut Development Board",State,Farmers & agriculture,yes,"Agriculture,Rural & Environment",https://www.myscheme.gov.in/schemes/rrcgcdb
Puducherry,Home for the Aged and Infirm,State,Health & disability,yes,Social welfare & Empowerment,https://www.myscheme.gov.in/schemes/hiai
Puducherry,Assistance to General Farmers for Installation of Submersible / Centrifugal Motor Pumpsets With Accessories,State,"Livelihood, loans & self-employment",yes,"Agriculture,Rural & Environment",https://www.myscheme.gov.in/schemes/agfiscmpwa
Puducherry,"""Advance / High Skill Training"" Component of the ""Development of Industries"" Scheme",State,Not for workers: students & education,no,Skills & Employment,https://www.myscheme.gov.in/schemes/ahst
Puducherry,"""Vocational Training"" Component of the ""Development of Industries"" Scheme",State,Not for workers: students & education,no,Skills & Employment,https://www.myscheme.gov.in/schemes/vt-pudu
Puducherry,Award of Pre-Matric Scholarship to Other Economically Backward Class (OEBC) Students,State,Not for workers: students & education,no,Education & Learning,https://www.myscheme.gov.in/schemes/apmsoebcs
Puducherry,Award of Puducherry State Post-Matric Scholarship Scheme,State,Not for workers: students & education,no,Education & Learning,https://www.myscheme.gov.in/schemes/apspmss
Puducherry,"""Back Ended Investment Subsidy to Paddy Growers"" component of the ""Crop Production Technology"" scheme",State,"Livelihood, loans & self-employment",yes,"Agriculture,Rural & Environment",https://www.myscheme.gov.in/schemes/beispgccpts
Puducherry,"""Advance/High Skill Training in Coir"" Component of the ""Development of Coir"" Scheme",State,"Livelihood, loans & self-employment",yes,Skills & Employment,https://www.myscheme.gov.in/schemes/ahstc-dc
Puducherry,Funeral Assistance Scheme (PBAOCWWB),State,Workers' welfare boards & labour,yes,Social welfare & Empowerment,https://www.myscheme.gov.in/schemes/fas-pbaocwwb
Puducherry,"Award of Scholarship to the Cadets Belonging to UT of Puducherry and Studying in Rashtriya Indian Military College, Dehradun",State,Not for workers: students & education,no,Education & Learning,https://www.myscheme.gov.in/schemes/ascbutpsrimcd
Puducherry,"Grant of Annual Scholarship to the Students Belonging to UT of Puducherry Selected and Studying in the Sainik School, Amaravathi Nagar, Tamil Nadu",State,Not for workers: students & education,no,Education & Learning,https://www.myscheme.gov.in/schemes/gassutpssatn
Puducherry,Award of Scholarship to the Children who are Recipients of National Child Award for Exceptional Achievements and Other National / International Merit Awards,State,Not for workers: students & education,no,Education & Learning,https://www.myscheme.gov.in/schemes/ascrncaeaonima
Puducherry,"One Time Cash Incentive towards acquiring BEd, BPEd, DTEd, PGDCA (Sainik Welfare)",State,Not for workers: students & education,no,Education & Learning; Skills & Employment,https://www.myscheme.gov.in/schemes/otca-bbdp
Puducherry,"""Outstanding Artisan of the Year"" under “Motivation of Entrepreneurs to Start Industries and Fiscal Assistance to Industries - State Awards to Micro, Small and Medium Enterprises”",State,"Not for workers: sports, arts, awards",no,Business & Entrepreneurship,https://www.myscheme.gov.in/schemes/oay-mesifai-sa-msme
Puducherry,Book Allowance to the Wards of Ex-Servicemen/Widows (Sainik Welfare),State,Not for workers: students & education,no,Education & Learning,https://www.myscheme.gov.in/schemes/bawesmw-sw
Puducherry,Scheme of Financial Assistance for Publication of Manuscripts/Research Journals,State,"Not for workers: sports, arts, awards",no,Sports & Culture; Social welfare & Empowerment; Skills & Employment,https://www.myscheme.gov.in/schemes/sfapmrj
Puducherry,Financial Assistance to Indigent Tamil Scholars,State,Not for workers: honour & service pensions,no,Social welfare & Empowerment,https://www.myscheme.gov.in/schemes/fatits
Puducherry,Nehru Child Literature Prize,State,"Not for workers: sports, arts, awards",no,Skills & Employment; Social welfare & Empowerment,https://www.myscheme.gov.in/schemes/nclp
Puducherry,"Grant of Financial Incentives for Hotels, Resorts, and Tourism Projects",State,Other,no,Travel & Tourism,https://www.myscheme.gov.in/schemes/gfihrtp
Puducherry,Chief Minister’s Award for Excellence in Public Administration,State,"Not for workers: sports, arts, awards",no,"Public Safety,Law & Justice; Social welfare & Empowerment",https://www.myscheme.gov.in/schemes/cmaepap
Puducherry,Scheme for Purchase of Mobile Sales Van,State,"Insurance, accident & death help",yes,"Banking,Financial Services and Insurance; Business & Entrepreneurship",https://www.myscheme.gov.in/schemes/spmsv
Puducherry,Scheme For Women Entrepreneurs Mahila Udyam Nidhi (MUN),State,"Livelihood, loans & self-employment",yes,Business & Entrepreneurship,https://www.myscheme.gov.in/schemes/sfwemun
Puducherry,Single Window Scheme (PIPDIC),State,"Insurance, accident & death help",yes,"Banking,Financial Services and Insurance; Business & Entrepreneurship",https://www.myscheme.gov.in/schemes/sws-pipdic
Puducherry,Financial Assistance to Launderers and Barbers,State,"Livelihood, loans & self-employment",yes,Business & Entrepreneurship,https://www.myscheme.gov.in/schemes/falb
Puducherry,Scheme for Development Maintenance and Construction of Roads,State,"Insurance, accident & death help",yes,"Banking,Financial Services and Insurance; Business & Entrepreneurship; Transport & Infrastructure",https://www.myscheme.gov.in/schemes/sdmcr
Puducherry,Technology Upgradation Fund Scheme,State,"Insurance, accident & death help",yes,"Banking,Financial Services and Insurance; Business & Entrepreneurship",https://www.myscheme.gov.in/schemes/tufs
Puducherry,Merit Loan Scheme for Good Borrowers,State,Not for workers: students & education,no,"Banking,Financial Services and Insurance; Business & Entrepreneurship",https://www.myscheme.gov.in/schemes/mlsgb
Puducherry,"""Financial Grant for Reactivation of Mechanised Boats"" under ""Financial Assistance for Availing Subsidy Components for the Development of Marine Fisheries""",State,"Livelihood, loans & self-employment",yes,"Agriculture,Rural & Environment",https://www.myscheme.gov.in/schemes/fgrmb-faascdmf
Puducherry,"""Subsidy for the Purchase of Fiber-reinforced Plastic Cattamaran/ Vallam/ Wooden Nava/ Marine Plywood Canoe With Nets"" under ""Financial Assistance for Availing Subsidy Components for the Development of Marine Fisheries""",State,"Livelihood, loans & self-employment",yes,"Agriculture,Rural & Environment",https://www.myscheme.gov.in/schemes/spfrpcvwnmpcn-faascdmf
Puducherry,Incentive to Widow's Remarriage,State,"Women, marriage & maternity",yes,Social welfare & Empowerment; Women and Child,https://www.myscheme.gov.in/schemes/iwr
Puducherry,ARAVANAIPPU,State,"Food, LPG & ration",yes,Women and Child; Social welfare & Empowerment,https://www.myscheme.gov.in/schemes/a-pudu
Puducherry,Assistance under SC/ST Prevention of Atrocities Act,State,Other,no,"Public Safety,Law & Justice; Social welfare & Empowerment",https://www.myscheme.gov.in/schemes/auscstpaa
Puducherry,Dr. B.R. Ambedkar Memorial Award to Scheduled Caste Students,State,Not for workers: students & education,no,Education & Learning; Social welfare & Empowerment,https://www.myscheme.gov.in/schemes/dbramascs
Puducherry,Perunthalaivar Karma Veerar Kamarajar Scheme of Financial Assistance Towards Funeral Expenses of the Differently Abled Persons,State,"Insurance, accident & death help",yes,Social welfare & Empowerment,https://www.myscheme.gov.in/schemes/pkvksfatfedap
Puducherry,Home for Mentally Challenged Children,State,Health & disability,yes,Social welfare & Empowerment; Housing & Shelter; Health & Wellness; Women and Child,https://www.myscheme.gov.in/schemes/hmcc
Puducherry,Award of Scholarship to Differently Abled Person Students,State,Not for workers: students & education,no,Education & Learning; Social welfare & Empowerment,https://www.myscheme.gov.in/schemes/asdaps
Puducherry,Government Special School for the Visually Handicapped and the Hearing Impaired,State,Not for workers: students & education,no,Social welfare & Empowerment; Housing & Shelter; Education & Learning,https://www.myscheme.gov.in/schemes/gssvhhi
Puducherry,Issue of Free Bus Pass to Differently Abled Person,State,Health & disability,yes,Social welfare & Empowerment; Transport & Infrastructure,https://www.myscheme.gov.in/schemes/ifbpdap
Puducherry,Integrated Horticultural Development Program Through Diversification of Agriculture,State,"Livelihood, loans & self-employment",yes,"Agriculture,Rural & Environment",https://www.myscheme.gov.in/schemes/ihdpda
Puducherry,"""Training in Silk"" Component of the ""Development of Silk"" Scheme",State,"Livelihood, loans & self-employment",yes,Skills & Employment; Business & Entrepreneurship,https://www.myscheme.gov.in/schemes/ts-ds
Puducherry,Cash Award to Top Ranking Holders in Public Examinations,State,Not for workers: students & education,no,Education & Learning,https://www.myscheme.gov.in/schemes/catrhpe
Puducherry,Award of Attendance Scholarship to Girl Students in the Middle Stage of Education,State,Not for workers: students & education,no,Education & Learning,https://www.myscheme.gov.in/schemes/aasgsmse
Puducherry,Scheme for Providing Financial Assistance for the Purchase of Laptop or Desktop Computer to the Media Persons of the Union Territory of Puducherry,State,Not for workers: students & education,no,"Science, IT & Communications; Social welfare & Empowerment",https://www.myscheme.gov.in/schemes/spfapldcmputp
Puducherry,Scheme for Grant of Pension Benefits to Journalists,State,Not for workers: honour & service pensions,no,Social welfare & Empowerment,https://www.myscheme.gov.in/schemes/sgpbj
Puducherry,Medical Termination of Pregnancy Scheme (PULWS),State,Health & disability,yes,Health & Wellness; Women and Child,https://www.myscheme.gov.in/schemes/mtp-pulws
Puducherry,Higher Educational Finance Assistance Scheme (PBAOCWWB),State,Not for workers: students & education,no,Education & Learning,https://www.myscheme.gov.in/schemes/hefas-pbaocwwb
Puducherry,Specialized Treatment & Medical Assistance Scheme (PBAOCWWB),State,Workers' welfare boards & labour,yes,Health & Wellness,https://www.myscheme.gov.in/schemes/stmas-pbaocwwb
Puducherry,Cash Benefit Scheme Scheme (PBAOCWWB),State,Not for workers: students & education,no,Education & Learning,https://www.myscheme.gov.in/schemes/cbs-pbaocwwb
Puducherry,Maternity Assistance Scheme (PBAOCWWB),State,Workers' welfare boards & labour,yes,Women and Child; Health & Wellness,https://www.myscheme.gov.in/schemes/mat-pbaocwwb
Puducherry,Accident Medical Assistance Scheme (PBAOCWWB),State,Workers' welfare boards & labour,yes,Social welfare & Empowerment,https://www.myscheme.gov.in/schemes/amas-pbaocwwb
Puducherry,Accidental Death Benefit Scheme (PBAOCWWB),State,Workers' welfare boards & labour,yes,Social welfare & Empowerment,https://www.myscheme.gov.in/schemes/adbs-pbaocwwb
Puducherry,Immediate Assistance for Severe Injury in Road/Fire Accident (Sainik Welfare),State,Not for workers: honour & service pensions,no,Social welfare & Empowerment,https://www.myscheme.gov.in/schemes/iasirfa-sw
Puducherry,Denture Grant (Sainik Welfare),State,Not for workers: honour & service pensions,no,Social welfare & Empowerment,https://www.myscheme.gov.in/schemes/dg-sw
Puducherry,"Relief During Natural Calamities Such as Cyclone, Flood or Fire (Sainik Welfare)",State,Not for workers: honour & service pensions,no,"Agriculture,Rural & Environment; Social welfare & Empowerment",https://www.myscheme.gov.in/schemes/rdnccff-sw
Puducherry,Cash Incentive to Wards of ESM (Academic Scholarship),State,Not for workers: students & education,no,Education & Learning; Skills & Employment,https://www.myscheme.gov.in/schemes/ciwesm-as
Puducherry,Uniform Allowance to the Wards of Ex-Servicemen/Widows (Sainik Welfare),State,Not for workers: students & education,no,Education & Learning,https://www.myscheme.gov.in/schemes/uawesmw-sw
Puducherry,Subsistence Allowance (Sainik Welfare),State,Not for workers: honour & service pensions,no,Social welfare & Empowerment,https://www.myscheme.gov.in/schemes/sa-affdf
Puducherry,Grant to Meritorious Wards of ESM in Sports: National / International Level (Sainik Welfare),State,Not for workers: students & education,no,Education & Learning; Sports & Culture,https://www.myscheme.gov.in/schemes/gmwesnil-sw
Puducherry,Funeral Grant (Sainik Welfare),State,Not for workers: honour & service pensions,no,Social welfare & Empowerment,https://www.myscheme.gov.in/schemes/fg-sw
Puducherry,The Grant of Honorarium to Legal Researcher Scheme,State,"Food, LPG & ration",yes,"Public Safety,Law & Justice; Skills & Employment",https://www.myscheme.gov.in/schemes/ghlrs
Puducherry,Scheme for Small Road Transport Operators (SRTOs),State,"Insurance, accident & death help",yes,Business & Entrepreneurship; Transport & Infrastructure,https://www.myscheme.gov.in/schemes/sfsrtos
Puducherry,Scheme for Hotel and Restaurant Projects,State,"Insurance, accident & death help",yes,"Banking,Financial Services and Insurance; Business & Entrepreneurship; Travel & Tourism",https://www.myscheme.gov.in/schemes/shrp
Puducherry,Car Loan Scheme,State,"Insurance, accident & death help",yes,"Banking,Financial Services and Insurance; Business & Entrepreneurship",https://www.myscheme.gov.in/schemes/cls-pucu
Puducherry,Grant Of Financial Assistance For The Funeral Expenses Of Old Age/ Destitute Pensioner,State,Pensions,yes,Social welfare & Empowerment,https://www.myscheme.gov.in/schemes/gfaffeoadp
Puducherry,Award of Pre-matric Scholarship to Scheduled Caste Students Studying from VI to X Standard in Government Schools and Government recognised Private Schools in the Union Territory of Puducherry ,State,Not for workers: students & education,no,Education & Learning,https://www.myscheme.gov.in/schemes/ap-msscssvixsgsgrpsutp
Puducherry,Grant of Financial Assistance for Performance of Marriage of Poor Brides Living Below Poverty Line,State,"Women, marriage & maternity",yes,Social welfare & Empowerment; Women and Child,https://www.myscheme.gov.in/schemes/gfampmblpl
Puducherry,Grant of Fuel Subsidy to Differently Abled Persons Who Are Owning Motorised Vehicles,State,Health & disability,yes,Social welfare & Empowerment; Transport & Infrastructure,https://www.myscheme.gov.in/schemes/gfsdapomv
Puducherry,State Award for the Welfare of the Handicapped,State,"Not for workers: sports, arts, awards",no,Social welfare & Empowerment,https://www.myscheme.gov.in/schemes/sawh
Puducherry,Annual Tour to the Differently Abled Persons,State,"Not for workers: sports, arts, awards",no,Transport & Infrastructure; Travel & Tourism,https://www.myscheme.gov.in/schemes/atdap
Puducherry,Free Distribution of Rice to Differently Abled Persons,State,Health & disability,yes,Health & Wellness; Social welfare & Empowerment,https://www.myscheme.gov.in/schemes/fdrdap
Puducherry,Scheme for Reimbursement of Educational Expenses to Hearing Impaired Students Pursuing Special Higher Education Courses Inside or Outside the Union Territory of Puducherry,State,Not for workers: students & education,no,Social welfare & Empowerment; Education & Learning,https://www.myscheme.gov.in/schemes/sreehispshecioutp
Puducherry,Observation Home and Special School,State,Not for workers: students & education,no,Social welfare & Empowerment; Travel & Tourism; Housing & Shelter; Sports & Culture,https://www.myscheme.gov.in/schemes/ohss
Puducherry,Home for Visually Challenged Person,State,Health & disability,yes,Social welfare & Empowerment; Skills & Employment; Health & Wellness,https://www.myscheme.gov.in/schemes/hvcp
Puducherry,"""Protected Cultivation"" Component of ""Establishment of New Gardens (Area Expansion)"" Scheme",State,Housing,yes,"Agriculture,Rural & Environment",https://www.myscheme.gov.in/schemes/pccengaes
Puducherry,"“Home for the Aged"" under Grant-in-Aid to Pondicherry Society for the Care of the Aged (PONCARE)",State,Health & disability,yes,Housing & Shelter; Social welfare & Empowerment; Health & Wellness,https://www.myscheme.gov.in/schemes/hfta-giapsca
Puducherry,Distribution of Vegetable Seeds Minikit & Fruits Minikit at Free of Cost,State,Farmers & agriculture,yes,"Agriculture,Rural & Environment",https://www.myscheme.gov.in/schemes/dvsmfmfc
Puducherry,Day Care - cum - Recreation Centre and Physiotherapy Unit,State,Health & disability,yes,Health & Wellness,https://www.myscheme.gov.in/schemes/dccrcpu-giapsca
Puducherry,Free Distribution of Blankets and Chappals to Senior Citizen,State,Other,no,Social welfare & Empowerment,https://www.myscheme.gov.in/schemes/fdbcsc
Puducherry,"""Sugarcane Nursery Premium"" Sub-Scheme of the ""Crop Production Technology"" Scheme",State,Farmers & agriculture,yes,"Agriculture,Rural & Environment",https://www.myscheme.gov.in/schemes/snpsscpts
Puducherry,"""In-Plant Training"" Component of the ""Development of Industries"" Scheme",State,Not for workers: students & education,no,Skills & Employment,https://www.myscheme.gov.in/schemes/ipt
Puducherry,"""Design Development Training For Master Crafts Persons"" Component of the ""Development of Handicrafts"" Scheme",State,"Livelihood, loans & self-employment",yes,Skills & Employment,https://www.myscheme.gov.in/schemes/ddtmcp
Puducherry,"""Entrepreneureship Development Programme (EDP)"" Component of the ""Development of Industries"" Scheme",State,"Livelihood, loans & self-employment",yes,Business & Entrepreneurship; Skills & Employment,https://www.myscheme.gov.in/schemes/edpedp
Puducherry,Grant of Financial Assistance to the Press Reporters of Puducherry,State,Other,no,Social welfare & Empowerment,https://www.myscheme.gov.in/schemes/gfaprp
Puducherry,Award of Scholarships to Outstanding NCC Cadets of the UT of Puducherry,State,Not for workers: students & education,no,Education & Learning,https://www.myscheme.gov.in/schemes/asoncutp
Puducherry,Disablement Benefit Scheme (PBAOCWWB),State,Workers' welfare boards & labour,yes,Social welfare & Empowerment,https://www.myscheme.gov.in/schemes/dbs-pbaocwwb
Puducherry,Refund of Contribution Scheme (PBAOCWWB),State,Workers' welfare boards & labour,yes,Social welfare & Empowerment,https://www.myscheme.gov.in/schemes/rcs-pbaocwwb
Puducherry,"Scheme of Free Supply of Textbooks, Stationery, Uniforms and Footwears to Poor Children",State,Not for workers: students & education,no,Education & Learning,https://www.myscheme.gov.in/schemes/sfstsufpc
Puducherry,Deepawali Cash Gift Scheme (PULWS),State,Other,no,Social welfare & Empowerment,https://www.myscheme.gov.in/schemes/dcgs-pulws
Puducherry,Festival Gift Coupons (Sainik Welfare),State,Not for workers: honour & service pensions,no,Social welfare & Empowerment,https://www.myscheme.gov.in/schemes/fgc
Puducherry,"One Time Cash Incentive towards Completing ITI, Typewriting, Accountancy, Bookkeeping, Tailoring, Computer Training (Sainik Welfare)",State,Not for workers: honour & service pensions,no,Education & Learning; Skills & Employment,https://www.myscheme.gov.in/schemes/otci-citabtct
Puducherry,Tholkappiar Award,State,"Not for workers: sports, arts, awards",no,Sports & Culture; Social welfare & Empowerment,https://www.myscheme.gov.in/schemes/ta
Puducherry,Kamban Pugazh Literary Prize,State,"Not for workers: sports, arts, awards",no,Sports & Culture; Social welfare & Empowerment; Skills & Employment,https://www.myscheme.gov.in/schemes/kplp
Puducherry,Dr. B. R. Ambedkar’s Electric Auto (e-Auto) Subsidy Scheme,State,"Livelihood, loans & self-employment",yes,Business & Entrepreneurship; Transport & Infrastructure,https://www.myscheme.gov.in/schemes/dbraeass
Puducherry,Scheme to Encourage Students for Innovative Projects,State,Not for workers: students & education,no,Skills & Employment; Business & Entrepreneurship,https://www.myscheme.gov.in/schemes/sesip
Puducherry,Scheme for Acquisition of Electro-Medical and Other Equipment (PIPDIC),State,"Insurance, accident & death help",yes,"Banking,Financial Services and Insurance; Business & Entrepreneurship; Health & Wellness",https://www.myscheme.gov.in/schemes/saemoe-pipdic
Puducherry,Scheme of Assistance to Good Borrowers: ‘B’ Category,State,"Livelihood, loans & self-employment",yes,Business & Entrepreneurship,https://www.myscheme.gov.in/schemes/sagb-bc
Puducherry,Scheme for Tourism-related Activities,State,"Not for workers: sports, arts, awards",no,"Banking,Financial Services and Insurance; Business & Entrepreneurship; Travel & Tourism",https://www.myscheme.gov.in/schemes/stra
Puducherry,Scheme for Hospitals / Nursing Homes (PIPDIC),State,"Insurance, accident & death help",yes,"Banking,Financial Services and Insurance; Business & Entrepreneurship; Health & Wellness",https://www.myscheme.gov.in/schemes/shnh-pipdic
Puducherry,Financial Assistance for Purchase of Existing Assets,State,"Insurance, accident & death help",yes,"Banking,Financial Services and Insurance; Business & Entrepreneurship",https://www.myscheme.gov.in/schemes/fapea
Puducherry,Scheme for Setting Up of Industrial Estates,State,"Insurance, accident & death help",yes,"Banking,Financial Services and Insurance; Business & Entrepreneurship",https://www.myscheme.gov.in/schemes/ssuie
Puducherry,Scheme for Purchase of Paddy Harvesting Machine,State,"Livelihood, loans & self-employment",yes,"Banking,Financial Services and Insurance; Business & Entrepreneurship",https://www.myscheme.gov.in/schemes/spphm
Puducherry,Motivation Of Unemployed Persons To Start Self-Employed Enterprises Scheme,State,"Livelihood, loans & self-employment",yes,Business & Entrepreneurship,https://www.myscheme.gov.in/schemes/mupsese
Puducherry,DEVELOPMENT OF HANDICRAFTS,State,"Livelihood, loans & self-employment",yes,Skills & Employment,https://www.myscheme.gov.in/schemes/doh
Puducherry,Award of Opportunity Cost to Parents of Scheduled Caste Girl Students,State,Not for workers: students & education,no,Education & Learning; Women and Child,https://www.myscheme.gov.in/schemes/aocpscgs
Puducherry,Stipend to Scheduled Caste Trainees in Technical Training Institutions,State,Not for workers: students & education,no,Education & Learning,https://www.myscheme.gov.in/schemes/sscttti
Puducherry,Government Hostel for Working Women/ Girl Students,State,Not for workers: students & education,no,Women and Child; Social welfare & Empowerment,https://www.myscheme.gov.in/schemes/ghfwwgs
Puducherry,KULAVILAKKU,State,Health & disability,yes,Women and Child; Social welfare & Empowerment,https://www.myscheme.gov.in/schemes/k-pudu
Puducherry,Reimbursement/ Spot Exemption of Sales Tax on High-Speed Diesel Oil,State,"Livelihood, loans & self-employment",yes,"Agriculture,Rural & Environment",https://www.myscheme.gov.in/schemes/rsesthsdo-faascdmf
Puducherry,Free Supply of Sarees and Dhothies to the Poor People,State,"Food, LPG & ration",yes,Social welfare & Empowerment,https://www.myscheme.gov.in/schemes/fssdpp
Puducherry,Grant of Mahatma Gandhi Memorial Award for Clean Houses,State,"Not for workers: sports, arts, awards",no,Utility & Sanitation; Social welfare & Empowerment,https://www.myscheme.gov.in/schemes/gmgmach
Puducherry,Financial Assistance for Marriage of Poor Scheduled Caste Brides,State,"Women, marriage & maternity",yes,Social welfare & Empowerment,https://www.myscheme.gov.in/schemes/fampscb
Puducherry,Distribution of Free House Sites to Scheduled Caste/Other Economically Backward Classes,State,Housing,yes,Social welfare & Empowerment; Housing & Shelter,https://www.myscheme.gov.in/schemes/dfhsscoebc
Puducherry,Assistance to General Farmers for Sinking Tubewell,State,"Livelihood, loans & self-employment",yes,"Agriculture,Rural & Environment",https://www.myscheme.gov.in/schemes/agfst
Puducherry,Assistance to Scheduled Caste Farmers for Sinking Tubewell,State,"Livelihood, loans & self-employment",yes,"Agriculture,Rural & Environment",https://www.myscheme.gov.in/schemes/ascfst
Puducherry,Reimbursement of College Fees for Scheduled Caste Students in Professional Colleges (Top 20),State,Not for workers: students & education,no,Education & Learning; Social welfare & Empowerment,https://www.myscheme.gov.in/schemes/rcfscspc
Puducherry,Cash Award to the Meritorious Visually Impaired Students Obtaining First Three Ranks at the State Level in the SSLC and HSC Examination,State,Not for workers: students & education,no,Education & Learning; Social welfare & Empowerment,https://www.myscheme.gov.in/schemes/camvisoftrslshe
Puducherry,Grant of Stipend to Differently Abled Trainees,State,Not for workers: students & education,no,Social welfare & Empowerment; Skills & Employment,https://www.myscheme.gov.in/schemes/gsdat
Puducherry,Incentive For Eye Donors,State,Health & disability,yes,Social welfare & Empowerment,https://www.myscheme.gov.in/schemes/ied
Puducherry,Assistance for Installation of Sprinkler / Drip Micro Irrigation Systems,State,"Livelihood, loans & self-employment",yes,"Agriculture,Rural & Environment",https://www.myscheme.gov.in/schemes/aispmis
Puducherry,Motivation of Unemployed Persons to Start Self-employed Enterprises,State,"Livelihood, loans & self-employment",yes,Business & Entrepreneurship,https://www.myscheme.gov.in/schemes/mupssee
Puducherry,"""Subsidy for Cultivation of Fodder Crops"" Component of the ""Crop Production Technology"" Scheme",State,"Livelihood, loans & self-employment",yes,"Agriculture,Rural & Environment",https://www.myscheme.gov.in/schemes/scfc-cpt
Puducherry,Production Incentive / Back-Ended Subsidy for Cultivation of Horticulture Crops,State,"Livelihood, loans & self-employment",yes,"Agriculture,Rural & Environment",https://www.myscheme.gov.in/schemes/pibeschc
Puducherry,Soil Resource Management and Inputs Quality Control,State,Farmers & agriculture,yes,"Agriculture,Rural & Environment",https://www.myscheme.gov.in/schemes/srmiqc
Puducherry,"""Training in Handicrafts"" Component of the ""Development Of Handicrafts"" Scheme",State,Not for workers: students & education,no,Skills & Employment,https://www.myscheme.gov.in/schemes/tihcdohs
Puducherry,"“Exposure Tour for the Coir Artisans” Component of the ""Development of Coir"" Scheme",State,"Livelihood, loans & self-employment",yes,Business & Entrepreneurship,https://www.myscheme.gov.in/schemes/etftcacotdocs
Puducherry,"""Entrepreneurship Development Programme"" Component of the ""Development of Coir"" Scheme",State,Other,no,Business & Entrepreneurship,https://www.myscheme.gov.in/schemes/edp-dc
Puducherry,"""Monthly Grant To Old Crafts Persons (Pension)"" Component of the ""Development of Handicrafts"" Scheme",State,Pensions,yes,Social welfare & Empowerment,https://www.myscheme.gov.in/schemes/mgtocpp
Puducherry,"""Conducting of Exhibitions"" Component of the ""Development of Coir"" Scheme",State,Other,no,Business & Entrepreneurship,https://www.myscheme.gov.in/schemes/cecdcs
Puducherry,Insurance Scheme For Artisans Component of the Development of Handicrafts Scheme,State,"Insurance, accident & death help",yes,"Banking,Financial Services and Insurance",https://www.myscheme.gov.in/schemes/isa
Puducherry,Free Bus Pass for Media Persons,State,"Food, LPG & ration",yes,Transport & Infrastructure,https://www.myscheme.gov.in/schemes/fbpmp
Puducherry,Medical Assistance Scheme (PBAOCWWB),State,Workers' welfare boards & labour,yes,Social welfare & Empowerment; Health & Wellness,https://www.myscheme.gov.in/schemes/mas-pbaocwwb
Puducherry,Natural Death Benefit Scheme (PBAOCWWB),State,Workers' welfare boards & labour,yes,Social welfare & Empowerment,https://www.myscheme.gov.in/schemes/ndbs-pbaocwwb
Puducherry,Diwali Gift Benefit Scheme (PBAOCWWB),State,Workers' welfare boards & labour,yes,Skills & Employment,https://www.myscheme.gov.in/schemes/dgbs-pbaocwwb
Puducherry,Hearing Aid Grant (Sainik Welfare),State,Not for workers: honour & service pensions,no,Social welfare & Empowerment,https://www.myscheme.gov.in/schemes/hag-sw
Puducherry,Thatched House Repair Grant for Re-thatching & Repairs (Sainik Welfare),State,Not for workers: honour & service pensions,no,Housing & Shelter; Social welfare & Empowerment,https://www.myscheme.gov.in/schemes/thrgrr-sw
Puducherry,One Time Cash Incentive towards Learning Driving (Sainik Welfare),State,Not for workers: students & education,no,Transport & Infrastructure; Skills & Employment,https://www.myscheme.gov.in/schemes/otcild-sw
Puducherry,Grant to Meritorious Wards of Ex-Servicemen in Academics (Lump Sum Grant),State,Not for workers: students & education,no,Education & Learning,https://www.myscheme.gov.in/schemes/gmwesma-lsg
Puducherry,Financial Assistance to Indigent Artistes,State,"Not for workers: sports, arts, awards",no,Skills & Employment; Sports & Culture; Social welfare & Empowerment,https://www.myscheme.gov.in/schemes/fatia
Puducherry,"Awarding of Tamil Mamani, Telugu Ratna and Malayala Ratna",State,"Not for workers: sports, arts, awards",no,Sports & Culture; Social welfare & Empowerment; Skills & Employment,https://www.myscheme.gov.in/schemes/atmtrmr
Puducherry,Award of Puduvai Kalaimamani,State,"Not for workers: sports, arts, awards",no,Sports & Culture; Social welfare & Empowerment,https://www.myscheme.gov.in/schemes/aopk
Puducherry,Haj Pilgrimage to Saudi Arabia,State,Health & disability,yes,Travel & Tourism,https://www.myscheme.gov.in/schemes/hpsa
Puducherry,Grant of Stipend to Junior Advocates Scheme,State,Not for workers: students & education,no,"Public Safety,Law & Justice",https://www.myscheme.gov.in/schemes/gsjas
Puducherry,Training Classes In Veda/Devaram,State,"Not for workers: sports, arts, awards",no,Skills & Employment; Sports & Culture,https://www.myscheme.gov.in/schemes/tcvd
Puducherry,Scheme for SSI / MSI Sector (PIPDIC),State,"Livelihood, loans & self-employment",yes,Business & Entrepreneurship,https://www.myscheme.gov.in/schemes/sfssimsis
Puducherry,Scheme for SSI / MSI Sector (PIPDIC),State,"Livelihood, loans & self-employment",yes,Business & Entrepreneurship,https://www.myscheme.gov.in/schemes/sfssimsis
Puducherry,Financial Assistance for Purchase of Battery Operated Vehicles,State,"Insurance, accident & death help",yes,"Banking,Financial Services and Insurance; Transport & Infrastructure; Agriculture,Rural & Environment",https://www.myscheme.gov.in/schemes/fapbov
Puducherry,Scheme Of Assistance To Good Borrowers: ‘A’ Category,State,"Livelihood, loans & self-employment",yes,Business & Entrepreneurship,https://www.myscheme.gov.in/schemes/sagb-ac
Puducherry,Scheme Of Assistance To Women Entrepreneurs (Mahalir Udavi),State,"Livelihood, loans & self-employment",yes,Business & Entrepreneurship,https://www.myscheme.gov.in/schemes/sawemu
Puducherry,Scheme of Assistance to SC/ST Entrepreneurs,State,Other,no,Business & Entrepreneurship,https://www.myscheme.gov.in/schemes/sascste
Puducherry,Scheme for Marketing Organisations,State,"Insurance, accident & death help",yes,"Banking,Financial Services and Insurance; Business & Entrepreneurship",https://www.myscheme.gov.in/schemes/smo
Puducherry,Refinance Scheme for Acquisition of ISO 9000 Certification for SSI Unit (ISO 9000),State,"Insurance, accident & death help",yes,"Banking,Financial Services and Insurance; Business & Entrepreneurship",https://www.myscheme.gov.in/schemes/rsai9csu
Puducherry,Financial Assistance for Setting Up of Cold Storage,State,"Insurance, accident & death help",yes,"Banking,Financial Services and Insurance; Business & Entrepreneurship",https://www.myscheme.gov.in/schemes/fasucs
Puducherry,Scheme for Purchase of 4 Wheeler for Own Use,State,"Insurance, accident & death help",yes,"Banking,Financial Services and Insurance; Business & Entrepreneurship",https://www.myscheme.gov.in/schemes/sp4wou
Puducherry," ""Immediate Relief Assistance"" under ""Welfare and Relief for Fishermen During Lean Seasons and Natural Calamities Scheme""",State,"Livelihood, loans & self-employment",yes,"Agriculture,Rural & Environment; Social welfare & Empowerment",https://www.myscheme.gov.in/schemes/ira-wrflsncs
Puducherry,Grant Of Incentive For Marriage Between Differently Abled Person And Normal Persons,State,Health & disability,yes,Social welfare & Empowerment,https://www.myscheme.gov.in/schemes/gimbdapnp
Puducherry,"Lean Season Assistance under ""Welfare and Relief for Fishermen During Lean Seasons and Natural Calamities Scheme""",State,"Food, LPG & ration",yes,"Agriculture,Rural & Environment; Social welfare & Empowerment",https://www.myscheme.gov.in/schemes/wrflsncs-lsa
Puducherry,Grant of Incentive for Marriage Between Differently Abled Person,State,Health & disability,yes,Social welfare & Empowerment,https://www.myscheme.gov.in/schemes/gimdap
Puducherry,Financial Assistance to Scheduled Castes for Funeral Rites,State,"Insurance, accident & death help",yes,Social welfare & Empowerment,https://www.myscheme.gov.in/schemes/fascfr
Puducherry,Marriage Assistance Scheme (PBAOCWWB),State,"Women, marriage & maternity",yes,Social welfare & Empowerment,https://www.myscheme.gov.in/schemes/ma-pbaocwwb
Puducherry,"""Fishing Ban Period Assistance"" under ""Welfare and Relief for Fishermen During Lean Seasons and Natural Calamities Scheme""",State,"Livelihood, loans & self-employment",yes,"Agriculture,Rural & Environment; Social welfare & Empowerment",https://www.myscheme.gov.in/schemes/wrflsncs-fbps
Puducherry,Grant of Incentive to the Family having One Girl/Two Girl Children and Parents who have undergone Family Planning,State,"Women, marriage & maternity",yes,Women and Child; Social welfare & Empowerment,https://www.myscheme.gov.in/schemes/gifogc-fp
Puducherry,Grant of Subsidy for Purchase of Mangalyam to the Bridegroom of Weaker Section,State,"Women, marriage & maternity",yes,Social welfare & Empowerment,https://www.myscheme.gov.in/schemes/gspmbws
Puducherry,"“Family Counseling"" under Grant-in-Aid to Pondicherry State Social Welfare Board",State,Workers' welfare boards & labour,yes,Social welfare & Empowerment; Health & Wellness,https://www.myscheme.gov.in/schemes/fc-giapswb
Puducherry,"""Immediate Death Relief Assistance"" under ""Welfare and Relief for Fishermen During Lean Seasons and Natural Calamities Scheme""",State,"Livelihood, loans & self-employment",yes,"Agriculture,Rural & Environment; Social welfare & Empowerment",https://www.myscheme.gov.in/schemes/wrflsncs-idra
Puducherry,Grant of Financial Assistance to the Poor Parents Having Only One Girl Child Who is Studying 8th to 10th Standard,State,Not for workers: students & education,no,Social welfare & Empowerment; Women and Child,https://www.myscheme.gov.in/schemes/gfapphoogcws81s
Puducherry,Free Supply of Rice to the Poor People,State,"Food, LPG & ration",yes,Social welfare & Empowerment,https://www.myscheme.gov.in/schemes/fsrpp
Puducherry,Incentive Award to Inter-Caste Married Couples,State,"Not for workers: sports, arts, awards",no,Social welfare & Empowerment,https://www.myscheme.gov.in/schemes/iaicmc
Puducherry,Grant of Subsidy For Setting up of Ice-Plant /Cold Storage/Fish Processing Unit,State,"Livelihood, loans & self-employment",yes,"Transport & Infrastructure; Agriculture,Rural & Environment",https://www.myscheme.gov.in/schemes/gsis-icfsfpu
Puducherry,"""Grant to Coir Cluster/Societies/Agency"" Component of the ""Development of Coir"" Scheme",State,"Livelihood, loans & self-employment",yes,Business & Entrepreneurship,https://www.myscheme.gov.in/schemes/gccsa-dc
Puducherry,"'Financial Assistance for Setting Up of Sales Emporia by Industrial Associations, Handicrafts Societies and Recognized Institutions' under 'Marketing And Publicity'",State,Other,no,Business & Entrepreneurship,https://www.myscheme.gov.in/schemes/fasuseiahsri-mp
Puducherry,"""Grant to Subsidy for Raw Materials Procurement"" Component of the ""Development of Coir"" Scheme",State,"Livelihood, loans & self-employment",yes,Business & Entrepreneurship,https://www.myscheme.gov.in/schemes/gsrmp-dc
Puducherry,"""Capital Investment Subsidy: SC/ST/Women Entrepreneurs"" Component of the ""Motivation of Entrepreneurs to Start Industries and Fiscal Assistance to Industries"" Scheme",State,Other,no,Business & Entrepreneurship,https://www.myscheme.gov.in/schemes/cisscstwe-mesifai
Puducherry,"""Generator Subsidy"" under ""Motivation of Entrepreneurs to Start Industries and Fiscal Assistance to Industries - Various Incentives""",State,Other,no,Business & Entrepreneurship,https://www.myscheme.gov.in/schemes/gs-mesifai-vi
Puducherry,"Grant-in-Aid to Non-governmental Organisations Running Residential Homes for the Children, Aged, and Vulnerable Persons Under Social Defence",State,Not for workers: honour & service pensions,no,Housing & Shelter; Social welfare & Empowerment; Utility & Sanitation,https://www.myscheme.gov.in/schemes/giatngorhcavpusd
Puducherry,Grant of Stipend to the Differently Abled Trainees of the Vocational Training Institutes,State,Not for workers: students & education,no,Education & Learning; Skills & Employment; Social welfare & Empowerment,https://www.myscheme.gov.in/schemes/gsdatvti
Puducherry,Grant-in-aid to Non-governmental Organisations,State,Other,no,Social welfare & Empowerment,https://www.myscheme.gov.in/schemes/giango
Puducherry,"'Organizing/ Participation in Exhibitions /Trade Fairs /Expo /Seminars /Investors Meets, etc' under 'Marketing And Publicity'",State,Other,no,Business & Entrepreneurship,https://www.myscheme.gov.in/schemes/opetfesime-mp
Puducherry,"""Interest Subsidy"" under ""Motivation of Entrepreneurs to Start Industries and Fiscal Assistance to Industries""",State,"Livelihood, loans & self-employment",yes,Business & Entrepreneurship,https://www.myscheme.gov.in/schemes/is-mesifai
Puducherry,"""Subsidy for Quality Certification"" under ""Motivation of Entrepreneurs to Start Industries and Fiscal Assistance to Industries - Various incentives""",State,Other,no,Business & Entrepreneurship,https://www.myscheme.gov.in/schemes/sqc-mesifai-vi
Puducherry,"""Market Development Support Assistance"" under ""Motivation of Entrepreneurs to Start Industries and Fiscal Assistance to Industries - Various Incentives""",State,Other,no,Business & Entrepreneurship,https://www.myscheme.gov.in/schemes/mdsa-mesifai-vi
Puducherry,"""Infrastructure Development Subsidy (For IT/ITES)"" under ""Motivation of Entrepreneurs to Start Industries and Fiscal Assistance to Capital Intensive Industries""",State,Other,no,Business & Entrepreneurship; Transport & Infrastructure,https://www.myscheme.gov.in/schemes/ids-mesifa-cii
Puducherry,"""Assistance for Technology Acquisition"" under ""Motivation of Entrepreneurs to Start Industries and Fiscal Assistance to Capital Intensive Industries""",State,Other,no,Business & Entrepreneurship,https://www.myscheme.gov.in/schemes/ata-mesifa-cii
Puducherry,"""Outstanding Entrepreneur"" under “Motivation of Entrepreneurs to Start Industries and Fiscal Assistance to Industries - State Awards to Micro, Small and Medium Enterprises”",State,"Not for workers: sports, arts, awards",no,Business & Entrepreneurship,https://www.myscheme.gov.in/schemes/oe-mesifai-sa-msme
Puducherry,"""Outstanding SC/ST Entrepreneur"" under “Motivation of Entrepreneurs to Start Industries and Fiscal Assistance to Industries - State Awards to Micro, Small and Medium Enterprises”",State,"Not for workers: sports, arts, awards",no,Business & Entrepreneurship; Social welfare & Empowerment,https://www.myscheme.gov.in/schemes/oscste-mesifai-sa-msme
Puducherry,"""Green and Eco-Friendly Measures"" under “Motivation of Entrepreneurs to Start Industries and Fiscal Assistance to Industries - State Awards to Micro, Small and Medium Enterprises”",State,"Not for workers: sports, arts, awards",no,"Business & Entrepreneurship; Agriculture,Rural & Environment",https://www.myscheme.gov.in/schemes/gefm-mesifai-sa-msme
Puducherry,"""Assistance for Energy and Water Conservation"" under ""Motivation of Entrepreneurs to Start Industries and Fiscal Assistance to Industries - Various Incentives""",State,Other,no,Business & Entrepreneurship,https://www.myscheme.gov.in/schemes/aewc-mesifai-vi
Puducherry,Maintenance Grant to Institutions and Organizations Engaged in Cultural Activities,State,"Not for workers: sports, arts, awards",no,Sports & Culture; Business & Entrepreneurship,https://www.myscheme.gov.in/schemes/mgioeca
Puducherry,Grant of Subsidy for Purchase of Mobile Sea Food Van,State,"Food, LPG & ration",yes,"Agriculture,Rural & Environment; Transport & Infrastructure",https://www.myscheme.gov.in/schemes/gspmsfv
Puducherry,'Rent Subsidy for Sales Emporia Established by Handicrafts / Micro & Small Industries Emporium' under 'Marketing And Publicity',State,Other,no,Business & Entrepreneurship,https://www.myscheme.gov.in/schemes/rsseehmsie-mp
Puducherry,"'Grant-in-Aid to Industrial Association, CII, Industrial NGOs for Promotion of SME Clusters' under 'Marketing And Publicity' ",State,Other,no,Business & Entrepreneurship,https://www.myscheme.gov.in/schemes/giaiacinpsc
Puducherry,"""Grant of Margin Money for Availing Capital Loan"" Component of the ""Development of Coir"" Scheme",State,Other,no,Business & Entrepreneurship,https://www.myscheme.gov.in/schemes/gmmacl-dc
Puducherry,"""Management Training"" Component of the ""Development of Industries"" Scheme",State,Other,no,Skills & Employment,https://www.myscheme.gov.in/schemes/mt-pudu
Puducherry,"Capital Investment Subsidy: Thrust Area Industries"" under ""Motivation of Entrepreneurs to Start Industries and Fiscal Assistance to Industries""",State,"Livelihood, loans & self-employment",yes,Business & Entrepreneurship,https://www.myscheme.gov.in/schemes/cistai-mesifai
Puducherry,"""Interest Subsidy (For Micro, Small, Medium and Large New Industries)"" under ""Motivation of Entrepreneurs to Start Industries and Fiscal Assistance to Industries - Various Incentives""",State,"Livelihood, loans & self-employment",yes,Business & Entrepreneurship,https://www.myscheme.gov.in/schemes/is-mesifai-vi
Puducherry,"""Subsidy to Pollution Control Equipment"" under ""Motivation of Entrepreneurs to Start Industries and Fiscal Assistance to Capital Intensive Industries""",State,"Livelihood, loans & self-employment",yes,Business & Entrepreneurship,https://www.myscheme.gov.in/schemes/spce-mesifa-cii
Puducherry,"""Capital Investment Subsidy (for New and Existing Industries)"" under ""Motivation of Entrepreneurs to Start Industries and Fiscal Assistance to Capital Intensive Industries""",State,Other,no,Business & Entrepreneurship,https://www.myscheme.gov.in/schemes/cis-mesifa-cii
Puducherry,Motivation of Entrepreneurs and Financial Assistance for Rehabilitation of Sick Industries,State,"Livelihood, loans & self-employment",yes,Business & Entrepreneurship,https://www.myscheme.gov.in/schemes/mefarsi
Puducherry,"""Grant of Margin Money for Availing the Capital Loan"" Component of the ""Development of Silk"" Scheme",State,"Livelihood, loans & self-employment",yes,Business & Entrepreneurship,https://www.myscheme.gov.in/schemes/gmmacl-ds
Puducherry,"""Grant to Silk Societies/Agency"" Component of the ""Development of Silk"" Scheme",State,"Livelihood, loans & self-employment",yes,Business & Entrepreneurship,https://www.myscheme.gov.in/schemes/gssa-ds
Puducherry,Sales Rebate under 'Marketing And Publicity',State,Other,no,Business & Entrepreneurship,https://www.myscheme.gov.in/schemes/srmp
Puducherry,"""Capital Investment Subsidy: Physically Handicapped Persons/ Ex-Servicemen"" under ""Motivation of Entrepreneurs to Start Industries and Fiscal Assistance to Industries""",State,Not for workers: honour & service pensions,no,Business & Entrepreneurship,https://www.myscheme.gov.in/schemes/cisphpes-mesifai
Puducherry,"""Rent Subsidy"" under ""Motivation of Entrepreneurs to Start Industries and Fiscal Assistance to Industries""",State,"Livelihood, loans & self-employment",yes,Business & Entrepreneurship,https://www.myscheme.gov.in/schemes/rs-mesifai
Puducherry,"""Generator Subsidy"" under ""Motivation of Entrepreneurs to Start Industries and Fiscal Assistance to Industries""",State,Other,no,Business & Entrepreneurship,https://www.myscheme.gov.in/schemes/gs-mesifai
Puducherry,"""Employment Incentive"" under ""Motivation of Entrepreneurs to Start Industries and Fiscal Assistance to Industries""",State,"Livelihood, loans & self-employment",yes,Business & Entrepreneurship,https://www.myscheme.gov.in/schemes/ei-mesifai
Puducherry,"""Assistance for Intellectual Property Protection Support"" under ""Motivation of Entrepreneurs to Start Industries and Fiscal Assistance to Industries - Various Incentives""",State,Other,no,Business & Entrepreneurship,https://www.myscheme.gov.in/schemes/aipps-mesifai-vi
Puducherry,"""Outstanding Exporter"" under “Motivation of Entrepreneurs to Start Industries and Fiscal Assistance to Industries - State Awards to Micro, Small and Medium Enterprises”",State,"Not for workers: sports, arts, awards",no,Business & Entrepreneurship,https://www.myscheme.gov.in/schemes/oexp-mesifai-sa-msme
Puducherry,"Scheme of Financial Assistance for Cultural Organization for Holding Conference, Seminar, Symposium, Exhibition, Festival, Competition etc.",State,"Not for workers: sports, arts, awards",no,Sports & Culture; Business & Entrepreneurship; Social welfare & Empowerment,https://www.myscheme.gov.in/schemes/sfacohcssefc
Puducherry,"""Grant To Handicrafts Societies"" Component of the ""Development of Handicrafts"" Scheme",State,"Livelihood, loans & self-employment",yes,Business & Entrepreneurship,https://www.myscheme.gov.in/schemes/ghs-pudu
Puducherry,"""Exhibition"" Component of the ""Development Of Handicrafts"" Scheme",State,"Livelihood, loans & self-employment",yes,Business & Entrepreneurship,https://www.myscheme.gov.in/schemes/ecdhs
Puducherry,"""Capital Investment Subsidy: Information Technology (IT) / Information Technology Enabled Services (ITES) Industries"" under ""Motivation of Entrepreneurs to Start Industries and Fiscal Assistance to Industries""",State,"Food, LPG & ration",yes,"Business & Entrepreneurship; Science, IT & Communications",https://www.myscheme.gov.in/schemes/cisitites-mesifai
Puducherry,"""Capital Investment Subsidy: 5% Additional Capital Investment Subsidy to Karaikal Region"" under ""Motivation of Entrepreneurs to Start Industries and Fiscal Assistance to Industries""",State,Other,no,Business & Entrepreneurship,https://www.myscheme.gov.in/schemes/cis5aciskr-mesifai
Puducherry,"""Infrastructure Subsidy"" under ""Motivation of Entrepreneurs to Start Industries and Fiscal Assistance to Industries""",State,Other,no,Business & Entrepreneurship; Transport & Infrastructure,https://www.myscheme.gov.in/schemes/infs-mesifai
Puducherry,"""Employment Incentive"" under ""Motivation of Entrepreneurs to Start Industries and Fiscal Assistance to Industries - Various Incentives""",State,"Livelihood, loans & self-employment",yes,Business & Entrepreneurship,https://www.myscheme.gov.in/schemes/ei-mesifai-vi
Puducherry,"""Innovation in Technology [Product (or) Process]"" under “Motivation of Entrepreneurs to Start Industries and Fiscal Assistance to Industries - State Awards to Micro, Small and Medium Enterprises”",State,"Not for workers: sports, arts, awards",no,Business & Entrepreneurship,https://www.myscheme.gov.in/schemes/itpp-mesifai-sa-msme
Puducherry,Distribution of Horticulture Kit to Urban and Rural Areas,State,"Livelihood, loans & self-employment",yes,"Agriculture,Rural & Environment",https://www.myscheme.gov.in/schemes/dhkura
Haryana,Old Age Samman Allowance,State,"Not for workers: sports, arts, awards",no,Social welfare & Empowerment,https://www.myscheme.gov.in/schemes/oasas
Haryana,Dr. Ambedkar Medhavi Chattar Sansodhit Yojna,State,Not for workers: students & education,no,Social welfare & Empowerment,https://www.myscheme.gov.in/schemes/amcsy
Haryana,Legal Aid To Scheduled Castes And Vimukat Jatis Scheme,State,Other,no,Social welfare & Empowerment,https://www.myscheme.gov.in/schemes/lascvjs
Haryana,Aapki Beti Hamari Beti,State,"Women, marriage & maternity",yes,Social welfare & Empowerment,https://www.myscheme.gov.in/schemes/abhb
Haryana,Financial Assistance To Destitute Children Scheme,State,Pensions,yes,Social welfare & Empowerment,https://www.myscheme.gov.in/schemes/fadcs
Haryana,Financial Assistance To Non-School Going Disabled Children Scheme,State,Not for workers: students & education,no,Social welfare & Empowerment,https://www.myscheme.gov.in/schemes/fansgdcs
Haryana,Allowance To Eunuchs Scheme,State,Other,no,Social welfare & Empowerment,https://www.myscheme.gov.in/schemes/aes
Haryana,Grant For Purchase Of Tools (HBOCWWB),State,Workers' welfare boards & labour,yes,Social welfare & Empowerment,https://www.myscheme.gov.in/schemes/gpt-hbocwwb
Haryana,Financial Assistance for Self-Marriage of Registered Women Workers (HBOCWWB),State,Workers' welfare boards & labour,yes,Social welfare & Empowerment; Women and Child,https://www.myscheme.gov.in/schemes/fasmrwwhbocwwb
Haryana,Mukhya Mantri Mahila Nirman Shramik Sammaan Yojana (HBOCWWB),State,Workers' welfare boards & labour,yes,Women and Child; Social welfare & Empowerment,https://www.myscheme.gov.in/schemes/mmmnssyhbocwwb
Haryana,Kanyadaan Scheme (HBOCWWB),State,Workers' welfare boards & labour,yes,Social welfare & Empowerment; Women and Child,https://www.myscheme.gov.in/schemes/kshbocwwb
Haryana,Family Pension (HBOCWWB),State,Pensions,yes,Social welfare & Empowerment,https://www.myscheme.gov.in/schemes/haryana-building-and-other-construction-workers-welfare-board
Haryana,Sewing Machine Scheme- Haryana Labour Welfare Board,State,Workers' welfare boards & labour,yes,Women and Child; Social welfare & Empowerment,https://www.myscheme.gov.in/schemes/sms-hlwb
Haryana,Disability (Due to Accident or Other Reason) Scheme- Haryana Labour Welfare Board,State,Workers' welfare boards & labour,yes,Social welfare & Empowerment,https://www.myscheme.gov.in/schemes/daors-hlwb
Haryana,Financial Assistance to Persons Suffering from Rare Diseases,State,Other,no,Social welfare & Empowerment,https://www.myscheme.gov.in/schemes/fapsrd
Haryana,Subsidy for Disabled Young Professionals,State,Health & disability,yes,Business & Entrepreneurship,https://www.myscheme.gov.in/schemes/sdyp
Haryana,Silicosis Rehabilitation Pension- Haryana Silicosis Board,State,Pensions,yes,Social welfare & Empowerment,https://www.myscheme.gov.in/schemes/srp-hsb
Haryana,Small Business in Service/Trading Sector for Persons with Disabilities (Divyangjan Swavalamban Yojana),State,"Insurance, accident & death help",yes,"Banking,Financial Services and Insurance; Business & Entrepreneurship",https://www.myscheme.gov.in/schemes/sbstspddsy
Haryana,Laghu Vyavassay Scheme,State,"Food, LPG & ration",yes,Business & Entrepreneurship,https://www.myscheme.gov.in/schemes/lvsh
Haryana,Agricultural Activities for Persons with Disabilities,State,Health & disability,yes,"Agriculture,Rural & Environment; Business & Entrepreneurship",https://www.myscheme.gov.in/schemes/aapd
Haryana,Additional Pension to 100% Disabled Ex-Serviceman having Children,State,Not for workers: honour & service pensions,no,Social welfare & Empowerment,https://www.myscheme.gov.in/schemes/apdesmc
Haryana,Additional Pension to Widow of Ex-Serviceman having Children ,State,Not for workers: honour & service pensions,no,Social welfare & Empowerment; Women and Child,https://www.myscheme.gov.in/schemes/apwesmc
Haryana,Marriage Grant for the Marriage of the Daughter of War Disabled Ex-Servicemen above 50% Disability,State,Not for workers: honour & service pensions,no,Social welfare & Empowerment; Women and Child,https://www.myscheme.gov.in/schemes/mgmdwdesmd
Haryana,Marriage Grant to War Widows’ Daughters of Ex-Servicemen,State,Not for workers: honour & service pensions,no,Social welfare & Empowerment; Women and Child,https://www.myscheme.gov.in/schemes/mgwwdesm
Haryana,Financial Assistance to Disabled Ex-Servicemen,State,Not for workers: honour & service pensions,no,Social welfare & Empowerment,https://www.myscheme.gov.in/schemes/fadesm
Haryana,Financial Assistance to War Widows of Defence Forces,State,Not for workers: honour & service pensions,no,Social welfare & Empowerment; Women and Child,https://www.myscheme.gov.in/schemes/fawwdf
Haryana,Scheme of Post Matric Scholarship to Lower Income Group Student for Studies in India,State,Not for workers: students & education,no,Education & Learning,https://www.myscheme.gov.in/schemes/pmslig
Haryana,Financial Assistance to Widower and Unmarried Persons Scheme : For Unmarried,State,"Women, marriage & maternity",yes,Social welfare & Empowerment,https://www.myscheme.gov.in/schemes/faups
Haryana,Schemes for welfare of School Children belonging to BPL and BC(A) families: Monthly Stipend for BPL Students,State,Not for workers: students & education,no,Education & Learning,https://www.myscheme.gov.in/schemes/wcbpls
Haryana,Deen Dayal Upadhyaya Antyodaya Parivar Suraksha Yojana (DAYALU-II),State,Health & disability,yes,Social welfare & Empowerment,https://www.myscheme.gov.in/schemes/dayalu-ii
Haryana,Bhavantar Bharpai Yojana,State,Farmers & agriculture,yes,"Agriculture,Rural & Environment",https://www.myscheme.gov.in/schemes/bvby
Haryana,Varanasi and Amritsar Yatra Scheme,State,Other,no,Travel & Tourism,https://www.myscheme.gov.in/schemes/svayhr
Haryana,Pradhan Mantri Matsya Sampada Yojana: Medium Scale Ornamental Fish Rearing Unit (Fresh Water) - Haryana,State,"Livelihood, loans & self-employment",yes,"Agriculture,Rural & Environment",https://www.myscheme.gov.in/schemes/msofru
Haryana,PMMSY: Fish Feed Plants of Production Capacity of at least 100 Ton/Day - Haryana,State,"Livelihood, loans & self-employment",yes,"Agriculture,Rural & Environment; Business & Entrepreneurship; Social welfare & Empowerment",https://www.myscheme.gov.in/schemes/sffppc
Haryana,PMMSY: Establishment of New Freshwater Fin Fish Hatcheries-Haryana,State,"Livelihood, loans & self-employment",yes,"Agriculture,Rural & Environment",https://www.myscheme.gov.in/schemes/enffhr
Haryana,PMMSY: Live Fish Vending Centres Scheme - Haryana,State,"Livelihood, loans & self-employment",yes,"Agriculture,Rural & Environment",https://www.myscheme.gov.in/schemes/lfvcs
Haryana,Scheme for the Welfare of Schedule Caste Families in Fisheries Sector: Subsidy on Annual Auction of Notified Waters,State,"Livelihood, loans & self-employment",yes,"Agriculture,Rural & Environment",https://www.myscheme.gov.in/schemes/faotaaonw
Haryana,Testing Equipment Scheme,State,"Insurance, accident & death help",yes,"Business & Entrepreneurship; Banking,Financial Services and Insurance",https://www.myscheme.gov.in/schemes/tes
Haryana,Protection Against Domestic Violence,State,Other,no,"Women and Child; Public Safety,Law & Justice",https://www.myscheme.gov.in/schemes/padv
Haryana,Mahila Adhikarita Yojana under NSKFDC- Haryana,State,"Women, marriage & maternity",yes,Business & Entrepreneurship; Women and Child,https://www.myscheme.gov.in/schemes/maynskfdc-h
Haryana,Tailoring Training To Scheduled Caste & Backward Classes Widows/Destitute Women/Girls,State,Not for workers: students & education,no,Social welfare & Empowerment; Women and Child,https://www.myscheme.gov.in/schemes/ttscandbc
Haryana,Pension to Widows and Destitute Women,State,Pensions,yes,Social welfare & Empowerment; Women and Child,https://www.myscheme.gov.in/schemes/ptwadw
Haryana,Scholarship To Scheduled Castes Students Studying In Government ITI’s,State,Not for workers: students & education,no,Social welfare & Empowerment; Education & Learning,https://www.myscheme.gov.in/schemes/sscssgi
Haryana,Financial Assistance For Education Of Children Of Registered Worker (HBOCWWB),State,Not for workers: students & education,no,Social welfare & Empowerment; Education & Learning,https://www.myscheme.gov.in/schemes/faecrw-hbocwwb
Haryana,Sindhu Dharshan Yatra Scheme 2016,State,Other,no,Travel & Tourism; Social welfare & Empowerment,https://www.myscheme.gov.in/schemes/sdys2016
Haryana,Financial Assistance for Treatment of Chronic Diseases (HBOCWWB),State,Workers' welfare boards & labour,yes,Health & Wellness,https://www.myscheme.gov.in/schemes/fatcdhbocwwb
Haryana,Bicycle Scheme- Haryana Labour Welfare Board,State,Workers' welfare boards & labour,yes,Social welfare & Empowerment,https://www.myscheme.gov.in/schemes/bs-hlwb
Haryana,Financial Assistance to Widow/Dependent in case of Death of a Worker- Haryana Labour Welfare Board,State,Workers' welfare boards & labour,yes,Social welfare & Empowerment,https://www.myscheme.gov.in/schemes/fawddwhlwb
Haryana,Scheme for Conservation and Development of Indigenous Cattle and Murrah Development,State,Farmers & agriculture,yes,"Agriculture,Rural & Environment",https://www.myscheme.gov.in/schemes/scdicmd
Haryana,Financial Assistance for Stage III & IV Cancer Patients,State,Pensions,yes,Social welfare & Empowerment,https://www.myscheme.gov.in/schemes/fasiiiaivcp
Haryana,Scheme for Establishment of Hi-Tech and Mini Dairy Units,State,"Livelihood, loans & self-employment",yes,"Agriculture,Rural & Environment",https://www.myscheme.gov.in/schemes/sehtmdu
Haryana,Scheme for Providing Employment Opportunities to Scheduled Castes by Establishing Livestock Units,State,"Livelihood, loans & self-employment",yes,"Agriculture,Rural & Environment",https://www.myscheme.gov.in/schemes/speoscelu
Haryana,Scheme for Providing Employment Opportunities to Scheduled Castes by Establishing Livestock Units under Mukhya Mantri Antyodaya Parivaar Utthan Yojana,State,"Livelihood, loans & self-employment",yes,"Agriculture,Rural & Environment",https://www.myscheme.gov.in/schemes/speoselummapuy
Haryana,Scheme for Establishment of Backyard Poultry Units,State,Farmers & agriculture,yes,"Agriculture,Rural & Environment",https://www.myscheme.gov.in/schemes/sebpu
Haryana,Saksham Scheme for Backward Classes,State,"Insurance, accident & death help",yes,"Banking,Financial Services and Insurance; Business & Entrepreneurship",https://www.myscheme.gov.in/schemes/ssbc
Haryana,Financial Assistive Devices for Persons with Disabilities,State,"Insurance, accident & death help",yes,"Banking,Financial Services and Insurance",https://www.myscheme.gov.in/schemes/fadpd
Haryana,Subsidy for Developing Business Premises for Persons with Disabilities,State,Health & disability,yes,Business & Entrepreneurship,https://www.myscheme.gov.in/schemes/sdbppd
Haryana,Education Loan Scheme- Credit Line 2 for Minority Community,State,Not for workers: students & education,no,"Banking,Financial Services and Insurance; Education & Learning",https://www.myscheme.gov.in/schemes/els-cl2mc
Haryana,Education Loan for Persons with Disabilities- Haryana,State,Not for workers: students & education,no,"Banking,Financial Services and Insurance",https://www.myscheme.gov.in/schemes/elpd
Haryana,Financial Assistance to Ex-Servicemen of and above the Age of 60 Years and their Widows,State,Not for workers: honour & service pensions,no,Social welfare & Empowerment,https://www.myscheme.gov.in/schemes/faesmw
Haryana,Additional Pension to Widow of Ex-Serviceman having No Child ,State,Not for workers: honour & service pensions,no,Social welfare & Empowerment; Women and Child,https://www.myscheme.gov.in/schemes/apwesmnc
Haryana,Term Loan Scheme for Backward Classes,State,"Insurance, accident & death help",yes,"Banking,Financial Services and Insurance; Business & Entrepreneurship",https://www.myscheme.gov.in/schemes/tlsbc
Haryana,Financial Assistance to WW II Veteran and Widows of WW II Veterans,State,Not for workers: honour & service pensions,no,Social welfare & Empowerment,https://www.myscheme.gov.in/schemes/fawwiivwwwiiv
Haryana,Haryana Gaurav Samman Scheme for Padma Awardees,State,"Not for workers: sports, arts, awards",no,Social welfare & Empowerment,https://www.myscheme.gov.in/schemes/hgsspa
Haryana,Financial Assistance to Widower and Unmarried Persons Scheme : For Widower,State,"Women, marriage & maternity",yes,Social welfare & Empowerment,https://www.myscheme.gov.in/schemes/fawus
Haryana,Haryana State Merit Scholarship Scheme,State,Not for workers: students & education,no,Education & Learning,https://www.myscheme.gov.in/schemes/smcsugpg
Haryana,Scheme for Relief and Rehabilitation of Women Acid Victims,State,Health & disability,yes,Women and Child,https://www.myscheme.gov.in/schemes/srrwav
Haryana,HSCST Fellowship Programme,State,Not for workers: students & education,no,Education & Learning,https://www.myscheme.gov.in/schemes/hscstfp
Haryana,PMMSY: Construction of Fish Retail Markets including Ornamental Fish/Aquarium Markets - Haryana,State,Farmers & agriculture,yes,"Agriculture,Rural & Environment; Business & Entrepreneurship",https://www.myscheme.gov.in/schemes/pmmsycrmhr
Haryana,PMMSY: Cycle with Ice Boxes-Haryana,State,"Livelihood, loans & self-employment",yes,"Agriculture,Rural & Environment",https://www.myscheme.gov.in/schemes/cwibhr
Haryana,PMMSY: Construction of New Rearing ponds - Haryana,State,"Livelihood, loans & self-employment",yes,"Agriculture,Rural & Environment",https://www.myscheme.gov.in/schemes/cnrphr
Haryana,Pradhan Mantri Matsya Sampada Yojana: Three Wheeler with Ice Box Including E-rickshaws for Fish Vending - Haryana,State,Workers' welfare boards & labour,yes,"Agriculture,Rural & Environment",https://www.myscheme.gov.in/schemes/twibierfv
Haryana,PMMSY: Provision of Polythene lining for the Construction of New ponds for Saline/Alkaline area-Haryana,State,Farmers & agriculture,yes,"Agriculture,Rural & Environment",https://www.myscheme.gov.in/schemes/pplcnpsaahr
Haryana,Education Loan Scheme for Backward Classes Haryana,State,Not for workers: students & education,no,Social welfare & Empowerment; Education & Learning,https://www.myscheme.gov.in/schemes/elsbch
Haryana,Haryana Post Matric Scholarship For Minority,State,Not for workers: students & education,no,Education & Learning,https://www.myscheme.gov.in/schemes/hpms
Haryana,Micro Credit Finance under NSKFDC- Haryana,State,"Insurance, accident & death help",yes,"Banking,Financial Services and Insurance; Business & Entrepreneurship",https://www.myscheme.gov.in/schemes/mcfnskfdc-h
Haryana,Implementation of Scheme for Providing Implements/Machinery on Subsidy to the Farmers of Scheduled Caste Category (SB-89),State,"Livelihood, loans & self-employment",yes,"Agriculture,Rural & Environment",https://www.myscheme.gov.in/schemes/ispimsfsc
Haryana,Dr. B.R. Ambedkar Awas Navinikarn Yojna,State,Housing,yes,Social welfare & Empowerment,https://www.myscheme.gov.in/schemes/braany
Haryana,Matribhasha Satyagrahi Pension Scheme,State,Pensions,yes,Social welfare & Empowerment,https://www.myscheme.gov.in/schemes/msps
Haryana,Disability Assistance For Registered Worker (HBOCWWB),State,Workers' welfare boards & labour,yes,Social welfare & Empowerment,https://www.myscheme.gov.in/schemes/darwhbocwwb
Haryana,Bicycle Scheme (HBOCWWB),State,Workers' welfare boards & labour,yes,Social welfare & Empowerment,https://www.myscheme.gov.in/schemes/bs-hbocwwb
Haryana,Financial Assistance To Disabled Children (HBOCWWB),State,Workers' welfare boards & labour,yes,Social welfare & Empowerment,https://www.myscheme.gov.in/schemes/fadc-hbocwwb
Haryana,Pension Scheme (HBOCWWB),State,Pensions,yes,Social welfare & Empowerment,https://www.myscheme.gov.in/schemes/pshbocwwb
Haryana,Medical Assistance/Wage Compensation during Illness (HBOCWWB),State,Workers' welfare boards & labour,yes,Social welfare & Empowerment,https://www.myscheme.gov.in/schemes/mawcihbocwwb
Haryana,Mukhyamantri Tirth Yatra Yojana,State,Other,no,Travel & Tourism,https://www.myscheme.gov.in/schemes/mtyy
Haryana,One Family One Job Scheme,State,"Livelihood, loans & self-employment",yes,Skills & Employment,https://www.myscheme.gov.in/schemes/ofojs
Haryana,Shilp Sampada Term Loan Scheme for Backward Classes- Haryana,State,"Insurance, accident & death help",yes,"Banking,Financial Services and Insurance; Business & Entrepreneurship",https://www.myscheme.gov.in/schemes/sstlsbc
Haryana,Term Loan Scheme- Credit Line 1 for Minority Community,State,"Insurance, accident & death help",yes,"Banking,Financial Services and Insurance; Business & Entrepreneurship",https://www.myscheme.gov.in/schemes/tls-cl1mc
Haryana,Term Loan under NSKFDC- Haryana,State,"Insurance, accident & death help",yes,"Business & Entrepreneurship; Banking,Financial Services and Insurance",https://www.myscheme.gov.in/schemes/tlnskfdch
Haryana,Mahila Samiriddhi Yojana for Minority Community,State,"Insurance, accident & death help",yes,"Banking,Financial Services and Insurance; Women and Child",https://www.myscheme.gov.in/schemes/msymc
Haryana,Marriage Grant for the Marriage of Daughters of Widows of Ex-servicemen (other than War Widows),State,Not for workers: honour & service pensions,no,Social welfare & Empowerment; Women and Child,https://www.myscheme.gov.in/schemes/mgmdwesmww
Haryana,Haryana State Meritorious Incentive Scheme,State,Not for workers: students & education,no,Education & Learning,https://www.myscheme.gov.in/schemes/hsmis
Haryana,"Centrally Sponsored Scheme of Post-Matric Scholarship for OBC, EBC  and DNT Students for studying in India",State,Not for workers: students & education,no,Education & Learning,https://www.myscheme.gov.in/schemes/pmsoeds
Haryana,IT Saksham Yuva Scheme ,State,"Food, LPG & ration",yes,"Science, IT & Communications; Skills & Employment",https://www.myscheme.gov.in/schemes/itsys
Haryana,Rajiv Gandhi Scholarship Scheme,State,Not for workers: students & education,no,Education & Learning,https://www.myscheme.gov.in/schemes/eees
Haryana,Integrated Horticulture Development Plan Scheme for Scheduled Caste Families,State,"Livelihood, loans & self-employment",yes,"Agriculture,Rural & Environment",https://www.myscheme.gov.in/schemes/ihdpsscf
Haryana,PMMSY: Ice Plant/Cold Store of Minimum 30-Ton Capacity - Haryana,State,"Livelihood, loans & self-employment",yes,"Agriculture,Rural & Environment; Business & Entrepreneurship; Social welfare & Empowerment",https://www.myscheme.gov.in/schemes/sfipcs
Haryana,Green Business Scheme - Haryana,State,Workers' welfare boards & labour,yes,"Business & Entrepreneurship; Banking,Financial Services and Insurance",https://www.myscheme.gov.in/schemes/gbshr
Haryana,PMMSY: Construction of Fish Kiosks Including Kiosks of Aquarium/Ornamental Fish-Haryana,State,"Livelihood, loans & self-employment",yes,"Agriculture,Rural & Environment; Skills & Employment",https://www.myscheme.gov.in/schemes/scfkikaofhr
Haryana,"PMMSY: Inputs for fresh water Aquaculture including Composite fish culture, Scampi, Pangasius, Tilapia etc - Haryana",State,"Livelihood, loans & self-employment",yes,"Agriculture,Rural & Environment; Business & Entrepreneurship",https://www.myscheme.gov.in/schemes/sfiffwa
Haryana,"Subsidy on Rehri alongwith (Stove, Gas Chulha, Utensil etc.) for the Fish/Fish Product Sale",State,"Livelihood, loans & self-employment",yes,Social welfare & Empowerment; Skills & Employment,https://www.myscheme.gov.in/schemes/rehrihr
Haryana,PMMSY: Construction of New ponds for Saline /Alkaline areas-Haryana,State,"Livelihood, loans & self-employment",yes,"Agriculture,Rural & Environment",https://www.myscheme.gov.in/schemes/scnpsaahr
Haryana,PMMSY: Construction of New Grow Out Ponds - Haryana,State,"Livelihood, loans & self-employment",yes,"Agriculture,Rural & Environment",https://www.myscheme.gov.in/schemes/cngophr
Haryana,Scheme for the Welfare of Schedule Caste Families in Fisheries Sector: Subsidy on 2nd Year to 5th Year Lease Money,State,"Livelihood, loans & self-employment",yes,"Agriculture,Rural & Environment",https://www.myscheme.gov.in/schemes/so2yt5ylm
Haryana,Individual loaning scheme: Haryana Women Development Corporation,State,"Insurance, accident & death help",yes,"Women and Child; Banking,Financial Services and Insurance",https://www.myscheme.gov.in/schemes/ilshrwcd
Haryana,Subsidized Scheme for Widows: Haryana Women Development Corporation,State,"Insurance, accident & death help",yes,"Women and Child; Banking,Financial Services and Insurance",https://www.myscheme.gov.in/schemes/sswhrwcd
Haryana,Professional and Self Employment Scheme (HSFDC),State,"Insurance, accident & death help",yes,"Banking,Financial Services and Insurance; Business & Entrepreneurship",https://www.myscheme.gov.in/schemes/pseshsfdc
Haryana,Dairy Farming Scheme (HSFDC),State,"Insurance, accident & death help",yes,"Banking,Financial Services and Insurance; Business & Entrepreneurship",https://www.myscheme.gov.in/schemes/dfshsfdc
Haryana,Industrial Sector Scheme (HSFDC),State,"Insurance, accident & death help",yes,"Banking,Financial Services and Insurance; Business & Entrepreneurship",https://www.myscheme.gov.in/schemes/isshsfdc
Haryana,Allowance To Dwarf,State,Other,no,Social welfare & Empowerment,https://www.myscheme.gov.in/schemes/atd
Haryana,Mukhya Mantri Vivah Shagun Yojna,State,"Not for workers: sports, arts, awards",no,Social welfare & Empowerment; Women and Child,https://www.myscheme.gov.in/schemes/mmvsy
Haryana,Haryana Divyang Pension Scheme,State,Pensions,yes,Social welfare & Empowerment,https://www.myscheme.gov.in/schemes/hdps
Haryana,Dr. Ambedkar Medical Aid Scheme (Revised – 2009),State,Health & disability,yes,Health & Wellness; Social welfare & Empowerment,https://www.myscheme.gov.in/schemes/amas-haryana
Haryana,Rajiv Gandhi Family Insurance Scheme,State,"Insurance, accident & death help",yes,Social welfare & Empowerment,https://www.myscheme.gov.in/schemes/rgfis
Haryana,Media Person Pension Scheme,State,Pensions,yes,Social welfare & Empowerment,https://www.myscheme.gov.in/schemes/mpps
Haryana,Financial Assistance On Marriage Of Children (HBOCWWB),State,Workers' welfare boards & labour,yes,Social welfare & Empowerment,https://www.myscheme.gov.in/schemes/famc-hbocwwb
Haryana,Maternity Benefit Scheme (HBOCWWB),State,Workers' welfare boards & labour,yes,Social welfare & Empowerment; Women and Child,https://www.myscheme.gov.in/schemes/mbs-hbocwwb
Haryana,Swaran Jayanti Guru Darshan Yatra Scheme 2016,State,Other,no,Travel & Tourism; Social welfare & Empowerment,https://www.myscheme.gov.in/schemes/sjgdys2016
Haryana,Kailash Mansarovar Yatra Scheme 2016,State,Other,no,Travel & Tourism; Social welfare & Empowerment,https://www.myscheme.gov.in/schemes/kmys2016
Haryana,Haryana Shubhra Jyotsna Pension Scheme,State,Pensions,yes,Social welfare & Empowerment,https://www.myscheme.gov.in/schemes/hsjps
Haryana,Sewing Machine Scheme (HBOCWWB),State,Workers' welfare boards & labour,yes,Social welfare & Empowerment; Women and Child,https://www.myscheme.gov.in/schemes/smshbocwwb
Haryana,Incentive for Purchase of Electric Scooter for the Daughter of a Registered Construction Worker (HBOCWWB),State,Not for workers: students & education,no,Social welfare & Empowerment; Women and Child,https://www.myscheme.gov.in/schemes/ipesdrcwhbocwwb
Haryana,Mukhya Mantri Samajik Suraksha Yojana: Death & Funeral Assistance (HBOCWWB),State,Workers' welfare boards & labour,yes,Social welfare & Empowerment,https://www.myscheme.gov.in/schemes/mmssydfahbocwwb
Haryana,Leave Travel Concession Scheme- Haryana Labour Welfare Board,State,Workers' welfare boards & labour,yes,Travel & Tourism,https://www.myscheme.gov.in/schemes/ltcs-hlwb
Haryana,Financial Assistance for Hostel Facility in Professional/Technical Institutions (HBOCWWB),State,Not for workers: students & education,no,Housing & Shelter,https://www.myscheme.gov.in/schemes/fahfptihbocwwb
Haryana,Mukhyamantri Samajik Samrasta Antarjatiya Vivah Shagun Yojana,State,"Women, marriage & maternity",yes,Social welfare & Empowerment,https://www.myscheme.gov.in/schemes/mssavsy-haryana
Haryana,"Scheme for Providing Employment Opportunities by Establishing Piggery, Sheep and Goat Units (General)",State,"Livelihood, loans & self-employment",yes,"Agriculture,Rural & Environment",https://www.myscheme.gov.in/schemes/speoepsgug
Haryana,Scheme for Establishment of Hi-Tech and Mini Dairy Units under Mukhya Mantri Antyodaya Parivaar Utthan Yojana,State,"Livelihood, loans & self-employment",yes,"Agriculture,Rural & Environment",https://www.myscheme.gov.in/schemes/seh-tmdummapuy
Haryana,Mahila Kisan Yojana,State,"Food, LPG & ration",yes,Business & Entrepreneurship,https://www.myscheme.gov.in/schemes/mkyh
Haryana,Term Loan Scheme- Credit Line 2 for Minority Community,State,"Insurance, accident & death help",yes,"Banking,Financial Services and Insurance; Business & Entrepreneurship",https://www.myscheme.gov.in/schemes/tlscl2mc
Haryana,Education Loan Scheme- Credit Line 1 for Minority Community,State,Not for workers: students & education,no,"Banking,Financial Services and Insurance; Education & Learning",https://www.myscheme.gov.in/schemes/els-cl1mc
Haryana,Scheme for Establishment of Backyard Poultry Units under Mukhya Mantri Antyodaya Parivaar Utthan Yojana,State,Farmers & agriculture,yes,"Agriculture,Rural & Environment",https://www.myscheme.gov.in/schemes/sebpummapuy
Haryana,Shilpi Samridhi Yojana,State,"Food, LPG & ration",yes,Business & Entrepreneurship,https://www.myscheme.gov.in/schemes/ssyh
Haryana,Saksham Yuva Scheme,State,"Livelihood, loans & self-employment",yes,Skills & Employment,https://www.myscheme.gov.in/schemes/sys
Haryana,Financial Assistance to Para/Tetra/Hemi Plegic Ex-Servicemen,State,Not for workers: honour & service pensions,no,Social welfare & Empowerment,https://www.myscheme.gov.in/schemes/fappesm
Haryana,Additional Pension to 100% Disabled Ex-Serviceman having No Child,State,Not for workers: honour & service pensions,no,Social welfare & Empowerment,https://www.myscheme.gov.in/schemes/apdemnc
Haryana,State Merit Scholarship to Under Graduate Girls Students,State,Not for workers: students & education,no,Education & Learning,https://www.myscheme.gov.in/schemes/smsuggs
Haryana,Promotion of Science Education (POSE) Scholarship Scheme,State,Not for workers: students & education,no,Education & Learning,https://www.myscheme.gov.in/schemes/posess
Haryana,Mukhyamantri Bhed/Bakri (Sheep/Goat) Palak Uthan Yojana for Scheduled Castes,State,"Livelihood, loans & self-employment",yes,"Agriculture,Rural & Environment; Skills & Employment",https://www.myscheme.gov.in/schemes/mbbpuyhr
Haryana,PMMSY: Inputs for Saline /Alkaline Water Aquaculture - Haryana,State,"Livelihood, loans & self-employment",yes,"Agriculture,Rural & Environment; Business & Entrepreneurship",https://www.myscheme.gov.in/schemes/sfifsawa
Haryana,Pradhan Mantri Matsya Sampada Yojana: Establishment of Backyard mini RAS Units - Haryana,State,"Livelihood, loans & self-employment",yes,"Agriculture,Rural & Environment",https://www.myscheme.gov.in/schemes/ebmrasuhr
Haryana,Intensive Fisheries Development Programme - Subsidy on Solar System for fish/shrimp culture,State,"Livelihood, loans & self-employment",yes,"Agriculture,Rural & Environment",https://www.myscheme.gov.in/schemes/ssfschr
Haryana,PMMSY: Installation of Cages in Reservoirs Scheme - Haryana,State,"Livelihood, loans & self-employment",yes,"Agriculture,Rural & Environment",https://www.myscheme.gov.in/schemes/sfiocir
Haryana,Safety Audit,State,"Insurance, accident & death help",yes,"Banking,Financial Services and Insurance",https://www.myscheme.gov.in/schemes/sa
Haryana,New Swarnima Scheme (GBCDC),State,"Livelihood, loans & self-employment",yes,Women and Child; Business & Entrepreneurship,https://www.myscheme.gov.in/schemes/nssgbcdc
Haryana,Stamp Duty Refund,State,"Insurance, accident & death help",yes,"Banking,Financial Services and Insurance; Business & Entrepreneurship",https://www.myscheme.gov.in/schemes/sdh
Haryana,Haryana Merit Cum Means Scheme For Minority,State,Not for workers: students & education,no,Education & Learning,https://www.myscheme.gov.in/schemes/hmcms
Haryana,Poultry Farming Scheme (HSFDC),State,"Insurance, accident & death help",yes,"Business & Entrepreneurship; Banking,Financial Services and Insurance",https://www.myscheme.gov.in/schemes/pfshsfdc
Haryana,Trade and Business Sector Scheme (HSFDC),State,"Insurance, accident & death help",yes,"Banking,Financial Services and Insurance; Business & Entrepreneurship",https://www.myscheme.gov.in/schemes/tbsshsfdc
Haryana,Education Loan Scheme under NSKFDC- Haryana,State,Not for workers: students & education,no,"Banking,Financial Services and Insurance; Education & Learning",https://www.myscheme.gov.in/schemes/elsnskfdch
Haryana,Financial Assistance To Women And Girl Acid Attack Victims,State,Health & disability,yes,Social welfare & Empowerment; Women and Child,https://www.myscheme.gov.in/schemes/fawgav
Haryana,Financial Assistance Scheme For Higher Competitive/ Entrance Examination To Scheduled Castes/ Backward Classes Students,State,Not for workers: students & education,no,Education & Learning; Social welfare & Empowerment,https://www.myscheme.gov.in/schemes/fashceescbcs
Haryana,Paternity Benefit Scheme (HBOCWWB),State,Workers' welfare boards & labour,yes,Social welfare & Empowerment,https://www.myscheme.gov.in/schemes/pbs-hbocwwb
Haryana,Disability Pension For Registered Worker (HBOCWWB),State,Pensions,yes,Social welfare & Empowerment,https://www.myscheme.gov.in/schemes/dprw-hbocwwb
Haryana,Unemployment Allowance for the Educated Unemployed Youth Scheme,State,"Livelihood, loans & self-employment",yes,Skills & Employment,https://www.myscheme.gov.in/schemes/ueas
Haryana,Assistance for Purchase of House (HBOCWWB),State,Workers' welfare boards & labour,yes,"Housing & Shelter; Banking,Financial Services and Insurance",https://www.myscheme.gov.in/schemes/aphhbocwwb
Haryana,Funeral Assistance (HBOCWWB),State,Workers' welfare boards & labour,yes,Social welfare & Empowerment,https://www.myscheme.gov.in/schemes/fahbocwwb
Haryana,"Scheme for Providing Employment Opportunities by Establishing Piggery, Sheep and Goat Units (General) under Mukhya Mantri Antyodaya Parivaar Utthan Yojana",State,"Livelihood, loans & self-employment",yes,"Agriculture,Rural & Environment",https://www.myscheme.gov.in/schemes/speoepsgugmmapuy
Haryana,Widow Pension (HBOCWWB),State,Pensions,yes,Social welfare & Empowerment; Women and Child,https://www.myscheme.gov.in/schemes/wphbocwwb
Haryana,Small Industries Unit for Persons with Disabilities,State,"Insurance, accident & death help",yes,"Banking,Financial Services and Insurance; Business & Entrepreneurship",https://www.myscheme.gov.in/schemes/siupd
Haryana,Purchase of Vehicle for Commercial Hiring Purpose for Persons with Disabilities ,State,"Insurance, accident & death help",yes,"Banking,Financial Services and Insurance; Business & Entrepreneurship",https://www.myscheme.gov.in/schemes/pvcppd
Haryana,Marriage Grant to Orphan Daughter of Ex-Servicemen,State,Not for workers: honour & service pensions,no,Social welfare & Empowerment; Women and Child,https://www.myscheme.gov.in/schemes/mgodesm
Haryana,Pandit Deen Dayal Upadhyay Samoohik Pashudhan Beema Yojana,State,Farmers & agriculture,yes,"Agriculture,Rural & Environment",https://www.myscheme.gov.in/schemes/pdduspby
Haryana,Special Livestock Insurance Scheme,State,Health & disability,yes,"Agriculture,Rural & Environment; Health & Wellness",https://www.myscheme.gov.in/schemes/slisc
Haryana,Haryana State Meritorious Incentive Scheme for the Students Who Attain First Position in CBSE Annual Exams in the State,State,Not for workers: students & education,no,Education & Learning,https://www.myscheme.gov.in/schemes/hrcbsefp
Haryana,Free Books Scheme for Scheduled Caste Students Pursuing Higher Education,State,Not for workers: students & education,no,Education & Learning,https://www.myscheme.gov.in/schemes/fbsscsphe
Haryana,Consolidated Stipend Scheme for Scheduled Caste Students Pursuing Higher Education,State,Not for workers: students & education,no,Education & Learning,https://www.myscheme.gov.in/schemes/csfbscss
Haryana,e-Adhigam Scheme - Free Tablet,State,Not for workers: students & education,no,Education & Learning,https://www.myscheme.gov.in/schemes/freetablet
Haryana,Reimbursement of Tuition Fee and Transport Facility to Scheduled Castes Students Studying in Technical Institutions in Haryana,State,Not for workers: students & education,no,Education & Learning,https://www.myscheme.gov.in/schemes/rttsc
Haryana,Free Passport Scheme,State,Not for workers: students & education,no,Education & Learning; Travel & Tourism,https://www.myscheme.gov.in/schemes/freepassport
Haryana,Solar Water Heating System (Domestic Sector),State,"Livelihood, loans & self-employment",yes,"Agriculture,Rural & Environment",https://www.myscheme.gov.in/schemes/swhsds
Haryana,PMMSY: Ice Plant/Cold Store of Minimum 20-Ton Capacity - Haryana,State,"Livelihood, loans & self-employment",yes,"Agriculture,Rural & Environment; Business & Entrepreneurship; Social welfare & Empowerment",https://www.myscheme.gov.in/schemes/sfipcsomtc
Haryana,Pradhan Mantri Matsya Sampada Yojana: Medium Fish Feed Mill of Production Capacity of 8 Ton/Day,State,"Livelihood, loans & self-employment",yes,"Agriculture,Rural & Environment",https://www.myscheme.gov.in/schemes/mffmpc8tds
Haryana,PMMSY: Ice Plant/Cold Store of minimum 10-ton capacity Haryana,State,"Livelihood, loans & self-employment",yes,"Agriculture,Rural & Environment; Social welfare & Empowerment; Business & Entrepreneurship",https://www.myscheme.gov.in/schemes/sfipcsomc
Haryana,Pradhan Mantri Matsya Sampada Yojana: Motor Cycle with Ice Box - Haryana,State,"Livelihood, loans & self-employment",yes,"Agriculture,Rural & Environment; Business & Entrepreneurship",https://www.myscheme.gov.in/schemes/mcwibs
Haryana,PMMSY: Ice Plant/Cold Storage of Minimum 50-Ton Capacity - Haryana,State,Farmers & agriculture,yes,"Agriculture,Rural & Environment; Business & Entrepreneurship; Social welfare & Empowerment",https://www.myscheme.gov.in/schemes/sfipcsom
Haryana,PMMSY: Large Fish Feed Mill of Production Capacity of 20 Ton /Day Scheme - Haryana,State,"Livelihood, loans & self-employment",yes,"Agriculture,Rural & Environment",https://www.myscheme.gov.in/schemes/lffmpc20td
Haryana,PMMSY: Insulated Vehicles - Haryana,State,"Livelihood, loans & self-employment",yes,"Agriculture,Rural & Environment; Transport & Infrastructure",https://www.myscheme.gov.in/schemes/ivs
Haryana,Pradhan Mantri Matsya Sampada Yojana: Mini Fish Feed Mills of Production Capacity of 2 Ton /Day,State,"Livelihood, loans & self-employment",yes,"Agriculture,Rural & Environment",https://www.myscheme.gov.in/schemes/mffmpc2td
Haryana,Education Loan Scheme: Haryana Women Development Corporation,State,Not for workers: students & education,no,Women and Child,https://www.myscheme.gov.in/schemes/elshrwcd
Haryana,Intensive Fisheries Development Programme - Subsidy on Insurance Premium for Shrimp Crop Insurance ,State,"Livelihood, loans & self-employment",yes,"Agriculture,Rural & Environment; Banking,Financial Services and Insurance",https://www.myscheme.gov.in/schemes/soipfsci
Haryana,Scheme for the Welfare of Schedule Caste Families in Fisheries Sector: Subsidy on 1st Year Lease Money ,State,"Livelihood, loans & self-employment",yes,"Agriculture,Rural & Environment",https://www.myscheme.gov.in/schemes/so1ylm
Haryana,Sheep Rearing Scheme (HSFDC),State,"Insurance, accident & death help",yes,"Banking,Financial Services and Insurance; Business & Entrepreneurship",https://www.myscheme.gov.in/schemes/srshsfdc
Haryana,Financial Assistance for Coaching Classes (HBOCWWB),State,Not for workers: students & education,no,Education & Learning,https://www.myscheme.gov.in/schemes/facchbocwwb
Haryana,Fare for Visiting Home Town (HBOCWWB),State,Workers' welfare boards & labour,yes,Social welfare & Empowerment; Travel & Tourism,https://www.myscheme.gov.in/schemes/fvhthbocwwb
Haryana,Financial Assistance in Marriage of Women Workers or Daughters of Workers- Haryana Labour Welfare Board,State,Workers' welfare boards & labour,yes,Social welfare & Empowerment; Women and Child,https://www.myscheme.gov.in/schemes/famwwdwhlwb
Haryana,Financial Assistance for Encouraging Worker's Children's Participation in Sports Activities- Haryana Labour Welfare Board,State,"Not for workers: sports, arts, awards",no,Sports & Culture,https://www.myscheme.gov.in/schemes/faewcpsa-hlwb
Haryana,Financial Assistance for Working Women Workers or Wives of Male Workers for Maternity- Haryana Labour Welfare Board,State,Workers' welfare boards & labour,yes,Women and Child; Social welfare & Empowerment,https://www.myscheme.gov.in/schemes/fawwwwmwmhlwb
Haryana,Scholarship Scheme for Worker's Children- Haryana Labour Welfare Board,State,Not for workers: students & education,no,Education & Learning,https://www.myscheme.gov.in/schemes/sswc-hlwb
Haryana,Assistance on Death- Haryana Silicosis Board,State,"Insurance, accident & death help",yes,Social welfare & Empowerment,https://www.myscheme.gov.in/schemes/ad-hsb
Haryana,Funeral Assistance- Haryana Silicosis Board,State,"Insurance, accident & death help",yes,Social welfare & Empowerment,https://www.myscheme.gov.in/schemes/fa-hsb
Haryana,Solar Home System (Manohar Jyoti),State,"Livelihood, loans & self-employment",yes,"Agriculture,Rural & Environment",https://www.myscheme.gov.in/schemes/sms-mj
Haryana,Solar Inverter Charger,State,Housing,yes,"Agriculture,Rural & Environment",https://www.myscheme.gov.in/schemes/sic
Haryana,Death Assistance For Registered Worker (HBOCWWB),State,Workers' welfare boards & labour,yes,Social welfare & Empowerment,https://www.myscheme.gov.in/schemes/darw-hbocwwb
Haryana,Incentives for Meritorious Children (Students) of Workers (10th and 12th Class) (HBOCWWB),State,Not for workers: students & education,no,Education & Learning,https://www.myscheme.gov.in/schemes/imcsw1012chbocwwb
Haryana,"Financial Assistance to Workers with a Visually, Physically or Mentally Disabled Child- Haryana Labour Welfare Board",State,Workers' welfare boards & labour,yes,Social welfare & Empowerment,https://www.myscheme.gov.in/schemes/fawvpmdc-hlwb
Haryana,Financial Assistance for Encouraging Worker's Children's Participation in Cultural Activities- Haryana Labour Welfare Board,State,"Not for workers: sports, arts, awards",no,Sports & Culture,https://www.myscheme.gov.in/schemes/faewcpca-hlwb
Haryana,Financial Assistance for Artificial Limbs to Workers and their Dependents- Haryana Labour Welfare Board,State,Workers' welfare boards & labour,yes,Social welfare & Empowerment,https://www.myscheme.gov.in/schemes/faalwd-hlwb
Haryana,Mukhya Mantri Sharmik Surksha Yojana- Haryana Labour Welfare Board,State,Workers' welfare boards & labour,yes,Social welfare & Empowerment,https://www.myscheme.gov.in/schemes/mmssy-hlwb
Haryana,Family Pension- Haryana Silicosis Board,State,Pensions,yes,Social welfare & Empowerment,https://www.myscheme.gov.in/schemes/fp-hsb
Haryana,Family Pension- Haryana Silicosis Board,State,Pensions,yes,Social welfare & Empowerment,https://www.myscheme.gov.in/schemes/fp-hsb
Haryana,Deen Dayal Upadhyaya Antyodaya Parivar Suraksha Yojana (DAYALU),State,"Insurance, accident & death help",yes,"Health & Wellness; Banking,Financial Services and Insurance",https://www.myscheme.gov.in/schemes/dayalu
Haryana,Ex Gratia Assistance to Next of Kin of the Deceased by COVID-19,State,Other,no,Social welfare & Empowerment,https://www.myscheme.gov.in/schemes/eganktdc
Haryana,Ladli Social Security Allowance Scheme,State,"Women, marriage & maternity",yes,Social welfare & Empowerment,https://www.myscheme.gov.in/schemes/lssas
Haryana,Financial Assistance of Hearing Machine/Hearing Aid to Workers and their Dependents- Haryana Labour Welfare Board,State,Workers' welfare boards & labour,yes,Social welfare & Empowerment,https://www.myscheme.gov.in/schemes/fahmhawd-hlwb
Haryana,Mukhya Mantri Shramyogi Prathibhavan Vidyarthi Yojana (HBOCWWB),State,Not for workers: students & education,no,Education & Learning,https://www.myscheme.gov.in/schemes/mmspvyhbocwwb
Haryana,Stipend Scheme for Grandchildren of Freedom Fighters,State,Not for workers: students & education,no,Education & Learning,https://www.myscheme.gov.in/schemes/ssgff
Haryana,Financial Assistance for funeral and other activities in case of death of a worker's - Haryana Labour Welfare Board,State,Workers' welfare boards & labour,yes,Social welfare & Empowerment,https://www.myscheme.gov.in/schemes/fafoahr
Haryana,Free Travelling Facility (HBOCWWB),State,Workers' welfare boards & labour,yes,Travel & Tourism,https://www.myscheme.gov.in/schemes/ftfhbocwwb
Haryana,Financial Assistance for Try Cycle to Workers and their Dependents - Haryana Labour Welfare Board,State,Workers' welfare boards & labour,yes,Social welfare & Empowerment,https://www.myscheme.gov.in/schemes/fatcwd-hlwb
Haryana,Financial Assistance as Shagun in Marriage of Man Workers or Son of Workers - Haryana Labour Welfare Board,State,Workers' welfare boards & labour,yes,Social welfare & Empowerment,https://www.myscheme.gov.in/schemes/fasmmwsw-hlwb
Haryana,Rehabilitation Assistance- Haryana Silicosis Board,State,"Women, marriage & maternity",yes,Social welfare & Empowerment,https://www.myscheme.gov.in/schemes/ra-hsb
Haryana,Assistance On Death Of The Unregistered Worker (HBOCWWB),State,Workers' welfare boards & labour,yes,Social welfare & Empowerment,https://www.myscheme.gov.in/schemes/aduw-hbocwwb
Haryana,Financial Assistance To Kashmiri Migrants Families Scheme,State,Other,no,Social welfare & Empowerment,https://www.myscheme.gov.in/schemes/fakmfs
Haryana,Spectacles Scheme- Haryana Labour Welfare Board,State,Workers' welfare boards & labour,yes,Social welfare & Empowerment,https://www.myscheme.gov.in/schemes/sshlwb
Haryana,Dental Care Scheme- Haryana Labour Welfare Board,State,Workers' welfare boards & labour,yes,Health & Wellness,https://www.myscheme.gov.in/schemes/dcs-hlwb
Haryana,"Financial Assistance for Purchasing School Uniforms, Books and Notebooks from Class 1st to 12th for Children of Workers- Haryana Labour Welfare Board",State,Not for workers: students & education,no,Education & Learning,https://www.myscheme.gov.in/schemes/fapsubnc1t12cw-hlwb
Haryana,Monetary Relief to the Victim of Atrocities- Haryana,State,Other,no,Social welfare & Empowerment,https://www.myscheme.gov.in/schemes/mrvah
Haryana,Financial Assistance (Kanyadaan) on the Occasion of Marriage of Daughter- Haryana Silicosis Board,State,"Women, marriage & maternity",yes,Social welfare & Empowerment,https://www.myscheme.gov.in/schemes/fakomd-hsb
Haryana,Financial Assistance on Marriage of Sons- Haryana Silicosis Board,State,"Women, marriage & maternity",yes,Social welfare & Empowerment,https://www.myscheme.gov.in/schemes/fams-hsb
Haryana,Financial Assistance for Education- Haryana Silicosis Board,State,Not for workers: students & education,no,Education & Learning,https://www.myscheme.gov.in/schemes/fae-hsb
Haryana,Financial Assistance for Professional/Technical Courses (HBOCWWB),State,Not for workers: students & education,no,Education & Learning,https://www.myscheme.gov.in/schemes/faptchbocwwb
Haryana,Solar Water Pumping System,State,"Livelihood, loans & self-employment",yes,"Agriculture,Rural & Environment",https://www.myscheme.gov.in/schemes/sswps
Haryana,Financial Assistance To Institutions/Societies Belonging To Scheduled Castes/Backward Classes,State,Other,no,Social welfare & Empowerment; Transport & Infrastructure,https://www.myscheme.gov.in/schemes/faisbscbc
Haryana,Haryana Provision of Sports Equipment Scheme,State,"Not for workers: sports, arts, awards",no,Sports & Culture; Business & Entrepreneurship,https://www.myscheme.gov.in/schemes/hposec
Haryana,Mahila Samiriddhi Yojana for Backward Classes- Haryana,State,"Insurance, accident & death help",yes,"Banking,Financial Services and Insurance; Business & Entrepreneurship; Women and Child",https://www.myscheme.gov.in/schemes/msybc
Haryana,Schemes for welfare of School Children belonging to BPL and BC(A) families: Monthly Stipend for BC-A Students,State,Not for workers: students & education,no,Education & Learning,https://www.myscheme.gov.in/schemes/wsbcas
Haryana,Jhota Buggi/Camel/Mule Cart Scheme (HSFDC),State,"Insurance, accident & death help",yes,"Banking,Financial Services and Insurance; Business & Entrepreneurship",https://www.myscheme.gov.in/schemes/jbcmcshsfdc
Haryana,Piggery Farming Scheme (HSFDC),State,"Insurance, accident & death help",yes,"Banking,Financial Services and Insurance; Business & Entrepreneurship",https://www.myscheme.gov.in/schemes/pfs-hsfdc
Haryana,Ex-Gratia Grant for Disability to CAPF Personnel,State,Not for workers: honour & service pensions,no,Social welfare & Empowerment,https://www.myscheme.gov.in/schemes/e-ggdcapfp
Haryana,Mahila Samridhi Yojana under NSKFDC- Haryana,State,"Livelihood, loans & self-employment",yes,Business & Entrepreneurship; Women and Child,https://www.myscheme.gov.in/schemes/msynskfdc-h
Haryana,Ex-Gratia Grant for Disability to Defence Forces Personnel,State,Not for workers: honour & service pensions,no,Social welfare & Empowerment,https://www.myscheme.gov.in/schemes/e-ggddfp
Haryana,Financial Assistance to Orphan Children of Ex-Servicemen,State,Not for workers: honour & service pensions,no,Social welfare & Empowerment,https://www.myscheme.gov.in/schemes/faocesm
Haryana,Micro Finance Scheme- Credit Line 2 for Minority Community,State,"Insurance, accident & death help",yes,"Banking,Financial Services and Insurance; Business & Entrepreneurship",https://www.myscheme.gov.in/schemes/mfs-cl2mc
Haryana,Micro Finance Scheme- Credit Line 1 for Minority Community,State,"Insurance, accident & death help",yes,"Banking,Financial Services and Insurance; Business & Entrepreneurship",https://www.myscheme.gov.in/schemes/mfs-cl1mc
Haryana,Financial Assistance to Blind Ex-Servicemen,State,Not for workers: honour & service pensions,no,Social welfare & Empowerment,https://www.myscheme.gov.in/schemes/fabesm
Haryana,Quality Certification Assistance Scheme,State,Other,no,Business & Entrepreneurship,https://www.myscheme.gov.in/schemes/qcas
Haryana,Education Loan Scheme under NSFDC- Haryana,State,Not for workers: students & education,no,"Banking,Financial Services and Insurance; Education & Learning",https://www.myscheme.gov.in/schemes/elsnsfdc
Haryana,PMMSY: Establishment of large RAS / Biofloc culture system - Haryana,State,Farmers & agriculture,yes,"Agriculture,Rural & Environment; Social welfare & Empowerment",https://www.myscheme.gov.in/schemes/eol
Haryana,Working Women Hostel,State,Not for workers: students & education,no,Women and Child,https://www.myscheme.gov.in/schemes/wwhh
Haryana,PMMSY: Establishment of small RAS /Biofloc culture system - Haryana,State,Farmers & agriculture,yes,"Agriculture,Rural & Environment; Social welfare & Empowerment",https://www.myscheme.gov.in/schemes/eos
Haryana,Intensive Fisheries Development Programme - Subsidy on Purchase of Fishing Nets (Scheduled Caste),State,"Livelihood, loans & self-employment",yes,"Agriculture,Rural & Environment",https://www.myscheme.gov.in/schemes/safpofn
Haryana,Punjabi Language Scholarship Scheme,State,Not for workers: students & education,no,Education & Learning,https://www.myscheme.gov.in/schemes/eeepl
Haryana,Mukhya Mantri Matritva Sahayata Yojana,State,"Women, marriage & maternity",yes,Women and Child,https://www.myscheme.gov.in/schemes/mmmsyh
Haryana,Intensive Fisheries Development Programme - Subsidy on Commercial Four-Wheeler Vehicles,State,"Livelihood, loans & self-employment",yes,"Agriculture,Rural & Environment; Transport & Infrastructure",https://www.myscheme.gov.in/schemes/socfwv
Haryana,Pradhan Mantri Matsya Sampada Yojana: Refrigerated Vehicles – Haryana,State,"Livelihood, loans & self-employment",yes,"Agriculture,Rural & Environment; Business & Entrepreneurship",https://www.myscheme.gov.in/schemes/sfrv
Haryana,National Family Benefit Scheme for BPL Families,State,Pensions,yes,"Banking,Financial Services and Insurance",https://www.myscheme.gov.in/schemes/nfbsbpl
Haryana,Dr. Syama Prasad Mookerjee Durghtana Sahayta Yojana,State,"Insurance, accident & death help",yes,"Banking,Financial Services and Insurance",https://www.myscheme.gov.in/schemes/dspmdsy
Haryana,PMMSY: Establishment of Medium RAS / Biofloc culture system - Haryana,State,Farmers & agriculture,yes,"Agriculture,Rural & Environment; Social welfare & Empowerment",https://www.myscheme.gov.in/schemes/eom
Tamil Nadu,Moovalur Ramamirtham Ammaiyar Ninaivu Marriage Assistance Scheme-1,State,"Women, marriage & maternity",yes,Social welfare & Empowerment; Women and Child,https://www.myscheme.gov.in/schemes/mranmas1
Tamil Nadu,Unemployed Youth Employment Generation Programme,State,"Food, LPG & ration",yes,Business & Entrepreneurship,https://www.myscheme.gov.in/schemes/uyegp
Tamil Nadu,Amma Two Wheeler Scheme for Working Women,State,"Livelihood, loans & self-employment",yes,Social welfare & Empowerment; Transport & Infrastructure,https://www.myscheme.gov.in/schemes/atwsfww
Tamil Nadu,Chief Minister’s Girl Child Protection Scheme-II,State,"Women, marriage & maternity",yes,Women and Child; Social welfare & Empowerment,https://www.myscheme.gov.in/schemes/cmgcpsii
Tamil Nadu,Government Working Women’s Hostel,State,Not for workers: students & education,no,Housing & Shelter; Social welfare & Empowerment; Women and Child,https://www.myscheme.gov.in/schemes/gwwh
Tamil Nadu,Scheme of Giving Awards to Eminent Artists - Kalai Ilamani Award ,State,"Not for workers: sports, arts, awards",no,Skills & Employment,https://www.myscheme.gov.in/schemes/sogateakia
Tamil Nadu,Scheme of Awarding Porkizhi to the Indigent Kalaimamani Awardee Artists,State,"Not for workers: sports, arts, awards",no,Skills & Employment; Sports & Culture; Social welfare & Empowerment,https://www.myscheme.gov.in/schemes/soapttikaa
Tamil Nadu,Scheme of Extending Grants for the Publication of Rare Books on Arts,State,"Not for workers: sports, arts, awards",no,Skills & Employment; Social welfare & Empowerment,https://www.myscheme.gov.in/schemes/soegftporboa
Tamil Nadu,Scheme of Encouragement to Young Artists,State,"Not for workers: sports, arts, awards",no,Skills & Employment; Sports & Culture,https://www.myscheme.gov.in/schemes/soetya
Tamil Nadu,Marriage Assistance to Normal Persons Marrying Visually Impaired Persons,State,"Women, marriage & maternity",yes,Social welfare & Empowerment,https://www.myscheme.gov.in/schemes/matnpmvip-tn
Tamil Nadu,Maintenance Allowance to Intellectually Disabled Persons,State,Health & disability,yes,Social welfare & Empowerment,https://www.myscheme.gov.in/schemes/matidp
Tamil Nadu,Scheme of Personal Assistance Allowance to Differently Abled Persons with High Support Need,State,Health & disability,yes,Social welfare & Empowerment,https://www.myscheme.gov.in/schemes/sopaatdapwhsn
Tamil Nadu,Scholarship (I to VIII Standard) by Welfare of Differently Abled Persons,State,Not for workers: students & education,no,Social welfare & Empowerment; Education & Learning,https://www.myscheme.gov.in/schemes/sitviiisbwodap
Tamil Nadu,"Early Intervention Centre for Children with Cerebral Palsy in SRTC, Chennai and Tiruchirapalli Districts",State,"Livelihood, loans & self-employment",yes,Social welfare & Empowerment; Skills & Employment,https://www.myscheme.gov.in/schemes/eicccpsrtcctd
Tamil Nadu,Government Institute for the Mentally Retarded - Tamil Nadu,State,Health & disability,yes,Social welfare & Empowerment; Education & Learning; Skills & Employment,https://www.myscheme.gov.in/schemes/giftmrc
Tamil Nadu,Multimedia Training - Tamil Nadu,State,Health & disability,yes,Skills & Employment,https://www.myscheme.gov.in/schemes/mtbwodap
Tamil Nadu,Early Intervention Centres for Children with Autism,State,"Livelihood, loans & self-employment",yes,Social welfare & Empowerment; Skills & Employment,https://www.myscheme.gov.in/schemes/eicca
Tamil Nadu,Assistance for Purchase of Spectacles - Folk Artists,State,"Not for workers: sports, arts, awards",no,Sports & Culture; Social welfare & Empowerment,https://www.myscheme.gov.in/schemes/apsfa
Tamil Nadu,Natural Death and Funeral Assistance,State,"Not for workers: sports, arts, awards",no,Social welfare & Empowerment; Sports & Culture,https://www.myscheme.gov.in/schemes/ndafa
Tamil Nadu,Distribution of Certified Seeds-Oil Seeds,State,"Livelihood, loans & self-employment",yes,"Agriculture,Rural & Environment",https://www.myscheme.gov.in/schemes/docsos
Tamil Nadu,Distribution of Rhizobium,State,"Livelihood, loans & self-employment",yes,"Agriculture,Rural & Environment",https://www.myscheme.gov.in/schemes/dor
Tamil Nadu,Animal Husbandry,State,Health & disability,yes,"Agriculture,Rural & Environment",https://www.myscheme.gov.in/schemes/ahtn
Tamil Nadu,Adi Dravidar and Tribal Welfare Department-Hostels: Special Guides,State,Not for workers: students & education,no,Education & Learning; Housing & Shelter,https://www.myscheme.gov.in/schemes/adthsg
Tamil Nadu,Afforestation Schemes Providing Incentives And Employment To Tribals In Forest,State,"Food, LPG & ration",yes,"Skills & Employment; Agriculture,Rural & Environment",https://www.myscheme.gov.in/schemes/aspie
Tamil Nadu,Assistance for Funeral Rites,State,"Insurance, accident & death help",yes,Social welfare & Empowerment,https://www.myscheme.gov.in/schemes/affr
Tamil Nadu,Organizing Block Demonstration on Polythene Mulch Technology in Groundnut,State,"Food, LPG & ration",yes,"Agriculture,Rural & Environment",https://www.myscheme.gov.in/schemes/obdopmtig
Tamil Nadu,Production Of Certified Seeds,State,"Livelihood, loans & self-employment",yes,"Agriculture,Rural & Environment",https://www.myscheme.gov.in/schemes/pocs
Tamil Nadu,"District Central Cooperative Banks and through its Branches: For Consumer Durables T.V., Fridge and Two Wheelers Loan",State,"Insurance, accident & death help",yes,"Banking,Financial Services and Insurance",https://www.myscheme.gov.in/schemes/dccbfcd
Tamil Nadu,"District Central Cooperative Banks and through its Branches: For Housing, House Construction, Repair Extension Loan",State,"Insurance, accident & death help",yes,"Banking,Financial Services and Insurance",https://www.myscheme.gov.in/schemes/dccbfhl
Tamil Nadu,District Central Cooperative Banks and through its Branches: For Women Entrepreneurs,State,"Insurance, accident & death help",yes,"Banking,Financial Services and Insurance",https://www.myscheme.gov.in/schemes/dccbfwe
Tamil Nadu,Pre-Matric Scholarship Scheme,State,Not for workers: students & education,no,Education & Learning,https://www.myscheme.gov.in/schemes/pmsp
Tamil Nadu,Construction of Free Houses for Tribals,State,Housing,yes,Housing & Shelter,https://www.myscheme.gov.in/schemes/cofhft
Tamil Nadu,Large Sized Multi Purpose Coop. Society For Interest Free Loan,State,"Insurance, accident & death help",yes,"Banking,Financial Services and Insurance",https://www.myscheme.gov.in/schemes/lsmpcifl
Tamil Nadu,Scheme For Grant Of Rewards To The Children Of Salt Labourers,Central,Not for workers: students & education,no,Social welfare & Empowerment; Education & Learning,https://www.myscheme.gov.in/schemes/sgrcsl
Tamil Nadu,Primary Cooperative Agriculture and Rural Development Bank: For Power Tiller,State,"Insurance, accident & death help",yes,"Banking,Financial Services and Insurance",https://www.myscheme.gov.in/schemes/pcardbpt
Tamil Nadu,Marriage Assistance,State,"Women, marriage & maternity",yes,Social welfare & Empowerment,https://www.myscheme.gov.in/schemes/matn
Tamil Nadu,Assistance For Delivery / Miscarriage Of Pregnancy / Termination Of Pregnancy To Female Differently Abled Person,State,Health & disability,yes,Health & Wellness; Women and Child,https://www.myscheme.gov.in/schemes/admptpfdap
Tamil Nadu,Zero Ticket Bus Travel Scheme for Women,State,Other,no,Transport & Infrastructure,https://www.myscheme.gov.in/schemes/tnztbtsfw
Tamil Nadu,Chief Minister Breakfast Scheme,State,Not for workers: students & education,no,Social welfare & Empowerment,https://www.myscheme.gov.in/schemes/tncmbs
Tamil Nadu,Dr. Muthulakshmi Reddy Ninaivu Inter-caste Marriage Assistance Scheme-I,State,"Women, marriage & maternity",yes,Social welfare & Empowerment,https://www.myscheme.gov.in/schemes/dmrnicmasi
Tamil Nadu,Annai Teresa Ninaivu Marriage Assistance Scheme for Orphan Girls-II,State,"Women, marriage & maternity",yes,Women and Child; Social welfare & Empowerment,https://www.myscheme.gov.in/schemes/atnmasfogii
Tamil Nadu,Scheme of Giving Awards to Eminent Artists - Kalai Valarmani Award,State,"Not for workers: sports, arts, awards",no,Skills & Employment,https://www.myscheme.gov.in/schemes/sogateakva
Tamil Nadu,"Scheme of Extending Financial Assistance to Folk Artists, Troupes for the Purchase of Musical Instruments, Costumes",State,"Not for workers: sports, arts, awards",no,Skills & Employment; Sports & Culture,https://www.myscheme.gov.in/schemes/soefatfatftpomic
Tamil Nadu,Financial Assistance to Meet the Funeral Expenses of Differently Abled Person,State,"Insurance, accident & death help",yes,Social welfare & Empowerment,https://www.myscheme.gov.in/schemes/fatmtfeodap
Tamil Nadu,Maintenance Allowance for Persons Affected with Muscular Dystrophy,State,Health & disability,yes,Social welfare & Empowerment,https://www.myscheme.gov.in/schemes/mafpawmd
Tamil Nadu,Maintenance Allowance to Severely Affected Persons,State,Other,no,Social welfare & Empowerment,https://www.myscheme.gov.in/schemes/matsap
Tamil Nadu,Poompuhar State Award,State,"Not for workers: sports, arts, awards",no,Skills & Employment; Sports & Culture,https://www.myscheme.gov.in/schemes/psa
Tamil Nadu,Readers Allowance to Visually Impaired Persons,State,Not for workers: students & education,no,Education & Learning; Social welfare & Empowerment,https://www.myscheme.gov.in/schemes/ratvip
Tamil Nadu,Battery Operated Wheelchair by Welfare of Differently Abled Persons Department,State,Other,no,Social welfare & Empowerment,https://www.myscheme.gov.in/schemes/bowbwodapd
Tamil Nadu,Fitter Training to Hearing Impaired Persons,State,Not for workers: students & education,no,Social welfare & Empowerment; Skills & Employment,https://www.myscheme.gov.in/schemes/ftthip
Tamil Nadu,Chief Minister’s Comprehensive Health Insurance Scheme - Tamil Nadu,State,"Insurance, accident & death help",yes,Social welfare & Empowerment,https://www.myscheme.gov.in/schemes/cmchis-tn
Tamil Nadu,Scholarship (Above VIII Standard) - Tamil Nadu,State,Not for workers: students & education,no,Education & Learning; Social welfare & Empowerment,https://www.myscheme.gov.in/schemes/saviiisbwodap
Tamil Nadu,Early Intervention Centre for the Visually Impaired,State,Other,no,Social welfare & Empowerment; Education & Learning,https://www.myscheme.gov.in/schemes/eicftvi
Tamil Nadu,Assistance for Delivery of a Child or the Miscarriage of Pregnancy or the Termination of Pregnancy,State,"Women, marriage & maternity",yes,Women and Child,https://www.myscheme.gov.in/schemes/adcmptp
Tamil Nadu,Production of Foundation and Certified Seeds,State,"Livelihood, loans & self-employment",yes,"Agriculture,Rural & Environment",https://www.myscheme.gov.in/schemes/pofacs
Tamil Nadu,Visit of Contract Farming Farmers to the Research Stations in Karnataka,State,Farmers & agriculture,yes,"Agriculture,Rural & Environment",https://www.myscheme.gov.in/schemes/vcfrsk
Tamil Nadu,Training of Farmers on Pulses Production Technologies,State,"Livelihood, loans & self-employment",yes,"Agriculture,Rural & Environment",https://www.myscheme.gov.in/schemes/tfppt
Tamil Nadu,Distribution of Rhizobium Packets-Oilseeds,State,"Livelihood, loans & self-employment",yes,"Agriculture,Rural & Environment",https://www.myscheme.gov.in/schemes/dorpo
Tamil Nadu,Distribution of Minikits At Free of Cost,State,"Livelihood, loans & self-employment",yes,"Agriculture,Rural & Environment",https://www.myscheme.gov.in/schemes/domafoc
Tamil Nadu,Book Bank Scheme: II ,State,Not for workers: students & education,no,Education & Learning,https://www.myscheme.gov.in/schemes/bbsii
Tamil Nadu,Burial Ground-Provision of Burial Grounds and Pathway to Burial Grounds,State,Other,no,Utility & Sanitation,https://www.myscheme.gov.in/schemes/bgpbg
Tamil Nadu,"Free Education Scholarship for Professional Courses (Engineering, Medical, Agriculture, Veterinary, and Law)",State,Not for workers: students & education,no,Education & Learning,https://www.myscheme.gov.in/schemes/fesfpc
Tamil Nadu,Awards to Bright Students,State,Not for workers: students & education,no,Education & Learning,https://www.myscheme.gov.in/schemes/atbs
Tamil Nadu,Prize Schemes to the Students (State Level Prizes),State,Not for workers: students & education,no,Education & Learning,https://www.myscheme.gov.in/schemes/psslp
Tamil Nadu,Large Sized Multi Purpose Coop. Society: Jewel Loan (Interest Free),State,"Insurance, accident & death help",yes,"Banking,Financial Services and Insurance",https://www.myscheme.gov.in/schemes/lsmpcjl
Tamil Nadu,Primary Cooperative Agriculture and Rural Development Bank: For Poultry Development,State,"Livelihood, loans & self-employment",yes,"Banking,Financial Services and Insurance",https://www.myscheme.gov.in/schemes/pcardfpd
Tamil Nadu,Primary Cooperative Agriculture and Rural Development Bank: For Plantation (Tea),State,"Insurance, accident & death help",yes,"Banking,Financial Services and Insurance",https://www.myscheme.gov.in/schemes/pcardtp
Tamil Nadu,Chief Minister's Comprehensive Health Insurance Scheme,State,"Insurance, accident & death help",yes,Health & Wellness,https://www.myscheme.gov.in/schemes/cmchis
Tamil Nadu,Chief Minister’s Solar Rooftop Capital Incentive Scheme,State,"Livelihood, loans & self-employment",yes,Utility & Sanitation,https://www.myscheme.gov.in/schemes/cmsrcis
Tamil Nadu,Scholarship To Son And Daughter Of Differently Abled Persons,State,Not for workers: students & education,no,Social welfare & Empowerment,https://www.myscheme.gov.in/schemes/ssddap
Tamil Nadu,Moovalur Ramamirtham Ammaiyar Higher Education Assurance Scheme,State,Not for workers: students & education,no,Education & Learning; Women and Child,https://www.myscheme.gov.in/schemes/pudhumai-penn-scheme
Tamil Nadu,New Entrepreneur-cum-enterprise Development Scheme,State,"Food, LPG & ration",yes,Business & Entrepreneurship,https://www.myscheme.gov.in/schemes/needs
Tamil Nadu,Indira Gandhi National Old Age Pension Scheme -Tamil Nadu,State,Pensions,yes,Social welfare & Empowerment,https://www.myscheme.gov.in/schemes/ignoapstn
Tamil Nadu,Indira Gandhi National Disability Pension Scheme - Tamil Nadu,State,Pensions,yes,Social welfare & Empowerment; Women and Child,https://www.myscheme.gov.in/schemes/igndpstn
Tamil Nadu,Old Age Pension Scheme under Chief  Minister’s Uzhavar Padhukappu Thittam,State,Pensions,yes,"Agriculture,Rural & Environment; Social welfare & Empowerment",https://www.myscheme.gov.in/schemes/oapsucmupt
Tamil Nadu,E.V.R. Maniammaiyar Ninaivu Marriage Assistance Scheme for Daughter’s of Poor Widows: Scheme-II,State,"Women, marriage & maternity",yes,Women and Child; Social welfare & Empowerment,https://www.myscheme.gov.in/schemes/evrmnmasfdopwsii
Tamil Nadu,Dr. Dharmambal Ammaiyar Ninaivu Widow Remarriage Assistance Scheme-II,State,"Women, marriage & maternity",yes,Social welfare & Empowerment; Women and Child,https://www.myscheme.gov.in/schemes/ddanwrasii
Tamil Nadu,Scheme of Giving Awards to Eminent Artists - Kalai Mudhumani Award,State,"Not for workers: sports, arts, awards",no,Skills & Employment,https://www.myscheme.gov.in/schemes/sogateakma
Tamil Nadu,Government Service Home - Tamil Nadu,State,Pensions,yes,Women and Child; Social welfare & Empowerment; Housing & Shelter,https://www.myscheme.gov.in/schemes/gshtn
Tamil Nadu,Scheme for Giving Awards to Senior Artists in Contemporary Art Field,State,"Not for workers: sports, arts, awards",no,Skills & Employment,https://www.myscheme.gov.in/schemes/sfgatsaicaf
Tamil Nadu,Scheme of Financial Assistance to Indigent Artists,State,"Not for workers: sports, arts, awards",no,Sports & Culture; Social welfare & Empowerment; Skills & Employment,https://www.myscheme.gov.in/schemes/sofatia
Tamil Nadu,Scheme of Conferring ‘Kalaichemmal’ Awards,State,Not for workers: students & education,no,Skills & Employment; Sports & Culture,https://www.myscheme.gov.in/schemes/socka
Tamil Nadu,Living Craft Treasure Award,State,"Not for workers: sports, arts, awards",no,Skills & Employment; Social welfare & Empowerment; Sports & Culture,https://www.myscheme.gov.in/schemes/lcta
Tamil Nadu,Poompuhar District Craft Award,State,"Not for workers: sports, arts, awards",no,Skills & Employment; Sports & Culture,https://www.myscheme.gov.in/schemes/pdca
Tamil Nadu,Modular Reflective Folding Sticks (Smartcane),State,Health & disability,yes,Social welfare & Empowerment,https://www.myscheme.gov.in/schemes/mrfss
Tamil Nadu,Maintenance Allowance for Leprosy Affected Persons,State,Health & disability,yes,Social welfare & Empowerment,https://www.myscheme.gov.in/schemes/maflap
Tamil Nadu,Personal Accident Relief for Differently Abled Persons,State,"Insurance, accident & death help",yes,Social welfare & Empowerment,https://www.myscheme.gov.in/schemes/parfdap
Tamil Nadu,Early Intervention Centre for Infants and Young Children with Hearing Impairment,State,Health & disability,yes,Social welfare & Empowerment; Skills & Employment,https://www.myscheme.gov.in/schemes/eicfiaycwhi
Tamil Nadu,Early Intervention Center for the Children with Intellectually Disabled,State,Health & disability,yes,Social welfare & Empowerment,https://www.myscheme.gov.in/schemes/eiccid
Tamil Nadu,Retrofitted Petrol Scooters - Tamil Nadu,State,Not for workers: students & education,no,Social welfare & Empowerment,https://www.myscheme.gov.in/schemes/rpsbwodapd
Tamil Nadu,Walking Device - Tamil Nadu,State,Other,no,Social welfare & Empowerment,https://www.myscheme.gov.in/schemes/wdbwodapd
Tamil Nadu,Free Supply of Note Books to the Children of Poor Widows,State,"Food, LPG & ration",yes,Social welfare & Empowerment; Women and Child; Education & Learning,https://www.myscheme.gov.in/schemes/fsnbcpw
Tamil Nadu,Pension Scheme for the Journalists,State,Not for workers: honour & service pensions,no,Social welfare & Empowerment,https://www.myscheme.gov.in/schemes/psftj
Tamil Nadu,Pipes Carrying Water From Source To Field-Pulses ISPOM,State,"Livelihood, loans & self-employment",yes,"Agriculture,Rural & Environment",https://www.myscheme.gov.in/schemes/pcwfstfpi
Tamil Nadu,Pipes Carrying Water From Source To Field,State,"Livelihood, loans & self-employment",yes,"Agriculture,Rural & Environment",https://www.myscheme.gov.in/schemes/pcwfsf
Tamil Nadu,Farmers Training,State,"Livelihood, loans & self-employment",yes,"Agriculture,Rural & Environment",https://www.myscheme.gov.in/schemes/ft
Tamil Nadu,Adi Dravidar and Tribal Welfare Department: Scholarship-Free Education upto 12th Std. to All,State,Not for workers: students & education,no,Education & Learning,https://www.myscheme.gov.in/schemes/adtwsfe
Tamil Nadu,Admission of Adi Dravidar/Tribal Students in Plus One at Reputed Schools,State,Not for workers: students & education,no,Education & Learning,https://www.myscheme.gov.in/schemes/aadtsrs
Tamil Nadu,Adi Dravidar and Tribal Welfare Department: Stationary-Text Books,State,Not for workers: students & education,no,Education & Learning,https://www.myscheme.gov.in/schemes/adtwstb
Tamil Nadu,"Pre Examination Training Centre For All India Service Examinations Like I.A.S., I.P.S., I.R.S., Etc.",State,Not for workers: students & education,no,Education & Learning,https://www.myscheme.gov.in/schemes/petalse
Tamil Nadu,Production of Foundation Seeds,State,Farmers & agriculture,yes,"Agriculture,Rural & Environment",https://www.myscheme.gov.in/schemes/pofs
Tamil Nadu,Pipes Carrying Water From Source To Field-Pulses ISPOM,State,"Livelihood, loans & self-employment",yes,"Agriculture,Rural & Environment",https://www.myscheme.gov.in/schemes/pcwfstfpi
Tamil Nadu,District Central Cooperative Banks and through its Branches: For Working Women,State,"Insurance, accident & death help",yes,"Banking,Financial Services and Insurance; Women and Child",https://www.myscheme.gov.in/schemes/dccbfww
Tamil Nadu,Free Education Scholarship for Three-Year Diploma (Polytechnic Courses),State,Not for workers: students & education,no,Education & Learning,https://www.myscheme.gov.in/schemes/fesftydpc
Tamil Nadu,Free Education Scheme,State,Not for workers: students & education,no,Education & Learning,https://www.myscheme.gov.in/schemes/fes
Tamil Nadu,"District Central Cooperative Banks and through its Branches: For Professional Loan to Doctors, Engineers and Self Employed Professional",State,"Insurance, accident & death help",yes,"Banking,Financial Services and Insurance; Business & Entrepreneurship",https://www.myscheme.gov.in/schemes/dccbfpl
Tamil Nadu,"District Central Cooperative Banks and through its Branches: For Revamped Micro Credit Loan for Women Vendors of Flower, Vegetable, Fruit etc.",State,"Insurance, accident & death help",yes,"Banking,Financial Services and Insurance; Business & Entrepreneurship",https://www.myscheme.gov.in/schemes/dccvfrmc
Tamil Nadu,Rural Girls’ Incentive Scheme,State,Not for workers: students & education,no,Education & Learning,https://www.myscheme.gov.in/schemes/rgis
Tamil Nadu,Primary Cooperative Agriculture and Rural Development Bank: For Handloom and Other Non Farm Sector Activities,State,"Insurance, accident & death help",yes,"Banking,Financial Services and Insurance",https://www.myscheme.gov.in/schemes/pcardfhtn
Tamil Nadu,Primary Cooperative Agriculture and Rural Development Bank: For Animal Husbandry,State,"Livelihood, loans & self-employment",yes,"Banking,Financial Services and Insurance; Agriculture,Rural & Environment",https://www.myscheme.gov.in/schemes/pcardah
Tamil Nadu,Primary Cooperative Agriculture and Rural Development Bank: For Inland Fishing,State,"Livelihood, loans & self-employment",yes,"Banking,Financial Services and Insurance; Agriculture,Rural & Environment",https://www.myscheme.gov.in/schemes/pcardbif
Tamil Nadu,Primary Cooperative Agriculture and Rural Development Bank: For Tractor Purchase,State,"Insurance, accident & death help",yes,"Agriculture,Rural & Environment; Banking,Financial Services and Insurance",https://www.myscheme.gov.in/schemes/pcardftc
Tamil Nadu,Distribution of Sewing Machines at Free of Cost,State,"Livelihood, loans & self-employment",yes,Social welfare & Empowerment; Business & Entrepreneurship,https://www.myscheme.gov.in/schemes/dsmfc
Tamil Nadu,Integrated Scheme for Export Promotion & Quality Improvement in Spices and Research and Development of Cardamom: \Small Cardamom Replanting/New Planting: For Kerala & Tamilnadu,Central,Farmers & agriculture,yes,"Agriculture,Rural & Environment",https://www.myscheme.gov.in/schemes/isfepqinsaradocsrnpfkt
Tamil Nadu,Integrated Scheme for Export Promotion & Quality Improvement in Spices and Research and Development of Cardamom : Small Cardamom Irrigation Land Development : Irrigation / Water Storage Structure (nos),Central,Farmers & agriculture,yes,"Agriculture,Rural & Environment",https://www.myscheme.gov.in/schemes/isfepqiisaradocscildiwss
Tamil Nadu,Unemployment Assistance Scheme - Tamil Nadu,State,"Livelihood, loans & self-employment",yes,Skills & Employment,https://www.myscheme.gov.in/schemes/ueastn
Tamil Nadu,Migrants Employment Generation Programme,State,"Food, LPG & ration",yes,Business & Entrepreneurship,https://www.myscheme.gov.in/schemes/megp
Tamil Nadu,Tamil Nadu Chief Minister's Fellowship Programme,State,Not for workers: students & education,no,Education & Learning,https://www.myscheme.gov.in/schemes/tncmfp
Tamil Nadu,E.V.R. Maniammaiyar Ninaivu Marriage Assistance Scheme for Daughter’s of Poor Widows: Scheme-I,State,"Women, marriage & maternity",yes,Women and Child; Social welfare & Empowerment,https://www.myscheme.gov.in/schemes/evrmnmasfdopwsi
Tamil Nadu,"Pension to Unmarried Poor, Incapacitated Women of Age 50 years and above",State,Pensions,yes,Social welfare & Empowerment; Women and Child,https://www.myscheme.gov.in/schemes/ptupiwoa50yaa
Tamil Nadu,Annai Teresa Ninaivu Marriage Assistance Scheme for Orphan Girls-I,State,"Women, marriage & maternity",yes,Women and Child; Social welfare & Empowerment,https://www.myscheme.gov.in/schemes/atnmasfogi
Tamil Nadu,Dr. Dharmambal Ammaiyar Ninaivu  Widow Remarriage Assistance Scheme-I,State,"Women, marriage & maternity",yes,Women and Child; Social welfare & Empowerment,https://www.myscheme.gov.in/schemes/ddanwrasi
Tamil Nadu,Pension Scheme for Destitute Transgender,State,Pensions,yes,Social welfare & Empowerment,https://www.myscheme.gov.in/schemes/psfdt
Tamil Nadu,Scheme for Giving Awards to Traditional Artists,State,"Not for workers: sports, arts, awards",no,Skills & Employment; Sports & Culture,https://www.myscheme.gov.in/schemes/sfgatta-sa
Tamil Nadu,Scheme of Giving Awards to Eminent Artists - Kalai Nanmani Award,State,"Not for workers: sports, arts, awards",no,Skills & Employment,https://www.myscheme.gov.in/schemes/sogateakna
Tamil Nadu,Scheme to Award Scholarship to Young Artists,State,Not for workers: students & education,no,Skills & Employment,https://www.myscheme.gov.in/schemes/stastya
Tamil Nadu,Scheme of Extending Financial Assistance to New Drama Productions,State,"Not for workers: sports, arts, awards",no,Skills & Employment; Sports & Culture,https://www.myscheme.gov.in/schemes/soefatndp
Tamil Nadu,Marriage Assistance to Normal Persons Marrying Speech and Hearing Impaired Persons,State,Health & disability,yes,Social welfare & Empowerment,https://www.myscheme.gov.in/schemes/matnpmsahip
Tamil Nadu,Financial Assistance on the Natural Death of Differently Abled Person,State,"Insurance, accident & death help",yes,Social welfare & Empowerment,https://www.myscheme.gov.in/schemes/faotndodap
Tamil Nadu,Tricycles - Tamil Nadu,State,Health & disability,yes,Social welfare & Empowerment,https://www.myscheme.gov.in/schemes/tbwodap
Tamil Nadu,Establishing Aavin Parlour for Differently Abled Persons,State,"Livelihood, loans & self-employment",yes,Social welfare & Empowerment; Skills & Employment,https://www.myscheme.gov.in/schemes/eapfdap
Tamil Nadu,Behind the Ear Hearing Aids by Welfare of Differently Abled Persons,State,Not for workers: students & education,no,Social welfare & Empowerment,https://www.myscheme.gov.in/schemes/btehabwodap
Tamil Nadu,Destitute Agricultural Labourers Pension Scheme,State,Pensions,yes,"Social welfare & Empowerment; Women and Child; Agriculture,Rural & Environment",https://www.myscheme.gov.in/schemes/dalps
Tamil Nadu,Sathya Ammaiyar Ninaivu Government Children Homes,State,Health & disability,yes,Social welfare & Empowerment; Women and Child,https://www.myscheme.gov.in/schemes/sangch
Tamil Nadu,Braille Watches by Welfare of Differently Abled Persons Department,State,Other,no,Social welfare & Empowerment,https://www.myscheme.gov.in/schemes/bwbwodapd
Tamil Nadu,Magnifiers - Tamil Nadu,State,Not for workers: students & education,no,Social welfare & Empowerment,https://www.myscheme.gov.in/schemes/mbwodapd
Tamil Nadu,Pension Scheme - Folk Artist,State,"Not for workers: sports, arts, awards",no,Social welfare & Empowerment; Sports & Culture,https://www.myscheme.gov.in/schemes/psfa
Tamil Nadu,Destitute Differently Abled Pension Scheme,State,Pensions,yes,Social welfare & Empowerment; Women and Child,https://www.myscheme.gov.in/schemes/ddaps
Tamil Nadu,Distribution of Soil Health Card,State,Health & disability,yes,"Agriculture,Rural & Environment",https://www.myscheme.gov.in/schemes/doshc
Tamil Nadu,Micro Nutrient Spray,State,"Livelihood, loans & self-employment",yes,"Agriculture,Rural & Environment",https://www.myscheme.gov.in/schemes/mns
Tamil Nadu,Assistance to Lawyers for Starting their Practice,State,"Livelihood, loans & self-employment",yes,Education & Learning,https://www.myscheme.gov.in/schemes/atlfstp
Tamil Nadu,Book Bank Scheme: I,State,Not for workers: students & education,no,Education & Learning,https://www.myscheme.gov.in/schemes/bbsi
Tamil Nadu,"Award of ₹20,000/- to Best Writers",State,"Not for workers: sports, arts, awards",no,Education & Learning,https://www.myscheme.gov.in/schemes/atbw
Tamil Nadu,Perarignar Anna Memorial Award,State,Not for workers: students & education,no,Education & Learning,https://www.myscheme.gov.in/schemes/pamatn
Tamil Nadu,Postmatric Scholarship,State,Not for workers: students & education,no,Education & Learning,https://www.myscheme.gov.in/schemes/pmstn
Tamil Nadu,Employees Cooperative Societies Surety Loan,State,"Insurance, accident & death help",yes,"Banking,Financial Services and Insurance",https://www.myscheme.gov.in/schemes/ecssl
Tamil Nadu,District Central Cooperative Banks and through its Branches: For SSI Unit Loan and Other NFS Activities,State,"Insurance, accident & death help",yes,"Banking,Financial Services and Insurance; Agriculture,Rural & Environment",https://www.myscheme.gov.in/schemes/dccbssi
Tamil Nadu,Large Sized Multi-Purpose Coop. Society: Medium Term Loan to Tribal Members,State,"Insurance, accident & death help",yes,"Banking,Financial Services and Insurance",https://www.myscheme.gov.in/schemes/lsmpcltt
Tamil Nadu,Primary Cooperative Agriculture and Rural Development Bank: For Fishing Boats (Catamarans),State,"Livelihood, loans & self-employment",yes,"Banking,Financial Services and Insurance",https://www.myscheme.gov.in/schemes/pcardbfb
Tamil Nadu,District Central Cooperative Banks and through its Branches: For Maternity Loan through Self Help Groups,State,"Insurance, accident & death help",yes,"Banking,Financial Services and Insurance; Health & Wellness",https://www.myscheme.gov.in/schemes/dccbfml
Tamil Nadu,Primary Cooperative Agriculture and Rural Development Bank: For Minor Irrigation,State,"Insurance, accident & death help",yes,"Banking,Financial Services and Insurance",https://www.myscheme.gov.in/schemes/pcardmi
Tamil Nadu,Issuance of Free House Sites,State,Housing,yes,Social welfare & Empowerment,https://www.myscheme.gov.in/schemes/iofhs
Tamil Nadu,Integrated Scheme for Export Promotion & Quality Improvement in Spices and Research and Development of Cardamom:  Small Cardamom Irrigation Land Development : Irrigation equipment (Nos.),Central,Farmers & agriculture,yes,"Agriculture,Rural & Environment",https://www.myscheme.gov.in/schemes/isfepqiisaradocscildie
Tamil Nadu,Assistance For Purchase Of Spectacles By A Differently Abled Person,State,Other,no,Social welfare & Empowerment,https://www.myscheme.gov.in/schemes/apsdap
Tamil Nadu,Travel Concession To The Differently Abled Persons In State Owned Transport Corporation Buses,State,"Food, LPG & ration",yes,Transport & Infrastructure,https://www.myscheme.gov.in/schemes/tcdapsotcb
Tamil Nadu,Msme Skill Training And Employment Scheme,State,Not for workers: students & education,no,Skills & Employment,https://www.myscheme.gov.in/schemes/msme-stes
Tamil Nadu,Annal Ambedkar Business Champions Scheme,State,Other,no,Business & Entrepreneurship,https://www.myscheme.gov.in/schemes/aabcs
Tamil Nadu,Differently Abled Pension Scheme,State,Pensions,yes,Social welfare & Empowerment,https://www.myscheme.gov.in/schemes/daps
Tamil Nadu,Indira Gandhi National Widow Pension Scheme - Tamil Nadu,State,Pensions,yes,Social welfare & Empowerment; Women and Child,https://www.myscheme.gov.in/schemes/ignwpstn
Tamil Nadu,Destitute/Deserted Wives Pension Scheme,State,Pensions,yes,Social welfare & Empowerment; Women and Child,https://www.myscheme.gov.in/schemes/ddwps
Tamil Nadu,Destitute Widow Pension Scheme,State,Pensions,yes,Women and Child; Social welfare & Empowerment,https://www.myscheme.gov.in/schemes/dwps
Tamil Nadu,Sathiyavanimuthu Ammaiyar Ninaivu Free Supply of Sewing Machine Scheme,State,Pensions,yes,Social welfare & Empowerment; Women and Child,https://www.myscheme.gov.in/schemes/sanfsosms
Tamil Nadu,Scheme for Giving Awards to Junior Artists in Contemporary Art Field,State,"Not for workers: sports, arts, awards",no,Skills & Employment,https://www.myscheme.gov.in/schemes/sfgatjsicat
Tamil Nadu,Scheme of Giving Awards to Eminent Artists - Kalai Sudarmani Award,State,"Not for workers: sports, arts, awards",no,Skills & Employment,https://www.myscheme.gov.in/schemes/sogateaksa
Tamil Nadu,Scheme of Grant-In-Aid for Conduct of Art Exhibitions: One-Man Shows,State,"Not for workers: sports, arts, awards",no,Business & Entrepreneurship; Sports & Culture,https://www.myscheme.gov.in/schemes/sogiafcoae-oms
Tamil Nadu,Utility Based Handicrafts Award,State,"Not for workers: sports, arts, awards",no,Skills & Employment; Sports & Culture,https://www.myscheme.gov.in/schemes/ubha
Tamil Nadu,Scheme of Conferring ‘Kalaimamani’ Award,State,"Not for workers: sports, arts, awards",no,Skills & Employment; Sports & Culture,https://www.myscheme.gov.in/schemes/socka-tn
Tamil Nadu,Concession in Railway Travel,State,"Not for workers: sports, arts, awards",no,Social welfare & Empowerment; Sports & Culture; Transport & Infrastructure,https://www.myscheme.gov.in/schemes/iocfortc
Tamil Nadu,Unemployment Allowance to Differently Abled Persons,State,"Livelihood, loans & self-employment",yes,Social welfare & Empowerment,https://www.myscheme.gov.in/schemes/uatdap
Tamil Nadu,Marriage Assistance to Normal Persons Marrying Orthopedically Differently Abled Persons,State,"Women, marriage & maternity",yes,Social welfare & Empowerment,https://www.myscheme.gov.in/schemes/matnpmvip
Tamil Nadu,Gen Next Competition,State,"Not for workers: sports, arts, awards",no,Skills & Employment; Sports & Culture,https://www.myscheme.gov.in/schemes/gnc
Tamil Nadu,Modified Special Wheel Chairs for Persons Affected with Cerebral Palsy,State,Health & disability,yes,Social welfare & Empowerment,https://www.myscheme.gov.in/schemes/mswcfpawcp
Tamil Nadu,Marriage Assistance to Differently Abled Persons Marrying Differently Abled Persons,State,"Women, marriage & maternity",yes,Social welfare & Empowerment,https://www.myscheme.gov.in/schemes/matdapmdap
Tamil Nadu,Assistance to Law Graduates,State,Other,no,Education & Learning; Social welfare & Empowerment,https://www.myscheme.gov.in/schemes/atlg
Tamil Nadu,Special Education - Tamil Nadu,State,"Livelihood, loans & self-employment",yes,Education & Learning; Social welfare & Empowerment; Skills & Employment,https://www.myscheme.gov.in/schemes/sebwodap
Tamil Nadu,Smart Phone for Hearing and Visually Impaired Persons,State,Not for workers: students & education,no,Social welfare & Empowerment,https://www.myscheme.gov.in/schemes/spfhavip
Tamil Nadu,Calipers and Crutches - Tamil Nadu,State,Health & disability,yes,Social welfare & Empowerment,https://www.myscheme.gov.in/schemes/cacbwodap
Tamil Nadu,Goggles by Welfare of Differently Abled Persons Department,State,Other,no,Social welfare & Empowerment,https://www.myscheme.gov.in/schemes/gbwodapd
Tamil Nadu,Book Binder Training by Department for the Welfare of Differently Abled Persons,State,"Livelihood, loans & self-employment",yes,Skills & Employment,https://www.myscheme.gov.in/schemes/bbtbdftwodap
Tamil Nadu,Modular Functional Artificial Limbs,State,Not for workers: students & education,no,Social welfare & Empowerment,https://www.myscheme.gov.in/schemes/mfal
Tamil Nadu,Distribution of Manually Operated Plant Protection Equipment,State,"Livelihood, loans & self-employment",yes,"Agriculture,Rural & Environment",https://www.myscheme.gov.in/schemes/domoppe
Tamil Nadu,Distribution of Gypsum-Oil Seeds,State,"Livelihood, loans & self-employment",yes,"Agriculture,Rural & Environment",https://www.myscheme.gov.in/schemes/dogos
Tamil Nadu,Organizing Block Demonstration,State,"Food, LPG & ration",yes,"Agriculture,Rural & Environment",https://www.myscheme.gov.in/schemes/obd
Tamil Nadu,Organizing Block Demonstration Through Department And Also Through TNAU,State,"Food, LPG & ration",yes,"Agriculture,Rural & Environment",https://www.myscheme.gov.in/schemes/obdtdaattnau
Tamil Nadu,Distribution of Nuclear Poly Hedrosis Virus,State,"Livelihood, loans & self-employment",yes,"Agriculture,Rural & Environment",https://www.myscheme.gov.in/schemes/donpv
Tamil Nadu,Quality Paddy Seed Distribution,State,"Livelihood, loans & self-employment",yes,"Agriculture,Rural & Environment",https://www.myscheme.gov.in/schemes/qpsd
Tamil Nadu,Adi Dravidar and Tribal Welfare Department: Incentive/Award of Prizes-For Each Subjects,State,Not for workers: students & education,no,Education & Learning,https://www.myscheme.gov.in/schemes/adtwip
Tamil Nadu,Training to Farmers,State,"Livelihood, loans & self-employment",yes,"Agriculture,Rural & Environment",https://www.myscheme.gov.in/schemes/ttf
Tamil Nadu,Adi Dravidar and Tribal Welfare Department-Incentive/Award of Prizes,State,Not for workers: students & education,no,Education & Learning,https://www.myscheme.gov.in/schemes/adtwdiap
Tamil Nadu,Production of Certified Seeds of Maize,State,"Livelihood, loans & self-employment",yes,"Agriculture,Rural & Environment",https://www.myscheme.gov.in/schemes/pocsm
Tamil Nadu,Scheme for Meritorious Students to Pursue Higher Secondary Education in the Best Schools of Tamil Nadu,State,Not for workers: students & education,no,Education & Learning,https://www.myscheme.gov.in/schemes/sfmstn
Tamil Nadu,Adi Dravidar and Tribal Welfare Department: Scholarship-Public Examination Fee for 10th and 12th Std.,State,Not for workers: students & education,no,Education & Learning,https://www.myscheme.gov.in/schemes/adtwspe
Tamil Nadu,District Central Cooperative Banks and through its Branches: Small Road Transport Operators Loan (SRTO Loan),State,"Insurance, accident & death help",yes,"Banking,Financial Services and Insurance; Transport & Infrastructure",https://www.myscheme.gov.in/schemes/dccbsrto
Tamil Nadu,Primary Cooperative Agriculture and Rural Development Bank: For Horticulture,State,"Insurance, accident & death help",yes,"Banking,Financial Services and Insurance",https://www.myscheme.gov.in/schemes/pcaardfh
Tamil Nadu,District Central Cooperative Banks and through its Branches: For Jewel Loan,State,"Insurance, accident & death help",yes,"Banking,Financial Services and Insurance",https://www.myscheme.gov.in/schemes/dccbfjl
Tamil Nadu,Primary Cooperative Agriculture and Rural Development Bank: Jewel Loans,State,"Insurance, accident & death help",yes,"Banking,Financial Services and Insurance",https://www.myscheme.gov.in/schemes/pcaardjl
Tamil Nadu,Primary Cooperative Agriculture and Rural Development Bank: For Sericulture In Irrigated Area,State,"Insurance, accident & death help",yes,"Agriculture,Rural & Environment; Banking,Financial Services and Insurance",https://www.myscheme.gov.in/schemes/pcardsia
Tamil Nadu,Distribution of Iron Boxes at Free of Cost,State,"Livelihood, loans & self-employment",yes,Social welfare & Empowerment,https://www.myscheme.gov.in/schemes/dibafc
Tamil Nadu,Integrated Scheme for Export Promotion & Quality Improvement in Spices and Research and Development of Cardamom: Post-Harvest Improvement: ICCD for Small Cardamom (nos) (Improved Cardamom Curing Devices),Central,Farmers & agriculture,yes,"Agriculture,Rural & Environment; Business & Entrepreneurship",https://www.myscheme.gov.in/schemes/isfepqiisaradocphicdscnosiccd
Tamil Nadu,Assistance for Marriage,State,"Women, marriage & maternity",yes,Social welfare & Empowerment,https://www.myscheme.gov.in/schemes/afm
Tamil Nadu,Pension for Journalists’ Family,State,Not for workers: honour & service pensions,no,Social welfare & Empowerment; Women and Child,https://www.myscheme.gov.in/schemes/pfjf
Tamil Nadu,Annal Gandhi Memorial Award,State,"Not for workers: sports, arts, awards",no,Education & Learning,https://www.myscheme.gov.in/schemes/agma
Tamil Nadu,Marriage Assistance - Folk Artist,State,"Not for workers: sports, arts, awards",no,Women and Child; Sports & Culture; Social welfare & Empowerment,https://www.myscheme.gov.in/schemes/mafa
Tamil Nadu,Chief Minister’s Girl Child Protection Scheme-I,State,"Women, marriage & maternity",yes,Women and Child; Social welfare & Empowerment,https://www.myscheme.gov.in/schemes/cmgcpsi
Tamil Nadu,Distress Relief Scheme,State,"Insurance, accident & death help",yes,Social welfare & Empowerment,https://www.myscheme.gov.in/schemes/drs
Tamil Nadu,Accident Relief Scheme,State,"Insurance, accident & death help",yes,Social welfare & Empowerment,https://www.myscheme.gov.in/schemes/ars
Tamil Nadu,Scheme for Giving Financial Assistance to the Legal Heirs of the Deceased Artist (Wife/Husband) on the Death of the Indigent Artist Who Was Receiving Financial Assistance,State,"Not for workers: sports, arts, awards",no,Social welfare & Empowerment; Sports & Culture,https://www.myscheme.gov.in/schemes/sfgfattlhotdawhotdotiawwrfs
Tamil Nadu,Scheme of Extending Family Maintenance Grant to the Families of the Deceased Famous Artists,State,"Not for workers: sports, arts, awards",no,Social welfare & Empowerment; Sports & Culture,https://www.myscheme.gov.in/schemes/soefmgttfotdfa
Tamil Nadu,Moovalur Ramamirtham Ammaiyar Ninaivu Marriage Assistance Scheme - II,State,"Food, LPG & ration",yes,Social welfare & Empowerment; Women and Child,https://www.myscheme.gov.in/schemes/mranmas-ii
Tamil Nadu,Child Adoption - Tamil Nadu,State,Other,no,Women and Child; Social welfare & Empowerment,https://www.myscheme.gov.in/schemes/catn
Tamil Nadu,Dr. Muthulakshmi Reddy Ninaivu Inter-caste Marriage Assistance Scheme-II,State,"Women, marriage & maternity",yes,Women and Child; Social welfare & Empowerment,https://www.myscheme.gov.in/schemes/dmrnicmasii
Tamil Nadu,Financial Assistance for Medical Treatment of Journalists,State,Not for workers: honour & service pensions,no,Health & Wellness; Social welfare & Empowerment,https://www.myscheme.gov.in/schemes/famtj
Tamil Nadu,Journalists’ Family Benefit Fund,State,Not for workers: honour & service pensions,no,Social welfare & Empowerment; Skills & Employment,https://www.myscheme.gov.in/schemes/jfbf
Tamil Nadu,"Scholarships to Students Studying in Central Government Institution like IIT, IIM, IIIT, NIT and Central Universities",State,Not for workers: students & education,no,Education & Learning,https://www.myscheme.gov.in/schemes/stss
Tamil Nadu,Education Assistance - Folk Artist,State,Not for workers: students & education,no,Education & Learning; Sports & Culture,https://www.myscheme.gov.in/schemes/eafa
Tamil Nadu,Chief Minister Merit Award,State,Not for workers: students & education,no,Education & Learning,https://www.myscheme.gov.in/schemes/cmma
Tamil Nadu,Capital Subsidy,State,Other,no,Business & Entrepreneurship,https://www.myscheme.gov.in/schemes/cs-tn
Tamil Nadu,Subsidy for Asset Creation for Intellectual Property: Patent Registration,State,"Food, LPG & ration",yes,Business & Entrepreneurship,https://www.myscheme.gov.in/schemes/sfacfippr
Tamil Nadu,Subsidy for Asset Creation for Intellectual Property: Subsidy on the Cost of Trade Mark Registration or Geographical Indications (GI) in India or Abroad,State,"Food, LPG & ration",yes,Business & Entrepreneurship,https://www.myscheme.gov.in/schemes/sacipsctmrgiia
Tamil Nadu,Grant of Quality Certification Reimbursement of Charges,State,Other,no,Business & Entrepreneurship,https://www.myscheme.gov.in/schemes/gqcrc
Tamil Nadu,Low Tension Power Tariff (LTPT) Subsidy,State,"Livelihood, loans & self-employment",yes,Business & Entrepreneurship; Utility & Sanitation,https://www.myscheme.gov.in/schemes/ltpts
Tamil Nadu,Promotion of Energy Audit and Conservation of Energy (PEACE): Awareness Programme,State,Other,no,Business & Entrepreneurship,https://www.myscheme.gov.in/schemes/peaceap
Tamil Nadu,Scheme of Grant-In-Aid for Conduct of Art Exhibitions: Group Shows,State,"Not for workers: sports, arts, awards",no,Sports & Culture; Skills & Employment,https://www.myscheme.gov.in/schemes/sogiafcoae-gs
Tamil Nadu,Distribution of Certified Seeds of Maize,State,"Livelihood, loans & self-employment",yes,"Agriculture,Rural & Environment",https://www.myscheme.gov.in/schemes/docsom
Tamil Nadu,Back Ended Interest Subsidy (BEIS),State,"Insurance, accident & death help",yes,"Business & Entrepreneurship; Banking,Financial Services and Insurance",https://www.myscheme.gov.in/schemes/beis
Tamil Nadu,Team Production Award,State,"Not for workers: sports, arts, awards",no,Skills & Employment; Sports & Culture,https://www.myscheme.gov.in/schemes/tpa
Tamil Nadu,Old Age Homes - Tamil Nadu,State,Pensions,yes,Social welfare & Empowerment; Health & Wellness; Housing & Shelter; Women and Child,https://www.myscheme.gov.in/schemes/oahtn
Tamil Nadu,Integrated Pest Management Demonstration Cum Training,State,Not for workers: students & education,no,"Agriculture,Rural & Environment",https://www.myscheme.gov.in/schemes/ipmdct
Tamil Nadu,Generator Subsidy-Tamil Nadu,State,"Livelihood, loans & self-employment",yes,"Agriculture,Rural & Environment",https://www.myscheme.gov.in/schemes/gstn
Tamil Nadu,Reimbursement of Stamp Duty and Registration Charges,State,"Food, LPG & ration",yes,Business & Entrepreneurship,https://www.myscheme.gov.in/schemes/rsdarc
Tamil Nadu,Subsidy for Fund Raising from SME Exchange,State,Other,no,Business & Entrepreneurship,https://www.myscheme.gov.in/schemes/sffrfse
Tamil Nadu,Promotion of Energy Audit and Conservation of Energy (PEACE): Detailed Energy Audit,State,Other,no,Business & Entrepreneurship,https://www.myscheme.gov.in/schemes/peacedea
Tamil Nadu,Promotion of Energy Audit and Conservation of Energy (PEACE): Incentive for Implementing Energy Audit Recommendations,State,Other,no,Business & Entrepreneurship,https://www.myscheme.gov.in/schemes/peaceifiear
Tamil Nadu,Generator Subsidy,State,"Livelihood, loans & self-employment",yes,Business & Entrepreneurship; Utility & Sanitation,https://www.myscheme.gov.in/schemes/gs-tn
Tamil Nadu,Financial Assistance to Non Governmental Organisations,State,Not for workers: students & education,no,Social welfare & Empowerment; Business & Entrepreneurship; Education & Learning,https://www.myscheme.gov.in/schemes/fatngo
Tamil Nadu,Promotion of Energy Audit and Conservation of Energy (PEACE): Training Programme,State,Other,no,Business & Entrepreneurship,https://www.myscheme.gov.in/schemes/peacetp
Tamil Nadu,Payroll Subsidy,State,Other,no,Business & Entrepreneurship,https://www.myscheme.gov.in/schemes/ps-tn
Tamil Nadu,Handicrafts Export Award,State,"Not for workers: sports, arts, awards",no,Business & Entrepreneurship,https://www.myscheme.gov.in/schemes/hea
Tamil Nadu,Farmers Interest Group (FIG),State,"Livelihood, loans & self-employment",yes,"Agriculture,Rural & Environment",https://www.myscheme.gov.in/schemes/fig
Tamil Nadu,National Mission on Edible Oils- Oil Palm,Central,Farmers & agriculture,yes,"Agriculture,Rural & Environment",https://www.myscheme.gov.in/schemes/nmeo-op
Rajasthan,Rajasthan Chief Minister's Relief Fund - Medical Help,State,Health & disability,yes,Health & Wellness,https://www.myscheme.gov.in/schemes/rcmrf-mh
Rajasthan,Chief Minister Ekal Nari Samman Pension Yojana,State,"Not for workers: sports, arts, awards",no,Social welfare & Empowerment; Women and Child,https://www.myscheme.gov.in/schemes/cmenspy
Rajasthan,Scheme For Study In Abroad,State,"Women, marriage & maternity",yes,Education & Learning; Women and Child,https://www.myscheme.gov.in/schemes/sfsa
Rajasthan,Devnarayan Pre-Matric Scholarship Scheme,State,Not for workers: students & education,no,Education & Learning,https://www.myscheme.gov.in/schemes/dpmsc
Rajasthan,Incentive To Girls,State,Not for workers: students & education,no,"Agriculture,Rural & Environment; Women and Child",https://www.myscheme.gov.in/schemes/itg
Rajasthan,Widow B.Ed Scheme-Rajasthan,State,Not for workers: students & education,no,Education & Learning; Women and Child,https://www.myscheme.gov.in/schemes/wbedrj
Rajasthan,Nirman Shramik Auzaar Toolkit Sahayata Yojana,State,Workers' welfare boards & labour,yes,"Banking,Financial Services and Insurance",https://www.myscheme.gov.in/schemes/nsatsy
Rajasthan, Indira Mahila Shakti Udyam Protsahan Yojana,State,"Livelihood, loans & self-employment",yes,Women and Child,https://www.myscheme.gov.in/schemes/imspesy
Rajasthan,Nirman Shramik Avm Unke Aashrit Bacchon Dwara Bhartiya Rajasthan Prashasnik Seva Hetu Aayojit Pratibhabhik Yojana,State,Workers' welfare boards & labour,yes,Education & Learning,https://www.myscheme.gov.in/schemes/nsauabdbrpshapy
Rajasthan,Nirman Shramikon ke Liye Vyavsayik Rin Par Byaj ki Punarbharan Yojana,State,Workers' welfare boards & labour,yes,"Banking,Financial Services and Insurance",https://www.myscheme.gov.in/schemes/nsklvrpbkpy
Rajasthan,Suraksha Laghu Evan Simant Vriddhajan Krishak Samman Pension Yojana,State,"Not for workers: sports, arts, awards",no,Social welfare & Empowerment,https://www.myscheme.gov.in/schemes/slesvkspy
Rajasthan,Krishi Yantra,State,"Livelihood, loans & self-employment",yes,"Agriculture,Rural & Environment",https://www.myscheme.gov.in/schemes/ky
Rajasthan,Indira Mahila Shakti Prashikshan Evam Kaushal Sanvardhan Yojna -RS-CIT,State,"Livelihood, loans & self-employment",yes,Women and Child; Education & Learning,https://www.myscheme.gov.in/schemes/imspeksyrc
Rajasthan,Walk In Tunnel,State,"Livelihood, loans & self-employment",yes,"Agriculture,Rural & Environment",https://www.myscheme.gov.in/schemes/wit
Rajasthan,Anti Bird Net,State,Farmers & agriculture,yes,"Agriculture,Rural & Environment",https://www.myscheme.gov.in/schemes/abn
Rajasthan,Ambedkar International Scholarship - SC,State,Not for workers: students & education,no,Education & Learning,https://www.myscheme.gov.in/schemes/ais-sc
Rajasthan,Additional Financial Assistance for the Children of Persons Engaged in the Cleaning Profession,State,Not for workers: students & education,no,Education & Learning,https://www.myscheme.gov.in/schemes/pmsscpecp
Rajasthan,Transgender Utthan Kosh - College/Higher/Technical Educational Fees Refund for Transgender Students,State,Not for workers: students & education,no,Education & Learning,https://www.myscheme.gov.in/schemes/tuk-chterts
Rajasthan,Transgender Utthan Kosh - Self Employment Programme for Transgender,State,"Livelihood, loans & self-employment",yes,Business & Entrepreneurship; Skills & Employment,https://www.myscheme.gov.in/schemes/tuk-sept
Rajasthan,Transgender Utthan Kosh - Training Programme for Transgender,State,"Livelihood, loans & self-employment",yes,Skills & Employment,https://www.myscheme.gov.in/schemes/tuk-tpt
Rajasthan,Scholarship for Children of Ex-Servicemen for Vocational and Technical Education,State,Not for workers: students & education,no,Education & Learning,https://www.myscheme.gov.in/schemes/sseces
Rajasthan,Rajya Pratibha Khoj Pariksha Chhatravriti Yojana,State,Not for workers: students & education,no,Education & Learning,https://www.myscheme.gov.in/schemes/rpkpcy
Rajasthan,Aapki Beti Yojana,State,Not for workers: students & education,no,Education & Learning; Women and Child,https://www.myscheme.gov.in/schemes/aby
Rajasthan,Rajasthan Varishth Patrakar Samman Yojana,State,"Not for workers: sports, arts, awards",no,Social welfare & Empowerment,https://www.myscheme.gov.in/schemes/rsajsy
Rajasthan,Laado Protsahan Yojana,State,Health & disability,yes,Women and Child,https://www.myscheme.gov.in/schemes/lpy
Rajasthan,Operation of Sports Hostels,State,Not for workers: students & education,no,Sports & Culture; Housing & Shelter,https://www.myscheme.gov.in/schemes/osh
Rajasthan,Scheme For Grant Of Rewards To The Children Of Salt Labourers,Central,Not for workers: students & education,no,Social welfare & Empowerment; Education & Learning,https://www.myscheme.gov.in/schemes/sgrcsl
Rajasthan,Nirman Shramik Antrashtriya Khel Pratiyogiyo Hetu Protsahan Yojana,State,"Not for workers: sports, arts, awards",no,Sports & Culture,https://www.myscheme.gov.in/schemes/nsakppy
Rajasthan,Assistance Scheme For Reimbursement For Expenditure On Visa By Construction Workers For Employment Abroad,State,Workers' welfare boards & labour,yes,Skills & Employment,https://www.myscheme.gov.in/schemes/asfrfevcsea
Rajasthan,Schedule Tribe Pre-Metric Scholarship Class 06 To 08,State,Not for workers: students & education,no,Education & Learning,https://www.myscheme.gov.in/schemes/stpmsc
Rajasthan,Young Interns Program,State,Not for workers: students & education,no,Education & Learning,https://www.myscheme.gov.in/schemes/yip
Rajasthan,Schedule Caste Pre-Metric Scholarship Class 06 To 08,State,Not for workers: students & education,no,Education & Learning,https://www.myscheme.gov.in/schemes/scpmsc
Rajasthan,Incentive To Saharia Students For B.Ed,State,Not for workers: students & education,no,Education & Learning,https://www.myscheme.gov.in/schemes/issfb
Rajasthan,Nirman Shramik Siksha Kaushal Vikas Yojana,State,Not for workers: students & education,no,Education & Learning,https://www.myscheme.gov.in/schemes/nsskvy
Rajasthan,Vidhva Vivah Uphar Yojana,State,"Women, marriage & maternity",yes,Social welfare & Empowerment,https://www.myscheme.gov.in/schemes/vvuy
Rajasthan,Mukhyamantri Work Form Home-Job Work Yojana,State,"Livelihood, loans & self-employment",yes,Women and Child,https://www.myscheme.gov.in/schemes/mwfhjwy
Rajasthan,Farm Pond (Khet Talai) Nirman Karyakram,State,Farmers & agriculture,yes,"Agriculture,Rural & Environment",https://www.myscheme.gov.in/schemes/fpktnk
Rajasthan,Indira Mahila Shakti Prashikshan Evam Koshal Sanvardhan Yojana (RS-CSEP),State,"Food, LPG & ration",yes,Education & Learning,https://www.myscheme.gov.in/schemes/imspeksyrcr
Rajasthan,Diggy,State,Farmers & agriculture,yes,"Agriculture,Rural & Environment",https://www.myscheme.gov.in/schemes/dr
Rajasthan,Mini Sprinkler Sanyantr,State,"Livelihood, loans & self-employment",yes,"Agriculture,Rural & Environment",https://www.myscheme.gov.in/schemes/mss
Rajasthan,Green House,State,Housing,yes,"Agriculture,Rural & Environment",https://www.myscheme.gov.in/schemes/gh
Rajasthan,Chhatraon Ke Liye Protsahan Rashi,State,Not for workers: students & education,no,"Agriculture,Rural & Environment; Education & Learning",https://www.myscheme.gov.in/schemes/cklpr
Rajasthan,Kisan Kaleva Yojana,State,"Food, LPG & ration",yes,"Agriculture,Rural & Environment",https://www.myscheme.gov.in/schemes/kky
Rajasthan,Kam Lagat Pyaaj Bhandaran Sanrachna,State,Farmers & agriculture,yes,"Agriculture,Rural & Environment",https://www.myscheme.gov.in/schemes/klpbs
Rajasthan,Naye Fal Bagicho Ki Sthapana,State,Farmers & agriculture,yes,"Agriculture,Rural & Environment",https://www.myscheme.gov.in/schemes/nfbks
Rajasthan,Mahatma Jyotiba Phule Mandi shramik kalyaan yojana ,State,Workers' welfare boards & labour,yes,"Agriculture,Rural & Environment",https://www.myscheme.gov.in/schemes/mjpmsky
Rajasthan,Transgender Utthan Kosh – Identity Card for Transgender,State,"Food, LPG & ration",yes,Social welfare & Empowerment,https://www.myscheme.gov.in/schemes/tufs
Rajasthan,Ambedkar Fellowship Scheme,State,Not for workers: students & education,no,Education & Learning,https://www.myscheme.gov.in/schemes/afs-sc
Rajasthan,Devnarayan Chhatra Cycle Scheme,State,Not for workers: students & education,no,Social welfare & Empowerment,https://www.myscheme.gov.in/schemes/dccs
Rajasthan,Mukhyamantri Vishesh Yogyajan Swaraozgar Yojana,State,Health & disability,yes,Business & Entrepreneurship,https://www.myscheme.gov.in/schemes/mmvyjsy
Rajasthan,"Financial Assistance for the Treatment of Blind, Disabled, Deaf, Dumb, or Mentally Challenged Ex-Servicemen and their Dependents (Wife and Children)",State,Not for workers: honour & service pensions,no,Health & Wellness,https://www.myscheme.gov.in/schemes/faafbdmmresf
Rajasthan,World War II Pension,State,Not for workers: honour & service pensions,no,Social welfare & Empowerment,https://www.myscheme.gov.in/schemes/wwiip
Rajasthan,Cash Amount for Encouraging Scheduled Tribe Sportsperson Students,State,Not for workers: students & education,no,Sports & Culture,https://www.myscheme.gov.in/schemes/cifestss
Rajasthan,"Free Bicycle Distribution to Students of Vimukt, Ghumantu and Ardhghumantu Communities",State,Not for workers: students & education,no,Education & Learning,https://www.myscheme.gov.in/schemes/fbdsvgac
Rajasthan,Gargi Puruskar Yojana,State,Not for workers: students & education,no,Education & Learning; Women and Child,https://www.myscheme.gov.in/schemes/gpy
Rajasthan,Devnarayan Gurukul Yojana,State,Not for workers: students & education,no,Education & Learning,https://www.myscheme.gov.in/schemes/dgyr
Rajasthan,Competitive Exam Coaching,State,Not for workers: students & education,no,Education & Learning,https://www.myscheme.gov.in/schemes/cec
Rajasthan,NEET/JEE Coaching For Tribal Students,State,Not for workers: students & education,no,Education & Learning,https://www.myscheme.gov.in/schemes/njcfts
Rajasthan,CM Anuprati Coaching Scheme,State,Not for workers: students & education,no,Education & Learning,https://www.myscheme.gov.in/schemes/cmacs
Rajasthan,Indira Gandhi Shehri Credit Card Yojana,State,"Livelihood, loans & self-employment",yes,Social welfare & Empowerment,https://www.myscheme.gov.in/schemes/igsccy
Rajasthan,Rajiv Gandhi Scholarship For Academic Excellence,State,Not for workers: students & education,no,Education & Learning,https://www.myscheme.gov.in/schemes/rgsfsae
Rajasthan,Chief Minister Specially Abled Samman Pension Scheme,State,Not for workers: students & education,no,Social welfare & Empowerment,https://www.myscheme.gov.in/schemes/cmsasps
Rajasthan,Devnarayan Post Matric Scholarship Scheme,State,Not for workers: students & education,no,Education & Learning,https://www.myscheme.gov.in/schemes/dpmss
Rajasthan,Economic Help To Sahariya Tribal Girl Students (Class 11 And 12),State,Not for workers: students & education,no,Education & Learning; Women and Child,https://www.myscheme.gov.in/schemes/ehstgs
Rajasthan,Nirman Shramiko Ko Videsh Mai Rojgar Hetu Visa Per Hone Wale Vyay Ka Punarbharan Yojana,State,Workers' welfare boards & labour,yes,Social welfare & Empowerment,https://www.myscheme.gov.in/schemes/nskvmyhvphvbkpy
Rajasthan,Silicosis Pidit Hita-dhikariyon Hetu Sahayata Yojana,State,Health & disability,yes,Health & Wellness,https://www.myscheme.gov.in/schemes/sphhsy
Rajasthan,Mukhyamantri Rajshri Yojana,State,Health & disability,yes,Women and Child,https://www.myscheme.gov.in/schemes/mry
Rajasthan,Vermicompost Ikai,State,Farmers & agriculture,yes,"Agriculture,Rural & Environment",https://www.myscheme.gov.in/schemes/vi
Rajasthan,Shednet House,State,Housing,yes,"Agriculture,Rural & Environment",https://www.myscheme.gov.in/schemes/sh
Rajasthan,Chief Minister Higher Education Scholarship Scheme,State,Not for workers: students & education,no,Education & Learning,https://www.myscheme.gov.in/schemes/cmhess
Rajasthan,Dr. Savita Ben Ambedkar Antarjatiya Vivah Prothsahan Yojana,State,"Women, marriage & maternity",yes,Social welfare & Empowerment,https://www.myscheme.gov.in/schemes/dsbaavpy
Rajasthan,Gadiya Lohar Raw Material Purchase Grant-in-aid Scheme,State,Other,no,Business & Entrepreneurship,https://www.myscheme.gov.in/schemes/glrmy
Rajasthan,Indira Priyadarshini Award,State,Not for workers: students & education,no,Education & Learning,https://www.myscheme.gov.in/schemes/ipy
Rajasthan,Kasturba Gandhi Special Term Deposit Receipt Scheme,State,Not for workers: students & education,no,Education & Learning; Women and Child,https://www.myscheme.gov.in/schemes/kgsfdrs
Rajasthan,Hostel Rent Assistance Scheme for Tribal Students,State,Not for workers: students & education,no,Education & Learning; Housing & Shelter,https://www.myscheme.gov.in/schemes/hrasfts
Rajasthan,Sindhu Darshan Pilgrimage Scheme - Rajasthan,State,Other,no,Travel & Tourism,https://www.myscheme.gov.in/schemes/sdpsr
Rajasthan,Mukhyamantri Shiksha Alankar Yojana for Students of Economically Weaker Section,State,Not for workers: students & education,no,Education & Learning,https://www.myscheme.gov.in/schemes/mmsayfews
Rajasthan,Maa-Badi / Maa-Badi Day-Care Centre Scheme,State,"Food, LPG & ration",yes,Education & Learning; Women and Child,https://www.myscheme.gov.in/schemes/mbmbdccs
Rajasthan,Mukhyamantri Ayushman Aarogya Yojana,State,Health & disability,yes,Health & Wellness,https://www.myscheme.gov.in/schemes/maayr
Rajasthan,Assistance Scheme For Construction Worker In Case Of General Or Accidental Death Or Injury,State,Workers' welfare boards & labour,yes,Social welfare & Empowerment,https://www.myscheme.gov.in/schemes/asfcw
Rajasthan,Ghar Ghar Aushodhi Yojana,State,Health & disability,yes,"Agriculture,Rural & Environment",https://www.myscheme.gov.in/schemes/ggay
Rajasthan,Devnarayan Scooty Distribution And Incentive Scheme,State,Not for workers: students & education,no,Education & Learning; Women and Child,https://www.myscheme.gov.in/schemes/dsdais
Rajasthan,Economic Help To Tribal Girls For Higher Education (College Level),State,Not for workers: students & education,no,Education & Learning; Women and Child,https://www.myscheme.gov.in/schemes/ehttg
Rajasthan,Economic Help To Tribal Girls For Higher Education (Class 11 & 12),State,Not for workers: students & education,no,Social welfare & Empowerment; Women and Child,https://www.myscheme.gov.in/schemes/ehftg
Rajasthan, Nirman Shramik Jeevan va Bhavishya Suraksha Yojana,State,Pensions,yes,Health & Wellness,https://www.myscheme.gov.in/schemes/nsjbsy
Rajasthan,Hita-dhikaari Ke Samanye Athava Durghatana Me Mrityu Ya Ghayal Hone Ki Dasha Me Sahayata Yojana,State,Health & disability,yes,Health & Wellness; Social welfare & Empowerment,https://www.myscheme.gov.in/schemes/hksadmmyghkdms
Rajasthan,Mukyamantri Samuhik Vivah Evam Anudan Yojna ,State,"Women, marriage & maternity",yes,Women and Child,https://www.myscheme.gov.in/schemes/msveay
Rajasthan,Indira Gandhi National Vrdhavastha Pension Yojana,State,Pensions,yes,"Banking,Financial Services and Insurance",https://www.myscheme.gov.in/schemes/ignvpyr
Rajasthan,Indira Gandhi National Vidhva Pension yojana,State,Pensions,yes,"Banking,Financial Services and Insurance",https://www.myscheme.gov.in/schemes/ignvpyrr
Rajasthan,Plastic Tunnel (Lo-Tunnel),State,Farmers & agriculture,yes,"Agriculture,Rural & Environment",https://www.myscheme.gov.in/schemes/ptlt
Rajasthan,Jal Hauj,State,Farmers & agriculture,yes,"Agriculture,Rural & Environment",https://www.myscheme.gov.in/schemes/jh
Rajasthan,Fasal Pradarshan,State,"Food, LPG & ration",yes,"Agriculture,Rural & Environment",https://www.myscheme.gov.in/schemes/fp
Rajasthan,Transgender Utthan Kosh - Pre Matric Scholarship for Studying Transgender,State,Not for workers: students & education,no,Education & Learning,https://www.myscheme.gov.in/schemes/tukpmsst
Rajasthan,Transgender Utthan Kosh - Post Matric Scholarship for Studying Transgender,State,Not for workers: students & education,no,Education & Learning,https://www.myscheme.gov.in/schemes/tukpmsfst
Rajasthan,Ambedkar DBT Voucher Scheme,State,Not for workers: students & education,no,Social welfare & Empowerment; Education & Learning,https://www.myscheme.gov.in/schemes/adbtvs
Rajasthan,Motorized Tricycle Yojana,State,Health & disability,yes,Skills & Employment,https://www.myscheme.gov.in/schemes/mts
Rajasthan,Assistance to Persons with Disabilities for Purchase/Fitting of Artificial Limbs/Appliances,State,Health & disability,yes,Social welfare & Empowerment,https://www.myscheme.gov.in/schemes/apafale
Rajasthan,Vishesh Yogyajan Chhatravriti Yojana,State,Not for workers: students & education,no,Education & Learning,https://www.myscheme.gov.in/schemes/ssfsap
Rajasthan,Urdu Scholarship- Rajasthan,State,Not for workers: students & education,no,Education & Learning,https://www.myscheme.gov.in/schemes/usr
Rajasthan,Distance Education Scheme for Girls,State,Not for workers: students & education,no,Education & Learning,https://www.myscheme.gov.in/schemes/desfg
Rajasthan,Free Scooty Distribution for Girls (GEN-CATEGAORY-EWS),State,Not for workers: students & education,no,Education & Learning; Women and Child,https://www.myscheme.gov.in/schemes/fsdfg
Rajasthan,Prakashan Sahayata Yojana,State,"Not for workers: sports, arts, awards",no,Social welfare & Empowerment,https://www.myscheme.gov.in/schemes/pasr
Rajasthan,Financial Assistance Scheme for Journalists and Litterateurs - Rajasthan,State,Not for workers: honour & service pensions,no,Health & Wellness; Social welfare & Empowerment,https://www.myscheme.gov.in/schemes/fasfj
Rajasthan,Mukhyamantri Hunar Vikas Yojana- Self-Employment/Business,State,"Livelihood, loans & self-employment",yes,Business & Entrepreneurship; Skills & Employment,https://www.myscheme.gov.in/schemes/mhvs-sebs
Rajasthan,Operation of Ashram Hostels,State,Not for workers: students & education,no,Education & Learning; Housing & Shelter,https://www.myscheme.gov.in/schemes/oahr
Rajasthan,Assistance to Pilgrims for Kailash Mansarovar Yatra - Rajasthan,State,Other,no,Travel & Tourism,https://www.myscheme.gov.in/schemes/apkmy
Rajasthan,Kali Bai Bheel Medhavi Chhatra Scooty Scheme,State,Not for workers: students & education,no,Education & Learning; Women and Child,https://www.myscheme.gov.in/schemes/kbbmcss
Rajasthan,Beej Swalamban Yojna,State,Farmers & agriculture,yes,"Agriculture,Rural & Environment",https://www.myscheme.gov.in/schemes/bsyrj
Rajasthan,Palanhar Scheme,State,Other,no,Social welfare & Empowerment,https://www.myscheme.gov.in/schemes/ps
Rajasthan,Zero Budget Natural Farming,State,"Livelihood, loans & self-employment",yes,"Agriculture,Rural & Environment",https://www.myscheme.gov.in/schemes/zbnf
Rajasthan,Mukhyamantri Vishesh Yogyajan Sammaan Pension Yojana,State,"Not for workers: sports, arts, awards",no,Social welfare & Empowerment,https://www.myscheme.gov.in/schemes/mvyspy
Rajasthan,Mukhyamantri Vriddhjan Samman Pension Yojana,State,"Not for workers: sports, arts, awards",no,Social welfare & Empowerment,https://www.myscheme.gov.in/schemes/mvspy
Rajasthan,Kantedar Tarbandi Yojana,State,Farmers & agriculture,yes,"Agriculture,Rural & Environment",https://www.myscheme.gov.in/schemes/kkt
Rajasthan,Sinchai Pipeline Karyakram,State,Farmers & agriculture,yes,"Agriculture,Rural & Environment",https://www.myscheme.gov.in/schemes/spk
Rajasthan,Drip Sanyantr,State,Farmers & agriculture,yes,"Agriculture,Rural & Environment",https://www.myscheme.gov.in/schemes/dsr
Rajasthan,Fawara Sanyantra,State,Farmers & agriculture,yes,"Agriculture,Rural & Environment",https://www.myscheme.gov.in/schemes/fsr
Rajasthan,Khet Talai,State,Farmers & agriculture,yes,"Agriculture,Rural & Environment",https://www.myscheme.gov.in/schemes/kt
Rajasthan,Rajiv Gandhi Krishak Sathi Sahayta Yojana,State,"Insurance, accident & death help",yes,"Agriculture,Rural & Environment",https://www.myscheme.gov.in/schemes/rgkssy
Rajasthan,Plastic Mulching,State,"Not for workers: sports, arts, awards",no,"Agriculture,Rural & Environment",https://www.myscheme.gov.in/schemes/pm
Rajasthan,Mahila Swayamsiddha Yojana Rajasthan,State,Pensions,yes,Housing & Shelter; Women and Child; Skills & Employment,https://www.myscheme.gov.in/schemes/msyr
Rajasthan,Transgender Utthan Kosh - Financial Assistance for Studying Bisexual Children,State,Not for workers: students & education,no,Education & Learning,https://www.myscheme.gov.in/schemes/tuk-fasbc
Rajasthan,Mukhya Mantri Sarvajan Uchcha Shiksha Chhatravriti Yojana,State,Not for workers: students & education,no,Education & Learning,https://www.myscheme.gov.in/schemes/mmsuscy
Rajasthan,Financial assistance to Meritorious Scheduled Tribe Students who have Passed First Division from Board and University,State,Not for workers: students & education,no,Education & Learning,https://www.myscheme.gov.in/schemes/bufdstmsfa
Rajasthan,Devnarayan Pratibhawan Chhatra Protsahan Yojana,State,Not for workers: students & education,no,Education & Learning,https://www.myscheme.gov.in/schemes/dpcpy
Rajasthan,Grant on Passing the Written Examination of Competitive Examinations for Recruitment in Armed Forces,State,Not for workers: students & education,no,Education & Learning,https://www.myscheme.gov.in/schemes/cgsces
Rajasthan,Mukhyamantri Hunar Vikas Yojana- Professional/Technical Training,State,"Food, LPG & ration",yes,Skills & Employment,https://www.myscheme.gov.in/schemes/mhvs-ptts
Rajasthan,Mukhyamantri Hunar Vikas Yojana- Higher Education/Technical Education,State,Not for workers: students & education,no,Skills & Employment; Education & Learning,https://www.myscheme.gov.in/schemes/mhvs-hte
Rajasthan,Mukhyamantri Asahaya Punarwas Yojana,State,Pensions,yes,Social welfare & Empowerment,https://www.myscheme.gov.in/schemes/cmdrsr
Rajasthan,Incentive Scheme for Meritorious Students of Economically Backward Class of General Category,State,Not for workers: students & education,no,Education & Learning,https://www.myscheme.gov.in/schemes/ismsebcgc
Rajasthan,Bicycle Distribution Scheme for Girl Students of Economically Weaker Section,State,Not for workers: students & education,no,Education & Learning; Women and Child,https://www.myscheme.gov.in/schemes/akvkckcvy
Rajasthan,Research Fellowship Scheme for Scheduled Tribe Candidates,State,Not for workers: students & education,no,Education & Learning,https://www.myscheme.gov.in/schemes/rfsstc
Rajasthan,Chief Minister Small and Marginal Farmers Older Pension Scheme,State,Pensions,yes,"Social welfare & Empowerment; Agriculture,Rural & Environment",https://www.myscheme.gov.in/schemes/cmsmfops
Rajasthan,Janani Suraksha Yojana (JSY),Central,Health & disability,yes,Health & Wellness; Women and Child,https://www.myscheme.gov.in/schemes/jsy1
Rajasthan,Rajasthan Chief Minister's Relief Fund - Accident Assistance,State,"Insurance, accident & death help",yes,Social welfare & Empowerment,https://www.myscheme.gov.in/schemes/rcmrf-aa
Rajasthan,Mukhyamantri Kanyadaan Yojana,State,"Women, marriage & maternity",yes,Social welfare & Empowerment; Women and Child,https://www.myscheme.gov.in/schemes/mky
Rajasthan,Shubhshakti Yojana,State,"Women, marriage & maternity",yes,Skills & Employment,https://www.myscheme.gov.in/schemes/sbsky
Rajasthan,Vishesh Yogyajan Sukhad Dampatya Jeevan Yojana,State,"Women, marriage & maternity",yes,Social welfare & Empowerment,https://www.myscheme.gov.in/schemes/sdvay
Rajasthan,Prasuti Sahayata Yojana,State,"Women, marriage & maternity",yes,Women and Child,https://www.myscheme.gov.in/schemes/psy
Rajasthan,Samman Bhatta to War Widows and Parents of Martyrs,State,"Not for workers: sports, arts, awards",no,Social welfare & Empowerment,https://www.myscheme.gov.in/schemes/sbwwpm
Rajasthan,Gadiya Lohar Maharana Pratap Bhawan Nirman Yojana,State,Housing,yes,Housing & Shelter,https://www.myscheme.gov.in/schemes/glbngs
Rajasthan,Vishesh Yogyajan Palanhar Yojana,State,Not for workers: students & education,no,Social welfare & Empowerment; Education & Learning,https://www.myscheme.gov.in/schemes/saps
Rajasthan,Aastha Yojana,State,Health & disability,yes,Health & Wellness; Social welfare & Empowerment,https://www.myscheme.gov.in/schemes/asr
Rajasthan,Assistance for Daughter's Marriage,State,Not for workers: honour & service pensions,no,Social welfare & Empowerment; Women and Child,https://www.myscheme.gov.in/schemes/afdm
Rajasthan,Financial Help On Death Of Family Head,State,"Insurance, accident & death help",yes,Social welfare & Empowerment,https://www.myscheme.gov.in/schemes/fhdfh
Rajasthan,Mukhyamantri Chiranjeevi Swasthya Beema Yojana,State,"Insurance, accident & death help",yes,Health & Wellness,https://www.myscheme.gov.in/schemes/mcsby
Rajasthan,Jan Samuh Bima Yojana,State,"Insurance, accident & death help",yes,"Banking,Financial Services and Insurance",https://www.myscheme.gov.in/schemes/jsby
Rajasthan,Financial Assistance Scheme for Dependents of Deceased Journalists and Litterateurs - Rajasthan,State,Not for workers: honour & service pensions,no,Health & Wellness; Social welfare & Empowerment,https://www.myscheme.gov.in/schemes/fasfjd
Rajasthan,Indira Gandhi Matritva Poshan Yojana,State,"Women, marriage & maternity",yes,Women and Child,https://www.myscheme.gov.in/schemes/igmpy
Rajasthan,Scheme for Assistance to MSMEs for Market Development,State,Other,no,Business & Entrepreneurship,https://www.myscheme.gov.in/schemes/samsmemd
Rajasthan,Panchayat Samiti Nandishala Jan Sahbhagita Yojana,State,Housing,yes,Housing & Shelter,https://www.myscheme.gov.in/schemes/psnjsy
Rajasthan,Gaushala Vikas Yojana,State,Housing,yes,Housing & Shelter,https://www.myscheme.gov.in/schemes/gvyr
Rajasthan,Antheyesthi Anudan Yojana,State,Pensions,yes,Social welfare & Empowerment,https://www.myscheme.gov.in/schemes/aayr
Rajasthan,Assistance for Digitization of Business Processes and Adoption of eCommerce,State,Other,no,Business & Entrepreneurship,https://www.myscheme.gov.in/schemes/adbpae
Rajasthan,Vadh Se Bachaye Govansh Ko Sahayata Yojana,State,Housing,yes,Housing & Shelter,https://www.myscheme.gov.in/schemes/vsbgks
Rajasthan,Scheme for Additional Interest Subsidy over and above RIPS 2024 and Reimbursement of Annual Credit Guarantee Fee,State,Other,no,Business & Entrepreneurship,https://www.myscheme.gov.in/schemes/saisoarracgf
Rajasthan,Technology Acquisition Assistance,State,Other,no,Business & Entrepreneurship,https://www.myscheme.gov.in/schemes/taa
Rajasthan,Leather Training Scheme - Rajasthan,State,Not for workers: students & education,no,Skills & Employment,https://www.myscheme.gov.in/schemes/cpyr
Rajasthan,Assistance for Quality Enhancement,State,Other,no,Business & Entrepreneurship,https://www.myscheme.gov.in/schemes/afqe
Rajasthan,Khadya Suraksha Yojana,State,"Food, LPG & ration",yes,Social welfare & Empowerment,https://www.myscheme.gov.in/schemes/rksyr
Bihar,Chief Minister Divyangjan Empowerment Scheme (Sambal),State,Health & disability,yes,Social welfare & Empowerment,https://www.myscheme.gov.in/schemes/cmdes
Bihar,Bihar Student Credit Card Scheme,State,Not for workers: students & education,no,Education & Learning; Social welfare & Empowerment,https://www.myscheme.gov.in/schemes/bsccs
Bihar,Mukhyamantri Prakhand Parivahan Yojana,State,"Livelihood, loans & self-employment",yes,Transport & Infrastructure; Skills & Employment; Social welfare & Empowerment,https://www.myscheme.gov.in/schemes/mmppy
Bihar,Mukhyamantri Anusuchit Jati Evam Anusuchit Janjati Chhatrawas Anudan Yojana,State,Not for workers: students & education,no,Women and Child; Education & Learning,https://www.myscheme.gov.in/schemes/majeajcay
Bihar,Niji Talabon Ka Jirnoddhar Ki Yojana,State,Farmers & agriculture,yes,"Agriculture,Rural & Environment",https://www.myscheme.gov.in/schemes/ntkjky
Bihar,Mukhyamantri Shramshakti Yojana,State,"Food, LPG & ration",yes,Skills & Employment,https://www.myscheme.gov.in/schemes/mmssy
Bihar,Financial Assistance for Marriage (BBOCWWB),State,Workers' welfare boards & labour,yes,Social welfare & Empowerment,https://www.myscheme.gov.in/schemes/fambbocwwb
Bihar,Mukhyamantri Bagwani Mission: Dragon Fruit Vikas Yojana,State,"Livelihood, loans & self-employment",yes,"Agriculture,Rural & Environment",https://www.myscheme.gov.in/schemes/mbydfvy
Bihar,Krishi Input Anudan Yojana,State,"Livelihood, loans & self-employment",yes,"Agriculture,Rural & Environment",https://www.myscheme.gov.in/schemes/kiay
Bihar,Bihar Shatabdi Asangathit Karyakshetra Kamagaar Evan Shilpakar Samajik Suraksha Yojana: Total Permanent Disability,State,Workers' welfare boards & labour,yes,Health & Wellness; Social welfare & Empowerment,https://www.myscheme.gov.in/schemes/bsaktpd
Bihar,Makhana Vikas Yojana,State,"Livelihood, loans & self-employment",yes,"Agriculture,Rural & Environment",https://www.myscheme.gov.in/schemes/mvyb
Bihar,Mukhyamantri Alpasankhyak Udyami Yojana,State,"Livelihood, loans & self-employment",yes,Business & Entrepreneurship,https://www.myscheme.gov.in/schemes/mauyb
Bihar,Mukhyamantri Gramin Peyjal Nishchay Yojana,State,Housing,yes,Utility & Sanitation,https://www.myscheme.gov.in/schemes/mgpny
Bihar,Satat Jeevikoparjan Yojana (SJY),State,Housing,yes,Education & Learning; Business & Entrepreneurship,https://www.myscheme.gov.in/schemes/sjy
Bihar,Mukhyamantri Atyant Pichhda Varg Medhavriti Yojana,State,Not for workers: students & education,no,Education & Learning,https://www.myscheme.gov.in/schemes/mapvmy
Bihar,BC & EBC Girls Residential +2 High School,State,Not for workers: students & education,no,Education & Learning; Women and Child,https://www.myscheme.gov.in/schemes/bcebcgrhs
Bihar,Bihar Rajya Fasal Sahayata Yojna,State,Farmers & agriculture,yes,"Agriculture,Rural & Environment",https://www.myscheme.gov.in/schemes/brfsy
Bihar,Bhraman - Darshan Yojana,State,"Livelihood, loans & self-employment",yes,"Agriculture,Rural & Environment",https://www.myscheme.gov.in/schemes/bdy
Bihar,Indira Gandhi National Disability Pension Scheme- Bihar,State,Pensions,yes,Social welfare & Empowerment,https://www.myscheme.gov.in/schemes/igndpsb
Bihar,Bihar Disability Pension Scheme,State,Pensions,yes,Social welfare & Empowerment,https://www.myscheme.gov.in/schemes/bdps
Bihar,Bihar Shatabdi Leper Welfare Scheme,State,Health & disability,yes,Social welfare & Empowerment,https://www.myscheme.gov.in/schemes/bslws
Bihar,Chief Minister EBC Civil Seva Protsahan Yojana,State,"Food, LPG & ration",yes,Education & Learning,https://www.myscheme.gov.in/schemes/mmapvcspy
Bihar,Mukhyamantri Anusuchit Jati Ewam Anusuchit Janjati Civil Sewa Protsahan Yojana,State,"Food, LPG & ration",yes,Education & Learning,https://www.myscheme.gov.in/schemes/mmajeajcspy
Bihar,Grant for Purchase of Tools (BBOCWWB),State,Workers' welfare boards & labour,yes,Skills & Employment,https://www.myscheme.gov.in/schemes/gptbbocwwb
Bihar,Samekit Baal Vikas Chhtra Yojana: Dress for Pre-school Children,State,Not for workers: students & education,no,Women and Child,https://www.myscheme.gov.in/schemes/sbvcydpsc
Bihar,Mukhyamantri Nijee Nalkup Yojana,State,Farmers & agriculture,yes,"Agriculture,Rural & Environment",https://www.myscheme.gov.in/schemes/mnny
Bihar,Bihar Shatabdi Asangathit Karyakshetra Kamagaar Evan Shilpakar Samajik Suraksha Yojana: Permanent Partial Disability,State,Workers' welfare boards & labour,yes,Health & Wellness; Social welfare & Empowerment,https://www.myscheme.gov.in/schemes/bsakppd
Bihar,Bihar Shatabdi Asangathit Karyakshetra Kamagaar Evan Shilpakar Samajik Suraksha Yojana: Accidental Injuries,State,Workers' welfare boards & labour,yes,Health & Wellness; Social welfare & Empowerment,https://www.myscheme.gov.in/schemes/bsakai
Bihar,Mukhyamantri Balika (Snatak) Protsahan Yojana,State,Not for workers: students & education,no,Education & Learning,https://www.myscheme.gov.in/schemes/mbspy
Bihar,Mukhyamantri Bagwani Mission: Kela Vikas Yojana,State,"Livelihood, loans & self-employment",yes,"Agriculture,Rural & Environment",https://www.myscheme.gov.in/schemes/mbykvy
Bihar,Mukhyamantri Bagwani Mission: Papita Vikas Yojana,State,"Livelihood, loans & self-employment",yes,"Agriculture,Rural & Environment",https://www.myscheme.gov.in/schemes/mbypvy
Bihar,Phool Vikash Yojana,State,"Livelihood, loans & self-employment",yes,"Agriculture,Rural & Environment",https://www.myscheme.gov.in/schemes/fvy
Bihar,Makhana Beej Vitaran,State,"Livelihood, loans & self-employment",yes,"Agriculture,Rural & Environment",https://www.myscheme.gov.in/schemes/mbyb
Bihar,Chai Vikas Yojana,State,"Livelihood, loans & self-employment",yes,"Agriculture,Rural & Environment",https://www.myscheme.gov.in/schemes/cvyb
Bihar,Mukhyamantri Yuva Udyami Yojana,State,"Livelihood, loans & self-employment",yes,Business & Entrepreneurship,https://www.myscheme.gov.in/schemes/myuyb
Bihar,Mukhyamantri Vas Sthal Kray Sahayata Yojana,State,Housing,yes,Housing & Shelter,https://www.myscheme.gov.in/schemes/mmvsksy
Bihar,Mukhyamantri Ati Pichhada Varg Udyami Yojana,State,"Livelihood, loans & self-employment",yes,Business & Entrepreneurship,https://www.myscheme.gov.in/schemes/mapvuy
Bihar,Mukhyamantri Pichhda Varg Evam Ati Pichhda Varg Kaushal Vikas Prashikshan Yojana,State,"Livelihood, loans & self-employment",yes,Education & Learning; Skills & Employment; Social welfare & Empowerment,https://www.myscheme.gov.in/schemes/mmpveapvkvpy
Bihar,Anya Pichhda Varg Kalyan Chhatravaas ,State,Not for workers: students & education,no,Education & Learning; Social welfare & Empowerment,https://www.myscheme.gov.in/schemes/apvkc
Bihar,Indira Gandhi National Widow Pension Scheme- Bihar,State,Pensions,yes,Social welfare & Empowerment; Women and Child,https://www.myscheme.gov.in/schemes/ignwpsb
Bihar,Bihar State Alpsankhyak Awasiya Vidyalaya Yojana,State,Not for workers: students & education,no,Education & Learning,https://www.myscheme.gov.in/schemes/bsaavy
Bihar,Mukhyamantri Divyangjan Vivah Protsahan Anudan Yojana,State,Health & disability,yes,Social welfare & Empowerment,https://www.myscheme.gov.in/schemes/mdvpay
Bihar,Bihar State Madarsa Strengthening Scheme,State,Other,no,Transport & Infrastructure,https://www.myscheme.gov.in/schemes/bsmssy
Bihar,Mushroom Kit Vitaran,State,"Livelihood, loans & self-employment",yes,"Agriculture,Rural & Environment",https://www.myscheme.gov.in/schemes/mkvb
Bihar,Mukhyamantri Gram Parivahan Yojana,State,Workers' welfare boards & labour,yes,Social welfare & Empowerment,https://www.myscheme.gov.in/schemes/mgpy
Bihar,Bihar Shatabdi Asangathit Karyakshetra Kamagaar Evan Shilpakar Samajik Suraksha Yojana: Medical Assistance for Incurable Diseases,State,Workers' welfare boards & labour,yes,Health & Wellness; Social welfare & Empowerment,https://www.myscheme.gov.in/schemes/bsakmaid
Bihar,Mukhyamantri Mahila Udyami Yojana,State,"Livelihood, loans & self-employment",yes,Business & Entrepreneurship; Women and Child,https://www.myscheme.gov.in/schemes/mmuyb
Bihar,Prak Pariksha Prashikshan Kendra,State,Not for workers: students & education,no,Education & Learning,https://www.myscheme.gov.in/schemes/pppk
Bihar,Mukhyamantri Kanya Suraksha Yojana,State,"Insurance, accident & death help",yes,"Banking,Financial Services and Insurance; Women and Child",https://www.myscheme.gov.in/schemes/mksybb
Bihar,Jan Nayak Pustakalaya evam Digital Adhyan Kendra ,State,Not for workers: students & education,no,Education & Learning; Social welfare & Empowerment,https://www.myscheme.gov.in/schemes/jnpedak
Bihar,Lakshmi Bai Samajik Suraksha Pension Yojana,State,Pensions,yes,Social welfare & Empowerment; Women and Child,https://www.myscheme.gov.in/schemes/lbsspy
Bihar,Old Age Home (Sahara),State,Pensions,yes,Social welfare & Empowerment,https://www.myscheme.gov.in/schemes/oah
Bihar,Pension Scheme (BBOCWWB),State,Pensions,yes,Social welfare & Empowerment,https://www.myscheme.gov.in/schemes/psbbocwwb
Bihar,Disability Pension (BBOCWWB),State,Pensions,yes,Social welfare & Empowerment,https://www.myscheme.gov.in/schemes/dpbbocwwb
Bihar,Mukhyamantri Bagwani Mission: Aam Vikas Yojana,State,"Livelihood, loans & self-employment",yes,"Agriculture,Rural & Environment",https://www.myscheme.gov.in/schemes/mbyavy
Bihar,Mukhyamantri Bagwani Mission: Strawberry Vikas Yojana,State,"Livelihood, loans & self-employment",yes,"Agriculture,Rural & Environment",https://www.myscheme.gov.in/schemes/mbysvy
Bihar,Beej Masaale Ki Yojana,State,"Livelihood, loans & self-employment",yes,"Agriculture,Rural & Environment",https://www.myscheme.gov.in/schemes/bmky
Bihar,Aaloo Ke Kufri Chipsona-1 Prabhed Ke Kshetra Vistaar Yojana,State,"Livelihood, loans & self-employment",yes,"Agriculture,Rural & Environment",https://www.myscheme.gov.in/schemes/akckvy
Bihar,Post-Matric Scholarship for Scheduled Castes (SC) and Scheduled Tribes (ST) Students-Bihar,State,Not for workers: students & education,no,Education & Learning,https://www.myscheme.gov.in/schemes/pmsscstb
Bihar,Post-Matric Scholarship Scheme-Bihar,State,Not for workers: students & education,no,Education & Learning,https://www.myscheme.gov.in/schemes/pmssb
Bihar,Mukhyamantri Gramin Awas Yojana,State,Housing,yes,Housing & Shelter,https://www.myscheme.gov.in/schemes/mgawb
Bihar,Cash Prizes Scheme (BBOCWWB),State,Not for workers: students & education,no,Social welfare & Empowerment,https://www.myscheme.gov.in/schemes/cpsbocwwb
Bihar,Maternity Benefits Scheme (BBOCWWB),State,Workers' welfare boards & labour,yes,Women and Child; Social welfare & Empowerment; Health & Wellness,https://www.myscheme.gov.in/schemes/mbsbbocwwb
Bihar,Jan-Nayak Karpoori Thakur Kalyan Hostel Scheme,State,Not for workers: students & education,no,Education & Learning,https://www.myscheme.gov.in/schemes/jnktkhs
Bihar,Chief Minister Kanya Utthan Yojana,State,"Women, marriage & maternity",yes,Social welfare & Empowerment; Women and Child,https://www.myscheme.gov.in/schemes/cmkuy
Bihar,Chief Minister Nari Shakti Yojana,State,Health & disability,yes,Social welfare & Empowerment; Women and Child,https://www.myscheme.gov.in/schemes/cmnsy
Bihar,Mukhyamantri Kanya Vivah Yojana,State,"Women, marriage & maternity",yes,Social welfare & Empowerment,https://www.myscheme.gov.in/schemes/mkvy
Bihar,Mukhyamantri Nischay Swayam Sahayata Bhatta Yojna,State,"Livelihood, loans & self-employment",yes,Social welfare & Empowerment,https://www.myscheme.gov.in/schemes/mnssby
Bihar,Mukhyamantri Vridhjan Pension Yojna,State,Pensions,yes,Social welfare & Empowerment,https://www.myscheme.gov.in/schemes/mvpy-bihar
Bihar,Pashu Bima Yojana,State,"Insurance, accident & death help",yes,"Agriculture,Rural & Environment; Banking,Financial Services and Insurance",https://www.myscheme.gov.in/schemes/pby
Bihar,Bihar State Journalist Insurance Scheme,State,Not for workers: honour & service pensions,no,"Skills & Employment; Banking,Financial Services and Insurance",https://www.myscheme.gov.in/schemes/bsjis
Bihar,Mukhyamantri Divyangjan Sashaktikaran Chhatra Yojana,State,Not for workers: students & education,no,Social welfare & Empowerment; Women and Child,https://www.myscheme.gov.in/schemes/mdscy
Bihar,Indira Gandhi National Old Age Pension Scheme- Bihar,State,Pensions,yes,Social welfare & Empowerment,https://www.myscheme.gov.in/schemes/ignoapsb
Bihar,Scheme for Adolescent Girls- Bihar,State,Not for workers: students & education,no,Women and Child,https://www.myscheme.gov.in/schemes/sagb
Bihar,Mukhyamantri Vidyarthi Protsahan Yojana,State,Not for workers: students & education,no,Education & Learning,https://www.myscheme.gov.in/schemes/mmvpy
Bihar,Bihar Shatabdi AIDS Pirit Kalyan Yojana,State,Other,no,Social welfare & Empowerment,https://www.myscheme.gov.in/schemes/bsaidspky
Bihar,Grant for Purchase of Bicycle (BBOCWWB),State,Workers' welfare boards & labour,yes,Social welfare & Empowerment,https://www.myscheme.gov.in/schemes/gpbbbocwwb
Bihar,Alpsankhyak Muslim Parityaqta/Talaqshuda Mahila Sahayata Yojana,State,Other,no,Women and Child; Social welfare & Empowerment,https://www.myscheme.gov.in/schemes/amptmsy
Bihar,Nariwal Paudha Vitaran Yojana,State,"Livelihood, loans & self-employment",yes,"Agriculture,Rural & Environment",https://www.myscheme.gov.in/schemes/npvy
Bihar,Mukhyamantri Bagwani Mission: Anjeer Vikas Yojana,State,"Livelihood, loans & self-employment",yes,"Agriculture,Rural & Environment",https://www.myscheme.gov.in/schemes/mbyavyb
Bihar,Mukhyamantri Vyavsayik Pathyakram Margdarshan Evam Utpreran Yojana,State,Not for workers: students & education,no,Education & Learning,https://www.myscheme.gov.in/schemes/mvpmeuy
Bihar,Mukhyamantri Anusuchit Jati / Anusuchit Janjati Udyami Yojana,State,"Livelihood, loans & self-employment",yes,Business & Entrepreneurship,https://www.myscheme.gov.in/schemes/majajuy
Bihar,Bihar Shatabdi Asangathit Karyakshetra Kamagaar Evan Shilpakar Samajik Suraksha Yojana: Accidental Death,State,Workers' welfare boards & labour,yes,Social welfare & Empowerment; Health & Wellness,https://www.myscheme.gov.in/schemes/bsakad
Bihar,Bihar Shatabdi Asangathit Karyakshetra Kamagaar Evan Shilpakar Samajik Suraksha Yojana: Natural Death,State,Workers' welfare boards & labour,yes,Social welfare & Empowerment,https://www.myscheme.gov.in/schemes/bsaknd
Bihar,Janani Bal Suraksha Yojana,State,Health & disability,yes,Health & Wellness,https://www.myscheme.gov.in/schemes/jbsyb
Bihar,Paternity Benefit Scheme (BBOCWWB),State,Workers' welfare boards & labour,yes,Social welfare & Empowerment,https://www.myscheme.gov.in/schemes/pbsbbocwwb
Bihar,Chief Minister BC & EBC Chhatravas Anudan Yojana,State,Not for workers: students & education,no,Education & Learning; Social welfare & Empowerment,https://www.myscheme.gov.in/schemes/cmbccay
Bihar,Janani Suraksha Yojana (JSY),Central,Health & disability,yes,Health & Wellness; Women and Child,https://www.myscheme.gov.in/schemes/jsy1
Bihar,Antarjatiye Vivah Protsahan Anudan Yojana,State,"Women, marriage & maternity",yes,Social welfare & Empowerment,https://www.myscheme.gov.in/schemes/avpay
Bihar,Kabir Anthyesthi Anudan Yojana,State,"Insurance, accident & death help",yes,Social welfare & Empowerment,https://www.myscheme.gov.in/schemes/kaay
Bihar,Family Pension (BBOCWWB),State,Pensions,yes,Social welfare & Empowerment,https://www.myscheme.gov.in/schemes/fpbbocwwb
Bihar,Death Assistance Scheme (BBOCWWB),State,Workers' welfare boards & labour,yes,Social welfare & Empowerment,https://www.myscheme.gov.in/schemes/dasbbocwwb
Bihar,Financial Assistance for Cremation (BBOCWWB),State,Workers' welfare boards & labour,yes,Social welfare & Empowerment,https://www.myscheme.gov.in/schemes/fafcbbocwwb
Bihar,Chief Minister Family Benefit Scheme ,State,"Insurance, accident & death help",yes,Social welfare & Empowerment,https://www.myscheme.gov.in/schemes/cmfbs
Bihar,Financial Assistance for Studies (BBOCWWB),State,Not for workers: students & education,no,Education & Learning,https://www.myscheme.gov.in/schemes/fasbbocwwb
Bihar,Supplementary Nutrition Programme- Bihar,State,"Food, LPG & ration",yes,Women and Child,https://www.myscheme.gov.in/schemes/snpb
Bihar,Parwarish Yojana,State,Pensions,yes,Social welfare & Empowerment; Women and Child,https://www.myscheme.gov.in/schemes/pybihar
Bihar,National Family Benefit Scheme- Bihar,State,"Insurance, accident & death help",yes,Social welfare & Empowerment,https://www.myscheme.gov.in/schemes/nfbsb
Bihar,Khule Jalsroto Mei Pen Aadharit Matsya Paalan ki Yojana,State,"Livelihood, loans & self-employment",yes,"Agriculture,Rural & Environment",https://www.myscheme.gov.in/schemes/kjmpampky
Bihar,Mukhyamantri Samekit Chaur Vikas Yojana,State,"Livelihood, loans & self-employment",yes,"Agriculture,Rural & Environment; Business & Entrepreneurship",https://www.myscheme.gov.in/schemes/mmscvy
Bihar,Grant for the Repair of House (BBOCWWB),State,Workers' welfare boards & labour,yes,Housing & Shelter,https://www.myscheme.gov.in/schemes/grhbbocwwb
Bihar,Cluster Mei Bagwani Ki Yojana-II,State,"Livelihood, loans & self-employment",yes,"Agriculture,Rural & Environment",https://www.myscheme.gov.in/schemes/cmbkyii
Bihar,Annual Medical Assistance Scheme (BBOCWWB),State,Workers' welfare boards & labour,yes,Skills & Employment; Health & Wellness,https://www.myscheme.gov.in/schemes/amapbbocwwb
Bihar,Bihar Startup Policy,State,Other,no,Business & Entrepreneurship,https://www.myscheme.gov.in/schemes/bsp
Bihar,Cluster Mei Bagwani Ki Yojana,State,"Livelihood, loans & self-employment",yes,"Agriculture,Rural & Environment",https://www.myscheme.gov.in/schemes/cmbky
Bihar,Mukhyamantri Alpsankhyak Rozgar Rinn Yojana,State,"Insurance, accident & death help",yes,"Banking,Financial Services and Insurance; Business & Entrepreneurship",https://www.myscheme.gov.in/schemes/marry
Bihar,Talab Matsyiki Vishesh Sahayata Yojana (Anusuchit Jaati/Janajati/Ati Pichhada),State,"Livelihood, loans & self-employment",yes,"Agriculture,Rural & Environment; Skills & Employment",https://www.myscheme.gov.in/schemes/tmvsy-ajjap
Bihar,Pathari Kshetr Talab Nirman Aadharit Matsya Paalan ki Yojana,State,"Livelihood, loans & self-employment",yes,"Agriculture,Rural & Environment",https://www.myscheme.gov.in/schemes/pktnampy
Bihar,Mukhyamantri Alpsankhyak Chhatravas Yojana,State,Not for workers: students & education,no,Education & Learning,https://www.myscheme.gov.in/schemes/mmacy
Bihar,Mukhya Mantri Balika Poshak Yojna,State,Not for workers: students & education,no,Education & Learning,https://www.myscheme.gov.in/schemes/mmbpybb
Bihar,Mukhyamantri Kishori Swasthya Yojna,State,Not for workers: students & education,no,Health & Wellness,https://www.myscheme.gov.in/schemes/mksybs
Bihar,Mukhyamantri Balika Cycle Yojna,State,Not for workers: students & education,no,Education & Learning,https://www.myscheme.gov.in/schemes/mbcyb
Bihar,Mukhyamantri Balika Protsahan Yojana (Intermediate Pass),State,"Women, marriage & maternity",yes,Education & Learning,https://www.myscheme.gov.in/schemes/mbpyip
Bihar,Mukhyamantri Balika Protsahan Yojana (Matriculation),State,Not for workers: students & education,no,Education & Learning,https://www.myscheme.gov.in/schemes/mbpym
West Bengal,Kanyashree Prakalpa,State,Not for workers: students & education,no,Social welfare & Empowerment; Education & Learning; Women and Child,https://www.myscheme.gov.in/schemes/wbkanyashree
West Bengal,Pratyasha Scheme- West Bengal,State,Not for workers: honour & service pensions,no,Housing & Shelter,https://www.myscheme.gov.in/schemes/ps-west-bengal
West Bengal,Gatidhara Scheme,State,"Livelihood, loans & self-employment",yes,Business & Entrepreneurship,https://www.myscheme.gov.in/schemes/gs-west-bengal
West Bengal,Bina Mulya Samajik Suraksha Yojana,State,Pensions,yes,Social welfare & Empowerment,https://www.myscheme.gov.in/schemes/bmssy
West Bengal,Medical Expenses-Treatment for Major Ailments Including Surgery,State,Workers' welfare boards & labour,yes,Health & Wellness; Social welfare & Empowerment,https://www.myscheme.gov.in/schemes/metfmaiswb
West Bengal,West Bengal Transport Workers’ Social Security Scheme: Assistance on Death and Permanent Disablement,State,"Insurance, accident & death help",yes,Health & Wellness,https://www.myscheme.gov.in/schemes/wbtwssadpd
West Bengal,Banglar Awaas Yojana (BAY),State,Housing,yes,Housing & Shelter,https://www.myscheme.gov.in/schemes/bay
West Bengal,Banglar Yuba Sathi,State,"Livelihood, loans & self-employment",yes,Social welfare & Empowerment,https://www.myscheme.gov.in/schemes/byswb
West Bengal,Old Age Pension To Handloom Weavers Under Coop. Fold,State,Pensions,yes,Social welfare & Empowerment,https://www.myscheme.gov.in/schemes/olahwucf
West Bengal,Scheme For Grant Of Rewards To The Children Of Salt Labourers,Central,Not for workers: students & education,no,Social welfare & Empowerment; Education & Learning,https://www.myscheme.gov.in/schemes/sgrcsl
West Bengal,Annapurna Yojana,State,Other,no,Social welfare & Empowerment,https://www.myscheme.gov.in/schemes/aywb
West Bengal,Death Benefit,State,Workers' welfare boards & labour,yes,Social welfare & Empowerment,https://www.myscheme.gov.in/schemes/dbftcwwb
West Bengal,West Bengal Student Credit Card Scheme,State,Not for workers: students & education,no,Education & Learning,https://www.myscheme.gov.in/schemes/wbsccs
West Bengal,West Bengal Migrant Workers’ Welfare Scheme: Cremation,State,Workers' welfare boards & labour,yes,Social welfare & Empowerment,https://www.myscheme.gov.in/schemes/wbmwwsca
West Bengal,West Bengal Artisans Financial Benefit Scheme 2024: Grant to Industrial Cooperative Society,State,"Livelihood, loans & self-employment",yes,Business & Entrepreneurship,https://www.myscheme.gov.in/schemes/wbafbsgics
West Bengal,West Bengal Artisans Financial Benefit Scheme: Facilitation Supports,State,Other,no,Business & Entrepreneurship,https://www.myscheme.gov.in/schemes/wbafbsfs
West Bengal,Accidental Benefit ,State,Workers' welfare boards & labour,yes,Social welfare & Empowerment,https://www.myscheme.gov.in/schemes/adwb
West Bengal,Maternity Benefit,State,Workers' welfare boards & labour,yes,Social welfare & Empowerment; Health & Wellness; Women and Child,https://www.myscheme.gov.in/schemes/mbwb
West Bengal,Pension Benefit,State,Pensions,yes,Social welfare & Empowerment,https://www.myscheme.gov.in/schemes/pbwb
West Bengal,Tool Purchase Grant for the Construction Workers,State,Workers' welfare boards & labour,yes,Business & Entrepreneurship,https://www.myscheme.gov.in/schemes/tpgftcw
West Bengal,Miscarriage Benefit ,State,Workers' welfare boards & labour,yes,Social welfare & Empowerment; Women and Child; Health & Wellness,https://www.myscheme.gov.in/schemes/mbbwwb
West Bengal,Financial Assistance for Education of Self/ Children of Beneficiaries ,State,Not for workers: students & education,no,Education & Learning; Social welfare & Empowerment,https://www.myscheme.gov.in/schemes/fafeoscob
West Bengal,Cost of Spectacle for the Construction Workers  ,State,Workers' welfare boards & labour,yes,Social welfare & Empowerment,https://www.myscheme.gov.in/schemes/cosftcw
West Bengal,Cost of Hearing Aid for the Construction Workers,State,Workers' welfare boards & labour,yes,Social welfare & Empowerment,https://www.myscheme.gov.in/schemes/cohaftcw
West Bengal,West Bengal Transport Workers’ Social Security Scheme: Assistance for Purchase of Spectacles,State,Health & disability,yes,Social welfare & Empowerment; Health & Wellness,https://www.myscheme.gov.in/schemes/wbtwsaps
West Bengal,West Bengal Transport Workers’ Social Security Scheme: Pension,State,Pensions,yes,Social welfare & Empowerment,https://www.myscheme.gov.in/schemes/wbtwssp
West Bengal,Shikshashree Scheme,State,Not for workers: students & education,no,Education & Learning,https://www.myscheme.gov.in/schemes/ss-west-bengal
West Bengal,Swami Vivekananda Merit-cum-Means Scholarship,State,Not for workers: students & education,no,Education & Learning,https://www.myscheme.gov.in/schemes/svmcms
West Bengal,Manabik Scheme,State,Pensions,yes,Social welfare & Empowerment,https://www.myscheme.gov.in/schemes/ms
West Bengal,West Bengal Migrant Workers’ Welfare Scheme: Death Assistance,State,Workers' welfare boards & labour,yes,Social welfare & Empowerment,https://www.myscheme.gov.in/schemes/wbmwwsda
West Bengal,Akanksha Housing Scheme,State,Housing,yes,Housing & Shelter,https://www.myscheme.gov.in/schemes/ahs
West Bengal,Jai Johar (Old Age Pension) Scheme,State,Pensions,yes,"Banking,Financial Services and Insurance; Social welfare & Empowerment",https://www.myscheme.gov.in/schemes/jjoaps
West Bengal,Toposili Bandhu (Old Age Pension) Scheme,State,Pensions,yes,Social welfare & Empowerment,https://www.myscheme.gov.in/schemes/obs
West Bengal,Funeral Expenses for the Construction Workers,State,Workers' welfare boards & labour,yes,Social welfare & Empowerment,https://www.myscheme.gov.in/schemes/feftcwwb
West Bengal,West Bengal Transport Workers’ Social Security Scheme: Family Pension,State,Pensions,yes,Social welfare & Empowerment,https://www.myscheme.gov.in/schemes/wbtwssfp
West Bengal,West Bengal Freeship Scheme,State,Not for workers: students & education,no,Education & Learning,https://www.myscheme.gov.in/schemes/wbfs
West Bengal,Widow Pension-West Bengal,State,Pensions,yes,Social welfare & Empowerment; Women and Child,https://www.myscheme.gov.in/schemes/wpwb
West Bengal,Old Age Pension,State,Pensions,yes,Social welfare & Empowerment,https://www.myscheme.gov.in/schemes/oapwb
West Bengal,Lakshmir Bhandar Scheme,State,Other,no,Social welfare & Empowerment; Women and Child,https://www.myscheme.gov.in/schemes/lbs-wb
West Bengal,Yuvasree,State,"Livelihood, loans & self-employment",yes,Skills & Employment,https://www.myscheme.gov.in/schemes/yuvasree
West Bengal,West Bengal Migrant Workers’ Welfare Scheme: Repatriation of Dead Body,State,Workers' welfare boards & labour,yes,Social welfare & Empowerment,https://www.myscheme.gov.in/schemes/wbmwwsc
West Bengal,Lokprasar Prakalpo Scheme,State,"Not for workers: sports, arts, awards",no,Sports & Culture,https://www.myscheme.gov.in/schemes/lps
West Bengal,West Bengal Artisans Financial Benefit Scheme 2024: Grant to Individual Artisans,State,"Livelihood, loans & self-employment",yes,Social welfare & Empowerment,https://www.myscheme.gov.in/schemes/wbafbgia
West Bengal,West Bengal Handloom and Khadi Weavers Financial Benefit Scheme 2024: Assistance to Individual Handloom Weaver,State,"Livelihood, loans & self-employment",yes,Business & Entrepreneurship,https://www.myscheme.gov.in/schemes/aihw
West Bengal,Refund of Subscriptions for the Construction Workers,State,Workers' welfare boards & labour,yes,Social welfare & Empowerment,https://www.myscheme.gov.in/schemes/rosftcw
West Bengal,West Bengal Transport Workers’ Social Security Scheme: Assistance on Hospitalization,State,"Insurance, accident & death help",yes,Health & Wellness,https://www.myscheme.gov.in/schemes/wbtwssah
West Bengal,West Bengal Migrant Workers’ Welfare Scheme: Accidental Disability,State,Workers' welfare boards & labour,yes,Social welfare & Empowerment,https://www.myscheme.gov.in/schemes/wbmwwsad
West Bengal,State Welfare Scheme For Purohits,State,Housing,yes,Social welfare & Empowerment; Housing & Shelter,https://www.myscheme.gov.in/schemes/swsp
West Bengal,Rupashree Prakalpa,State,"Women, marriage & maternity",yes,Social welfare & Empowerment; Women and Child,https://www.myscheme.gov.in/schemes/wbrupashree
West Bengal,Sabooj Sathi,State,Not for workers: students & education,no,Social welfare & Empowerment,https://www.myscheme.gov.in/schemes/wbsaboojsathi
West Bengal,West Bengal Transport Workers’ Social Security Scheme: Assistance for Education of Children,State,Not for workers: students & education,no,Education & Learning,https://www.myscheme.gov.in/schemes/wbtwsae
West Bengal,NIJASHAREE HOUSING SCHEME,State,Housing,yes,Housing & Shelter; Social welfare & Empowerment,https://www.myscheme.gov.in/schemes/nhs-west-bengal
West Bengal,Karma Sathi Prakalpa,State,"Livelihood, loans & self-employment",yes,Skills & Employment,https://www.myscheme.gov.in/schemes/ksp
West Bengal,Scheme of Death Benefit for Weavers & Artisans of West Bengal,State,"Insurance, accident & death help",yes,Social welfare & Empowerment,https://www.myscheme.gov.in/schemes/sdbwaw
West Bengal,West Bengal Transport Workers’ Social Security Scheme: Medical Benefit for Major Ailments,State,Health & disability,yes,Health & Wellness,https://www.myscheme.gov.in/schemes/wbtwsmbma
West Bengal,West Bengal Transport Workers’ Social Security Scheme: Funeral Expenses,State,"Insurance, accident & death help",yes,Social welfare & Empowerment,https://www.myscheme.gov.in/schemes/wbtwsfe
West Bengal,Sishu Saathi,State,Health & disability,yes,Health & Wellness; Social welfare & Empowerment,https://www.myscheme.gov.in/schemes/wbsishusathi
West Bengal,Krishak Bandhu Scheme,State,"Insurance, accident & death help",yes,"Agriculture,Rural & Environment; Social welfare & Empowerment",https://www.myscheme.gov.in/schemes/kbs
West Bengal,West Bengal Transport Workers’ Social Security Scheme: Assistance for Marriage,State,"Women, marriage & maternity",yes,Social welfare & Empowerment,https://www.myscheme.gov.in/schemes/wbtwsam
West Bengal,West Bengal Transport Workers’ Social Security Scheme: Maternity Benefit,State,Health & disability,yes,Women and Child; Health & Wellness,https://www.myscheme.gov.in/schemes/wbtwsmb
West Bengal,Samajik Mukti,State,Workers' welfare boards & labour,yes,"Social welfare & Empowerment; Banking,Financial Services and Insurance",https://www.myscheme.gov.in/schemes/sm
West Bengal,"Banglashree for Micro, Small and Medium Enterprises: Interest Subsidy on Term Loan (IS)",State,Other,no,Business & Entrepreneurship,https://www.myscheme.gov.in/schemes/bis
West Bengal,"Banglashree for Micro, Small and Medium Enterprises: Subsidy for Work Force Welfare Assistance (WWAS)",State,"Insurance, accident & death help",yes,Business & Entrepreneurship,https://www.myscheme.gov.in/schemes/bmsmewwas
West Bengal, The West Bengal Incentive Scheme: Additional Incentive on Generation of Employment,State,"Food, LPG & ration",yes,Business & Entrepreneurship,https://www.myscheme.gov.in/schemes/wbisaige
West Bengal, The West Bengal Incentive Scheme: Interest Subsidy on Term Loan,State,"Livelihood, loans & self-employment",yes,Business & Entrepreneurship,https://www.myscheme.gov.in/schemes/wbisistl
West Bengal, West Bengal Textile Incentive Scheme: Incentive for Energy Efficiency,State,Other,no,Business & Entrepreneurship,https://www.myscheme.gov.in/schemes/wbtisiee
West Bengal,Incentive Scheme for MSMEs in Powerloom Sector: Subsidy on Stamp Duty and Registration Fees,State,"Food, LPG & ration",yes,Business & Entrepreneurship,https://www.myscheme.gov.in/schemes/ismpsssd
West Bengal,Credit Linked Subsidy Scheme for Rural Entrepreneurs to set up Custom Hiring Centres (CHC) of Farm Machinery,State,"Livelihood, loans & self-employment",yes,"Agriculture,Rural & Environment",https://www.myscheme.gov.in/schemes/chc
West Bengal,Farm Machinery Bank (FMB)/Farm Machinery Hub (FMH),State,"Livelihood, loans & self-employment",yes,"Agriculture,Rural & Environment",https://www.myscheme.gov.in/schemes/fmh
West Bengal, West Bengal Textile Incentive Scheme: Subsidy for Water conservation/ Environment Compliance,State,Health & disability,yes,Business & Entrepreneurship,https://www.myscheme.gov.in/schemes/wbtisswcec
West Bengal, West Bengal Textile Incentive Scheme: Waiver of Fees for Land Conversion and Mutation,State,Other,no,Business & Entrepreneurship,https://www.myscheme.gov.in/schemes/wbtiswfflcm
West Bengal, The West Bengal Incentive Scheme: Reimbursement of Stamp Duty and Registration Fee,State,"Food, LPG & ration",yes,Business & Entrepreneurship,https://www.myscheme.gov.in/schemes/wbisrsdrf
West Bengal,"Banglashree for Micro, Small and Medium Enterprises: Subsidy for Patent Registration (PRS)",State,"Food, LPG & ration",yes,Business & Entrepreneurship,https://www.myscheme.gov.in/schemes/bmsmeprs
West Bengal,"Banglashree for Micro, Small and Medium Enterprises: Subsidy for State Goods and Services Tax (SGST)",State,Other,no,Business & Entrepreneurship,https://www.myscheme.gov.in/schemes/bmsmesgst
West Bengal,West Bengal Artisans Financial Benefit Scheme: Support for Digital Marketing,State,"Livelihood, loans & self-employment",yes,Business & Entrepreneurship,https://www.myscheme.gov.in/schemes/wbafbssdm
West Bengal, West Bengal Textile Incentive Scheme: Waiver of Electricity Duty,State,Other,no,Business & Entrepreneurship,https://www.myscheme.gov.in/schemes/wbtiswed
West Bengal, West Bengal Textile Incentive Scheme: State Capital Investment Subsidy,State,"Livelihood, loans & self-employment",yes,Business & Entrepreneurship,https://www.myscheme.gov.in/schemes/wbtisscis
West Bengal,Incentive Scheme for MSMEs in Powerloom Sector: Work Force Welfare Assistance,State,Other,no,Business & Entrepreneurship,https://www.myscheme.gov.in/schemes/ismpswfwa
West Bengal, Incentive Scheme for MSMEs in Powerloom Sector: State Capital Investment Subsidy,State,"Livelihood, loans & self-employment",yes,Business & Entrepreneurship,https://www.myscheme.gov.in/schemes/ismpsscis
West Bengal,West Bengal Incentive Scheme for Approved Industrial Park (SAIP) for MSMEs: Incentive for Common Effluent Treatment Plant (CETP),State,Health & disability,yes,Business & Entrepreneurship,https://www.myscheme.gov.in/schemes/saipicetp
West Bengal,West Bengal Incentive Scheme for Approved Industrial Park (SAIP) for MSMEs: Reimbursement of Stamp Duty,State,"Food, LPG & ration",yes,Business & Entrepreneurship,https://www.myscheme.gov.in/schemes/saiprsd
West Bengal,West Bengal Incentive Scheme for Approved Industrial Park (SAIP) for MSMEs: Incentive for Basic and Essential Common Infrastructure Facilities,State,Other,no,Business & Entrepreneurship,https://www.myscheme.gov.in/schemes/saipibeci
West Bengal,One Time Assistance to Small and Marginal Farmers for Purchase of Small Farm Implements (OTA-SFI),State,"Food, LPG & ration",yes,"Agriculture,Rural & Environment",https://www.myscheme.gov.in/schemes/ota-sfi
West Bengal,"Banglashree for Micro, Small and Medium Enterprises: Subsidy for Energy Efficiency (EES)",State,Other,no,Business & Entrepreneurship,https://www.myscheme.gov.in/schemes/ees
West Bengal, The West Bengal Incentive Scheme: Waiver of Electricity Duty,State,Other,no,Business & Entrepreneurship,https://www.myscheme.gov.in/schemes/wbiswed
West Bengal, The West Bengal Incentive Scheme: State Capital Investment Subsidy,State,"Livelihood, loans & self-employment",yes,Business & Entrepreneurship,https://www.myscheme.gov.in/schemes/wbisscis
West Bengal,"Banglashree for Micro, Small and Medium Enterprises: Subsidy on Stamp Duty and Registration Fee (SDRFS)",State,"Food, LPG & ration",yes,Business & Entrepreneurship,https://www.myscheme.gov.in/schemes/sdrfs
West Bengal,Incentive Scheme for MSMEs in Powerloom Sector: Interest Subsidy on Term Loan,State,"Livelihood, loans & self-employment",yes,Business & Entrepreneurship,https://www.myscheme.gov.in/schemes/ismpsistl
West Bengal,Incentive Scheme for MSMEs in Powerloom Sector: Waiver of Electricity Duty,State,Other,no,Business & Entrepreneurship,https://www.myscheme.gov.in/schemes/ismpswed
West Bengal,Incentive Scheme for MSMEs in Powerloom Sector: Subsidy for State Goods and Services Tax (SGST),State,Other,no,Business & Entrepreneurship,https://www.myscheme.gov.in/schemes/ismpsssgst
West Bengal, The West Bengal Incentive Scheme: Additional Incentive for Adventure Tour Operators,State,"Not for workers: sports, arts, awards",no,Business & Entrepreneurship,https://www.myscheme.gov.in/schemes/wbisaito
West Bengal,West Bengal Handloom and Khadi Weavers Financial Benefit Scheme 2024: Supply of Yarn to Societies etc. at Subsidized Rate,State,"Livelihood, loans & self-employment",yes,Business & Entrepreneurship,https://www.myscheme.gov.in/schemes/syssr
West Bengal, The West Bengal Incentive Scheme: Tourism Promotion Assistance in lieu of Interest Subsidy,State,"Livelihood, loans & self-employment",yes,Business & Entrepreneurship,https://www.myscheme.gov.in/schemes/wbistpais
West Bengal,West Bengal Incentive Scheme for Approved Industrial Park (SAIP) for MSMEs: Incentive for Setting up a Power Sub Station,State,Other,no,Business & Entrepreneurship,https://www.myscheme.gov.in/schemes/saipispss
West Bengal,"Banglashree for Micro, Small and Medium Enterprises: Power Subsidy (PS)",State,Other,no,Business & Entrepreneurship,https://www.myscheme.gov.in/schemes/bmsmeps
West Bengal,"Banglashree for Micro, Small and Medium Enterprises: Subsidy for Water Conservation/Environment Compliance (WCS)",State,Health & disability,yes,Business & Entrepreneurship,https://www.myscheme.gov.in/schemes/bmsmewcs
West Bengal,West Bengal Handloom and Khadi Weavers Financial Benefit Scheme 2024: Support for One Time Settlement (OTS) of NPA Accounts of PWCS,State,Other,no,Business & Entrepreneurship,https://www.myscheme.gov.in/schemes/otsnpa
West Bengal, The West Bengal Incentive Scheme: Subsidy for Quality Improvement,State,"Livelihood, loans & self-employment",yes,Business & Entrepreneurship,https://www.myscheme.gov.in/schemes/wbissqi
West Bengal, West Bengal Textile Incentive Scheme: Power Subsidy,State,"Livelihood, loans & self-employment",yes,Business & Entrepreneurship,https://www.myscheme.gov.in/schemes/wbisps
West Bengal,Incentive Scheme for MSMEs in Powerloom Sector: Subsidy for Standard Quality Compliance,State,Other,no,Business & Entrepreneurship,https://www.myscheme.gov.in/schemes/ismpsssqc
West Bengal,Incentive Scheme for MSMEs in Powerloom Sector: Subsidy for Patent Registration,State,"Food, LPG & ration",yes,Business & Entrepreneurship,https://www.myscheme.gov.in/schemes/ismpsspr
West Bengal,Incentive Scheme for MSMEs in Powerloom Sector: Subsidy for Energy Efficiency,State,Other,no,Business & Entrepreneurship,https://www.myscheme.gov.in/schemes/ismpssee
West Bengal,West Bengal Incentive Scheme for Approved Industrial Park (SAIP) for MSMEs: Construction of Approach Road,State,Other,no,Business & Entrepreneurship,https://www.myscheme.gov.in/schemes/saipcar
West Bengal, The West Bengal Incentive Scheme: Capacity Utilisation,State,Other,no,Business & Entrepreneurship,https://www.myscheme.gov.in/schemes/wbiscu
West Bengal,Financial Support Scheme for Farm Mechanization (FSSM),State,"Livelihood, loans & self-employment",yes,"Agriculture,Rural & Environment",https://www.myscheme.gov.in/schemes/fssm
West Bengal,"Banglashree for Micro, Small and Medium Enterprises: Subsidy for Standard Quality Compliance (SCCS)",State,Other,no,Business & Entrepreneurship,https://www.myscheme.gov.in/schemes/bmsmesccs
West Bengal,"Banglashree for Micro, Small and Medium Enterprises: State Capital Investment Subsidy (CIS)",State,Other,no,Business & Entrepreneurship,https://www.myscheme.gov.in/schemes/cis
West Bengal,West Bengal Handloom and Khadi Weavers Financial Benefit Scheme 2024: Assistance to Viable and Potentially Viable PWCS,State,Other,no,Business & Entrepreneurship,https://www.myscheme.gov.in/schemes/avpv
West Bengal,Incentive Scheme for MSMEs in Powerloom Sector: Subsidy for Water Conservation/ Environment Compliance,State,Other,no,Business & Entrepreneurship,https://www.myscheme.gov.in/schemes/ismpsswcec
West Bengal,West Bengal Textile Incentive Scheme: Reimbursement of Stamp Duty and Registration Fee,State,"Food, LPG & ration",yes,Business & Entrepreneurship,https://www.myscheme.gov.in/schemes/wbtisrsdre
Chhattisgarh,Saraswati Cycle Yojana,State,Not for workers: students & education,no,Education & Learning; Women and Child,https://www.myscheme.gov.in/schemes/scy
Chhattisgarh,"Mukhyamantri Raut, Charavaaha Evan Doodh Duhane Vaale Saayakal Sahaayata Yojana",State,Other,no,Social welfare & Empowerment,https://www.myscheme.gov.in/schemes/mrcddv
Chhattisgarh,Safai Karmakar Bahay Rogi Chikitsa Sahayata Yojana,State,Health & disability,yes,Health & Wellness,https://www.myscheme.gov.in/schemes/skbrcsy
Chhattisgarh,Asangathit Karmakaar Silai Machine Sahayata Yojana,State,Other,no,Business & Entrepreneurship; Women and Child,https://www.myscheme.gov.in/schemes/aksmsy
Chhattisgarh,Nirmaan Shramik Mrtyu Evan Divyaang Sahaayata Yojana,State,Workers' welfare boards & labour,yes,Health & Wellness,https://www.myscheme.gov.in/schemes/nsmedsy
Chhattisgarh,Mukhyamantri Shramik Siyaan Sahayata Yojana,State,Workers' welfare boards & labour,yes,Social welfare & Empowerment,https://www.myscheme.gov.in/schemes/msssy
Chhattisgarh,Dhobhi Hetu Avashyak Upkaran Sahayata Yojana,State,Workers' welfare boards & labour,yes,Social welfare & Empowerment,https://www.myscheme.gov.in/schemes/dhausy
Chhattisgarh, Mukhyamantri Shramik Aujaar Sahayata Yojana,State,Workers' welfare boards & labour,yes,Social welfare & Empowerment,https://www.myscheme.gov.in/schemes/msasy
Chhattisgarh,Tirth Barat Yojana,State,Health & disability,yes,Social welfare & Empowerment; Travel & Tourism,https://www.myscheme.gov.in/schemes/tby
Chhattisgarh,Artificial Limbs and Assistive Devices Supply Scheme,State,Health & disability,yes,Social welfare & Empowerment,https://www.myscheme.gov.in/schemes/aladss
Chhattisgarh,Potency Development Plan,State,Health & disability,yes,Social welfare & Empowerment,https://www.myscheme.gov.in/schemes/pdp
Chhattisgarh,Merit Scholarship: Engineering University,State,Not for workers: students & education,no,Education & Learning,https://www.myscheme.gov.in/schemes/mse
Chhattisgarh,Merit Scholarship: Polytechnic Institutions,State,Not for workers: students & education,no,Education & Learning,https://www.myscheme.gov.in/schemes/mspi
Chhattisgarh,Unemployment Allowance,State,"Livelihood, loans & self-employment",yes,Education & Learning,https://www.myscheme.gov.in/schemes/uea
Chhattisgarh,Mukhyamantri Vriksharopan Protsahan Yojana,State,Farmers & agriculture,yes,"Agriculture,Rural & Environment",https://www.myscheme.gov.in/schemes/mvp
Chhattisgarh,Medhavi Chhatr/Chhatra Shiksha Protsahan Yojana,State,Not for workers: students & education,no,Education & Learning,https://www.myscheme.gov.in/schemes/mccspy
Chhattisgarh,Durghatana Mein Chikitsa Sahaayata Yojana,State,"Insurance, accident & death help",yes,Health & Wellness,https://www.myscheme.gov.in/schemes/dmcsy
Chhattisgarh,Safai Karmakar Prasuti Sahayata Yojana,State,Health & disability,yes,Health & Wellness,https://www.myscheme.gov.in/schemes/skpsy
Chhattisgarh,Viranarayan Singh Shram Ann Yojana,State,Workers' welfare boards & labour,yes,Social welfare & Empowerment,https://www.myscheme.gov.in/schemes/vssay
Chhattisgarh,Asangathit Karmakar Samachar-Patr Hawker Cycle Sahayata Yojana,State,"Livelihood, loans & self-employment",yes,Transport & Infrastructure,https://www.myscheme.gov.in/schemes/aksphssy
Chhattisgarh,Asangathit Karmakar Gambhir Bimari Chikitsa Sahayata Yojana,State,"Insurance, accident & death help",yes,Health & Wellness,https://www.myscheme.gov.in/schemes/akgbcsy
Chhattisgarh,Mukhyamantri Nirmaan Majadur suraksha upakaran sahaayata yojana,State,Other,no,Social welfare & Empowerment,https://www.myscheme.gov.in/schemes/mnmsusy
Chhattisgarh,Kachara Binane Vaale Hetu Suraksha Upakaran Sahaayata Yojana,State,"Livelihood, loans & self-employment",yes,Skills & Employment,https://www.myscheme.gov.in/schemes/kbvhsusy
Chhattisgarh,"Gharelu Mahila Kamgar Cycle, Chhatari, Chappal/Joota Sahayta Yojana",State,Other,no,Social welfare & Empowerment; Women and Child,https://www.myscheme.gov.in/schemes/gkccsy
Chhattisgarh,"Theka Shramik, Hamaal Shramik Evan Gharelu Mahila Kamgar Gambhir Bimaari Chikitsa Sahayata Yojana",State,Workers' welfare boards & labour,yes,Health & Wellness,https://www.myscheme.gov.in/schemes/thgmbs
Chhattisgarh,"Theka Shramik, Gharelu Mahila Kamgar Evan Hamal Shramik Prasuti Sahayta Yojana",State,Workers' welfare boards & labour,yes,Health & Wellness; Women and Child,https://www.myscheme.gov.in/schemes/gmkhsps
Chhattisgarh,Safai Karmakar Gambhir Bimari Chikitsa Sahayata Yojana,State,"Insurance, accident & death help",yes,Health & Wellness,https://www.myscheme.gov.in/schemes/skgbcsy
Chhattisgarh,Mukhyamantri Aadharbhut Shiksha Prashikshan Sahayata Yojana,State,Not for workers: students & education,no,Education & Learning,https://www.myscheme.gov.in/schemes/maspsy
Chhattisgarh,Pashudhan Mitra Scheme,State,"Livelihood, loans & self-employment",yes,"Agriculture,Rural & Environment",https://www.myscheme.gov.in/schemes/pmsch
Chhattisgarh,The CM IT Fellowship Program,State,Not for workers: students & education,no,Education & Learning,https://www.myscheme.gov.in/schemes/tcmitfp
Chhattisgarh,Social Security Pension Scheme,State,Pensions,yes,Social welfare & Empowerment,https://www.myscheme.gov.in/schemes/ssps
Chhattisgarh,Godhan Nyay Yojana,State,"Livelihood, loans & self-employment",yes,"Agriculture,Rural & Environment",https://www.myscheme.gov.in/schemes/gny
Chhattisgarh,Minimata Mahtari Jatan Yojana,State,Workers' welfare boards & labour,yes,Health & Wellness; Women and Child,https://www.myscheme.gov.in/schemes/bpsy
Chhattisgarh,Asangathit Karmakaar Mrtyu Evan Divyaang Sahaayata Yojana,State,Health & disability,yes,Health & Wellness; Social welfare & Empowerment,https://www.myscheme.gov.in/schemes/akmeds
Chhattisgarh,Asangathit Karmakar Prasuti Sahayata Yojana,State,Health & disability,yes,Health & Wellness,https://www.myscheme.gov.in/schemes/akpsy
Chhattisgarh,Mukhyamantri Asangathit Karmakar Cycle Sahayata Yojana,State,Other,no,Transport & Infrastructure; Women and Child,https://www.myscheme.gov.in/schemes/makssy
Chhattisgarh,Asangathit Karmakar Ke Bachcho Hetu Chhatravriti Yojana,State,Other,no,Education & Learning,https://www.myscheme.gov.in/schemes/akbhcy
Chhattisgarh,Nai Hetu Avashyak Upkaran Sahayata Yojana,State,"Livelihood, loans & self-employment",yes,Skills & Employment,https://www.myscheme.gov.in/schemes/ngausy
Chhattisgarh,Mukhyamantri Nirmaan Shramik Pension Sahayata,State,Pensions,yes,Social welfare & Empowerment,https://www.myscheme.gov.in/schemes/mnsps
Chhattisgarh,Mukhyamantri Nirmaan Shramik Dirghayu Sahayata Yojana,State,Workers' welfare boards & labour,yes,Health & Wellness,https://www.myscheme.gov.in/schemes/mnsdsy
Chhattisgarh,Vishesh Shiksha Sahaayata Yojana,State,Other,no,Education & Learning,https://www.myscheme.gov.in/schemes/vssy
Chhattisgarh,Disabled Marriage Incentive Scheme,State,Health & disability,yes,Social welfare & Empowerment,https://www.myscheme.gov.in/schemes/dwis
Chhattisgarh,Incentive Scheme in Civil Service (Chhattisgarh),State,Not for workers: students & education,no,Education & Learning; Social welfare & Empowerment,https://www.myscheme.gov.in/schemes/isicsch
Chhattisgarh,"Grishm Kaleen Dhan Ke Badle Dalhan, Tilhan, Makka Fasal ko Protsahan Yojana",State,Farmers & agriculture,yes,"Agriculture,Rural & Environment",https://www.myscheme.gov.in/schemes/gkdkbdtmfkpy
Chhattisgarh,Nawabihan Scheme,State,Health & disability,yes,Women and Child,https://www.myscheme.gov.in/schemes/nscg
Chhattisgarh,BPL (Below Poverty Line) Student Welfare Scholarship - Technical Education,State,Not for workers: students & education,no,Education & Learning,https://www.myscheme.gov.in/schemes/bplsws
Chhattisgarh,Scholarship for C.G. Domicile Students Pursuing Engineering Courses Outside Chhattisgarh State,State,Not for workers: students & education,no,Education & Learning,https://www.myscheme.gov.in/schemes/sfspbbc
Chhattisgarh,Indira Gandhi National Old Age Pension Scheme- Chhattisgarh,State,Pensions,yes,Social welfare & Empowerment,https://www.myscheme.gov.in/schemes/ignoapsch
Chhattisgarh,Saur Sujala Yojana,State,"Livelihood, loans & self-employment",yes,"Agriculture,Rural & Environment",https://www.myscheme.gov.in/schemes/ssyc
Chhattisgarh,Rajiv Gandhi Kisan Nyay Yojana,State,"Insurance, accident & death help",yes,"Agriculture,Rural & Environment",https://www.myscheme.gov.in/schemes/rgkny
Chhattisgarh,Naunihal Scholarship Yojana,State,Not for workers: students & education,no,Education & Learning,https://www.myscheme.gov.in/schemes/nsych
Chhattisgarh,Mukhyamantri Asangathit Karmakar Ijjat Monthly Season Ticket Card Yojana,State,Workers' welfare boards & labour,yes,Travel & Tourism,https://www.myscheme.gov.in/schemes/makimstc
Chhattisgarh,Readymade Kichan Sahaayata Yojana,State,Workers' welfare boards & labour,yes,Skills & Employment; Business & Entrepreneurship,https://www.myscheme.gov.in/schemes/rksy
Chhattisgarh,E-Thela Sahaayata Yojana,State,Other,no,Business & Entrepreneurship,https://www.myscheme.gov.in/schemes/etsy
Chhattisgarh,Kotwar Cycle Evam Torch Sahayata Yojana,State,Other,no,Social welfare & Empowerment,https://www.myscheme.gov.in/schemes/ksetsy
Chhattisgarh,Safai Karmakaar Kaushal Unnayan Yojana,State,"Livelihood, loans & self-employment",yes,Skills & Employment,https://www.myscheme.gov.in/schemes/skkuy
Chhattisgarh,Labor Tool Assistance Scheme,State,Other,no,Social welfare & Empowerment,https://www.myscheme.gov.in/schemes/ltas
Chhattisgarh,Safai Karmakar Hetu Aavashyak Upakaran Sahayata Yojana ​,State,Other,no,Utility & Sanitation,https://www.myscheme.gov.in/schemes/skhausy
Chhattisgarh,"Hamaal Hetu Joota, Huk Evan Mahila Hamaal Hetu Soopa Aur Tokari Sahaayata Yojana",State,Workers' welfare boards & labour,yes,Social welfare & Empowerment,https://www.myscheme.gov.in/schemes/hhjmhhst
Chhattisgarh,Mukhyamantri Noni Babu Medhavi Shiksha Sahayata Yojana,State,Not for workers: students & education,no,Education & Learning,https://www.myscheme.gov.in/schemes/mnbmssy
Chhattisgarh,BPL Scholarship for College Students,State,Not for workers: students & education,no,Education & Learning,https://www.myscheme.gov.in/schemes/bplscs
Chhattisgarh,Government Institutions for Teaching and Training of Persons with Disabilities,State,Not for workers: students & education,no,Social welfare & Empowerment,https://www.myscheme.gov.in/schemes/gittpwd
Chhattisgarh,Bunkar Parivar Ke Pratibhavan Chatra-Chatraon Ko Protsahan Puraskar Yojana,State,Not for workers: students & education,no,Education & Learning; Social welfare & Empowerment,https://www.myscheme.gov.in/schemes/bpkpcckppy
Chhattisgarh,Merit cum Means Scholarship: Engineering University,State,Not for workers: students & education,no,Education & Learning,https://www.myscheme.gov.in/schemes/mcmsec
Chhattisgarh,Scholarship for Chhattisgarh Students Studying Outside the State,State,Not for workers: students & education,no,Education & Learning,https://www.myscheme.gov.in/schemes/sfcssots
Chhattisgarh,Indira Gandhi National Disability Pension Scheme- Chhattisgarh,State,Pensions,yes,Social welfare & Empowerment,https://www.myscheme.gov.in/schemes/igndpschh
Chhattisgarh,Indira Gandhi National Widow Pension Scheme- Chhattisgarh,State,Pensions,yes,Social welfare & Empowerment,https://www.myscheme.gov.in/schemes/ignwpschh
Chhattisgarh,Chhattisgarh Mukhyamantri Kanya Vivah Yojana,State,"Women, marriage & maternity",yes,Social welfare & Empowerment,https://www.myscheme.gov.in/schemes/cmkvy
Chhattisgarh,Mukhyamantri Yuva Swarojgar Yojana,State,"Livelihood, loans & self-employment",yes,Business & Entrepreneurship,https://www.myscheme.gov.in/schemes/mysyc
Chhattisgarh,Kisan Samriddhi Yojana - Chhattisgarh,State,Farmers & agriculture,yes,"Agriculture,Rural & Environment",https://www.myscheme.gov.in/schemes/ksych
Chhattisgarh,Dai Didi Mobile Clinic Scheme,State,Health & disability,yes,Health & Wellness; Women and Child,https://www.myscheme.gov.in/schemes/ddmcs
Chhattisgarh,Vishvakarma Durghatana Mrtyu par Antyeshti Evan Anugrah Raashi Bhugataan Yojana,State,Workers' welfare boards & labour,yes,Social welfare & Empowerment,https://www.myscheme.gov.in/schemes/vdrry
Chhattisgarh,"Futkar Sabji, Phal-Phool Vikreta Hetu Taraju, Baat Evan Tokari Sahaayata Yojana",State,Other,no,Business & Entrepreneurship,https://www.myscheme.gov.in/schemes/fsppv
Chhattisgarh,Silicosis (Bimari) Se Pidit Shramiko Ke Liye Aarthik Evam Punarvas Sahayata Yojana,State,Workers' welfare boards & labour,yes,Health & Wellness,https://www.myscheme.gov.in/schemes/sspsl
Chhattisgarh,E-Rikshaw Sahayta Yojana,State,"Livelihood, loans & self-employment",yes,Social welfare & Empowerment,https://www.myscheme.gov.in/schemes/ersych
Chhattisgarh,Theka Shramik Evan Hamaal Shramik Baahy Rogi Chikitsa Sahaayata Yojana,State,Workers' welfare boards & labour,yes,Health & Wellness,https://www.myscheme.gov.in/schemes/tshsbr
Chhattisgarh,"Mahila Kamgar Kaushal Unnayan Evan Theka Shramik, Hamaal Tatha Ghareloo Mahila Kamgaar Parivar Sashaktikaran Yojana",State,Workers' welfare boards & labour,yes,Education & Learning; Business & Entrepreneurship,https://www.myscheme.gov.in/schemes/mkku
Chhattisgarh,Chief Minister Pension Scheme,State,Pensions,yes,Social welfare & Empowerment,https://www.myscheme.gov.in/schemes/cmpsmp
Chhattisgarh,Divyangjan Scholarship Scheme,State,Not for workers: students & education,no,Social welfare & Empowerment; Education & Learning; Health & Wellness,https://www.myscheme.gov.in/schemes/dssmp
Chhattisgarh,Uchch Shiksha Puraskar Yojana,State,Not for workers: students & education,no,Education & Learning,https://www.myscheme.gov.in/schemes/uspy
Chhattisgarh,Merit cum Means Scholarship: Polytechnic Institutions,State,Not for workers: students & education,no,Education & Learning,https://www.myscheme.gov.in/schemes/mcmpi
Chhattisgarh,Sukhad Sahara Yojana,State,"Women, marriage & maternity",yes,Social welfare & Empowerment; Women and Child,https://www.myscheme.gov.in/schemes/ssychh
Chhattisgarh,Janani Suraksha Yojana (JSY),Central,Health & disability,yes,Health & Wellness; Women and Child,https://www.myscheme.gov.in/schemes/jsy1
Chhattisgarh,Bunkar Parivar Sahayata Yojana,State,"Insurance, accident & death help",yes,Social welfare & Empowerment,https://www.myscheme.gov.in/schemes/bpsyc
Chhattisgarh,Noni Suraksha Yojana,State,Health & disability,yes,Women and Child,https://www.myscheme.gov.in/schemes/nsycg
Chhattisgarh,Safai Karmakaar Putr/Putri Cycle sahayata yojana,State,Other,no,Education & Learning,https://www.myscheme.gov.in/schemes/skpcsy
Chhattisgarh,Mukhyamantri Nirman Shramikon Ke Bachon Hetu Nihshulk Coaching Sahaayata Yojana,State,Not for workers: students & education,no,Education & Learning,https://www.myscheme.gov.in/schemes/mnskbhncsy
Chhattisgarh,National Family Assistance Scheme- Chhattisgarh,State,"Insurance, accident & death help",yes,Social welfare & Empowerment,https://www.myscheme.gov.in/schemes/nfaschh
Chhattisgarh,Rajiv Gandhi Gramin Bhoomihin Krishi Majdoor Nyay Yojana,State,Farmers & agriculture,yes,"Agriculture,Rural & Environment",https://www.myscheme.gov.in/schemes/rggbkmny
Chhattisgarh,Mukhyamantri Noni Sashaktikaran Sahayata Yojana,State,"Women, marriage & maternity",yes,Social welfare & Empowerment; Women and Child,https://www.myscheme.gov.in/schemes/mnssy
Chhattisgarh,Nirmaan Shramik  ke Bachchon Hetu  Utkrasht Khel Protsaahan Yojana,State,"Not for workers: sports, arts, awards",no,Sports & Culture,https://www.myscheme.gov.in/schemes/nsbhuk
Chhattisgarh,Nirman Shramikon Ke Bacchon Hetu Nishulk Ganvesh Evam Pustak Copy Hetu Sahaayata Raashi Yojana,State,Not for workers: students & education,no,Education & Learning,https://www.myscheme.gov.in/schemes/nskbgc
Chhattisgarh,"Theka Shramik, Gharelu Mahila Kamgar Evan Hamaal Shramik Ke Bachcho Hetu Chhaatravrtti Yojana",State,Not for workers: students & education,no,Education & Learning,https://www.myscheme.gov.in/schemes/tshmcy
Chhattisgarh,Mahtari Vandan Yojana,State,Health & disability,yes,Women and Child,https://www.myscheme.gov.in/schemes/mvy
Chhattisgarh,Mukhyamantri Nirmaan Majadur Kaushal vikaas evan Parivaar Sashaktikaran Yojana,State,"Livelihood, loans & self-employment",yes,Business & Entrepreneurship,https://www.myscheme.gov.in/schemes/mnmkvpsy
Chhattisgarh,Safai Karmakar Ke Bachche Hetu Chhatravrtti Yojana,State,Not for workers: students & education,no,Education & Learning,https://www.myscheme.gov.in/schemes/skbhcs
Chhattisgarh, Safai Karmakaar Ke Putr/Putri Hetu Vishesh Coaching Yojana,State,Not for workers: students & education,no,Education & Learning,https://www.myscheme.gov.in/schemes/skhvc
Chhattisgarh,Danveer Bhamashah Honors- Chhattisgarh,State,"Not for workers: sports, arts, awards",no,Social welfare & Empowerment,https://www.myscheme.gov.in/schemes/dbhchh
Chhattisgarh,Grant-In-Aid to Voluntary Organizations Working In The Area of ​​Disabled Welfare,State,Health & disability,yes,Social welfare & Empowerment,https://www.myscheme.gov.in/schemes/giatvowitaodw
Chhattisgarh,Varishtha Bunkar Samman Yojana,State,"Not for workers: sports, arts, awards",no,Social welfare & Empowerment; Skills & Employment,https://www.myscheme.gov.in/schemes/vbsy
Chhattisgarh,Varishtha Bunkar Samman Yojana,State,"Not for workers: sports, arts, awards",no,Social welfare & Empowerment; Skills & Employment,https://www.myscheme.gov.in/schemes/vbsy
Chhattisgarh,Disabled State Level Award Scheme,State,"Not for workers: sports, arts, awards",no,Social welfare & Empowerment,https://www.myscheme.gov.in/schemes/dslas
Chhattisgarh,National Mission on Edible Oils- Oil Palm,Central,Farmers & agriculture,yes,"Agriculture,Rural & Environment",https://www.myscheme.gov.in/schemes/nmeo-op
Chhattisgarh,Rajya Dairy Udhyamita Vikas Yojna,State,Farmers & agriculture,yes,"Agriculture,Rural & Environment",https://www.myscheme.gov.in/schemes/rduvy
Chhattisgarh,State Goat Entrepreneurship Development Scheme,State,"Livelihood, loans & self-employment",yes,"Agriculture,Rural & Environment",https://www.myscheme.gov.in/schemes/sgeds
Chhattisgarh,Paddy Transplantor Machine se Dhan Ropayee par Anudan,State,"Food, LPG & ration",yes,"Agriculture,Rural & Environment",https://www.myscheme.gov.in/schemes/ptmsdrpa
Chhattisgarh,Male Pig Distribution Scheme,State,Farmers & agriculture,yes,"Agriculture,Rural & Environment",https://www.myscheme.gov.in/schemes/mpds
Chhattisgarh,Chhattisgarh Yuva Suchna Kranti Yojana,State,Not for workers: students & education,no,Education & Learning,https://www.myscheme.gov.in/schemes/cysky
Jharkhand,Chikitsa Pratipoorti Yojana,State,Workers' welfare boards & labour,yes,Health & Wellness; Social welfare & Empowerment,https://www.myscheme.gov.in/schemes/cpy
Jharkhand,Savitribai Phule Kishori Samriddhi Yojana,State,Not for workers: students & education,no,Education & Learning; Social welfare & Empowerment; Health & Wellness,https://www.myscheme.gov.in/schemes/spksy
Jharkhand,Mukhymantri Sarthi Yojana - Jharkhand,State,"Livelihood, loans & self-employment",yes,Skills & Employment,https://www.myscheme.gov.in/schemes/mmsy-j
Jharkhand,Ved-Vyas Housing Construction Scheme,State,Health & disability,yes,"Housing & Shelter; Agriculture,Rural & Environment",https://www.myscheme.gov.in/schemes/v-vhcs
Jharkhand,Block Level Institute for Rural Skill Acquisition (BIRSA),State,"Livelihood, loans & self-employment",yes,Skills & Employment,https://www.myscheme.gov.in/schemes/blifrsa
Jharkhand,Sarvajan Pension Yojana,State,Pensions,yes,Social welfare & Empowerment; Women and Child,https://www.myscheme.gov.in/schemes/spy
Jharkhand,Pay & Play Scheme,State,"Not for workers: sports, arts, awards",no,Sports & Culture,https://www.myscheme.gov.in/schemes/pandps
Jharkhand,Jharkhand Sports Excellence Cash Award Scheme to Players,State,"Not for workers: sports, arts, awards",no,Sports & Culture,https://www.myscheme.gov.in/schemes/jsecasp
Jharkhand,Jharkhand State Backward Classes Pre-Matric Scholarship Scheme,State,Not for workers: students & education,no,Education & Learning,https://www.myscheme.gov.in/schemes/jsbcpmss-3
Jharkhand,Marang Gomke Jaipal Singh Munda Overseas Scholarship Scheme,State,Not for workers: students & education,no,Education & Learning,https://www.myscheme.gov.in/schemes/mgjsmoss
Jharkhand,Jharkhand State Scheduled Caste Post-Matric Scholarship Scheme,State,Not for workers: students & education,no,Education & Learning,https://www.myscheme.gov.in/schemes/jscpmss
Jharkhand,Khel Chhatravriti (Vritika) Yojana,State,Not for workers: students & education,no,Sports & Culture,https://www.myscheme.gov.in/schemes/kcvy
Jharkhand,Jharkhand State Migrant Labourers Survey and Rehabilitation Scheme,State,Workers' welfare boards & labour,yes,Social welfare & Empowerment; Skills & Employment,https://www.myscheme.gov.in/schemes/jsmlsrs
Jharkhand,Salt Distribution Scheme Jharkhand,State,"Food, LPG & ration",yes,Social welfare & Empowerment,https://www.myscheme.gov.in/schemes/sdsj
Jharkhand,Nirman Shramik Safety Kit Yojana,State,Workers' welfare boards & labour,yes,Skills & Employment; Social welfare & Empowerment,https://www.myscheme.gov.in/schemes/nssky
Jharkhand,Mukhyamantri Rajya Bridhhabasta Pension Yojana,State,Pensions,yes,Social welfare & Empowerment,https://www.myscheme.gov.in/schemes/mrbpy
Jharkhand,Jharkhand Rajya Fasal Rahat Yojana,State,"Insurance, accident & death help",yes,"Agriculture,Rural & Environment",https://www.myscheme.gov.in/schemes/jrfry
Jharkhand,Mukhyamantri Aadim Jan Jati Pension Yojana,State,Pensions,yes,Women and Child,https://www.myscheme.gov.in/schemes/majjpy
Jharkhand,Employability Excellence with College Education & Learning (EXCEL),State,Not for workers: students & education,no,Skills & Employment,https://www.myscheme.gov.in/schemes/excel
Jharkhand,Guruji Student Credit Card (GSCC) Scheme,State,Not for workers: students & education,no,"Education & Learning; Banking,Financial Services and Insurance",https://www.myscheme.gov.in/schemes/gsccs
Jharkhand,Jharkhand Patrakar Samman Pension Niyamawali,State,"Not for workers: sports, arts, awards",no,Skills & Employment; Social welfare & Empowerment,https://www.myscheme.gov.in/schemes/jpspn2019
Jharkhand,Jharkhand State Scheduled Tribe Post-Matric Scholarship Scheme,State,Not for workers: students & education,no,Education & Learning,https://www.myscheme.gov.in/schemes/jsstpmss
Jharkhand,Jharkhand State Scheduled Caste Pre-Matric Scholarship Scheme,State,Not for workers: students & education,no,Education & Learning,https://www.myscheme.gov.in/schemes/jsscpmss-1
Jharkhand,Mukhyamantri Anusuchit Janjati Gram Vikas Yojana,State,Health & disability,yes,Social welfare & Empowerment; Health & Wellness; Skills & Employment,https://www.myscheme.gov.in/schemes/majgvy
Jharkhand,Birsa Awas Nirman Yojana,State,Housing,yes,Housing & Shelter,https://www.myscheme.gov.in/schemes/bany
Jharkhand,Jharkhand Sportsperson Pension Scheme,State,"Not for workers: sports, arts, awards",no,Sports & Culture,https://www.myscheme.gov.in/schemes/jsps
Jharkhand,Kisan Samriddhi Yojana Jharkhand,State,"Livelihood, loans & self-employment",yes,"Agriculture,Rural & Environment",https://www.myscheme.gov.in/schemes/ksyj
Jharkhand,Nursing Kaushal College Jharkhand,State,Not for workers: students & education,no,Education & Learning; Skills & Employment,https://www.myscheme.gov.in/schemes/nkcj
Jharkhand,Rearing Pond Construction Scheme,State,"Food, LPG & ration",yes,"Agriculture,Rural & Environment",https://www.myscheme.gov.in/schemes/rpcs
Jharkhand,Paddy Procurement Scheme Jharkhand,State,"Food, LPG & ration",yes,"Agriculture,Rural & Environment; Social welfare & Empowerment",https://www.myscheme.gov.in/schemes/ppsj
Jharkhand,Sanitary Pad Supply Scheme,State,Health & disability,yes,Women and Child,https://www.myscheme.gov.in/schemes/spss
Jharkhand,Jharkhand Nirman Karmakar Mrityu/Durghatana Sahayata Yojana,State,Workers' welfare boards & labour,yes,Social welfare & Empowerment,https://www.myscheme.gov.in/schemes/jnkmdsy
Jharkhand,Chikitsa Sahayata Yojana,State,Workers' welfare boards & labour,yes,Health & Wellness,https://www.myscheme.gov.in/schemes/csy
Jharkhand,Medhavi Putra/Putri Chhatravritti Yojana,State,Not for workers: students & education,no,Education & Learning,https://www.myscheme.gov.in/schemes/mppcy
Jharkhand,Pension Yojana (JBOCWWB),State,Pensions,yes,"Banking,Financial Services and Insurance",https://www.myscheme.gov.in/schemes/py-jbocwwb
Jharkhand,Jharkhand State Backward Classes Post-Matric Scholarship Scheme,State,Not for workers: students & education,no,Education & Learning,https://www.myscheme.gov.in/schemes/jsbcpmss
Jharkhand,Jharkhand State Food Security Scheme,State,"Food, LPG & ration",yes,Social welfare & Empowerment,https://www.myscheme.gov.in/schemes/jsfss
Jharkhand,Distribution of Kerosene Oil Scheme,State,"Food, LPG & ration",yes,Social welfare & Empowerment,https://www.myscheme.gov.in/schemes/dokos
Jharkhand,Distribution of Pulses,State,Housing,yes,Social welfare & Empowerment,https://www.myscheme.gov.in/schemes/dop
Jharkhand,Mukhyamantri Protsahan Yojana Jharkhand,State,"Livelihood, loans & self-employment",yes,Skills & Employment; Social welfare & Empowerment,https://www.myscheme.gov.in/schemes/mmpyj
Jharkhand,Matrutva Prasuvidha Yojana,State,Health & disability,yes,Health & Wellness,https://www.myscheme.gov.in/schemes/mpy
Jharkhand,Antayoshti Sahayata Yojana,State,Workers' welfare boards & labour,yes,Social welfare & Empowerment,https://www.myscheme.gov.in/schemes/asy
Jharkhand,Shramik Auzaar Sahayata Yojana,State,Workers' welfare boards & labour,yes,Social welfare & Empowerment,https://www.myscheme.gov.in/schemes/sasy
Jharkhand,Mukhyamantri Rajya Nirashrit Mahila Samman Pension Yojana,State,"Not for workers: sports, arts, awards",no,Social welfare & Empowerment,https://www.myscheme.gov.in/schemes/mrnmspy
Jharkhand,Mukhyamatri Rojgaar Srijan Yojana,State,Health & disability,yes,Business & Entrepreneurship; Skills & Employment,https://www.myscheme.gov.in/schemes/mmrsy
Jharkhand,Mukhyamantri Swasthya Sahayata Yojana Jharkhand,State,Health & disability,yes,Health & Wellness,https://www.myscheme.gov.in/schemes/mmssyj
Jharkhand,Indira Gandhi National Disability Pension Scheme - Jharkhand,State,Pensions,yes,Social welfare & Empowerment,https://www.myscheme.gov.in/schemes/igndpsj
Jharkhand,Mukhyamantri Jan-Van Scheme,State,Farmers & agriculture,yes,"Agriculture,Rural & Environment",https://www.myscheme.gov.in/schemes/mmjvs
Jharkhand,Mukhyamantri Gambhir Bimari Upchar Yojana,State,"Insurance, accident & death help",yes,Health & Wellness,https://www.myscheme.gov.in/schemes/mgbuy
Jharkhand,Sports Scholarship Jharkhand,State,Not for workers: students & education,no,Sports & Culture,https://www.myscheme.gov.in/schemes/ssj
Jharkhand,Jharkhand Mukhyamantri Gram Gadi Yojana,State,Other,no,Travel & Tourism; Business & Entrepreneurship,https://www.myscheme.gov.in/schemes/jmggy
Jharkhand,Eklavya Prashikshan Yojana,State,Not for workers: students & education,no,Education & Learning,https://www.myscheme.gov.in/schemes/epy
Jharkhand,Special Health Scheme for Primitive Tribes,State,Health & disability,yes,Health & Wellness,https://www.myscheme.gov.in/schemes/shspt
Jharkhand,Maanki Munda Scholarship for Female Students,State,Not for workers: students & education,no,Education & Learning,https://www.myscheme.gov.in/schemes/mmsfs
Jharkhand,Mukhyamantri Shiksha Protsahan Yojana,State,Not for workers: students & education,no,Education & Learning,https://www.myscheme.gov.in/schemes/mmspy
Jharkhand,Cycle Sahayata Yojana,State,Workers' welfare boards & labour,yes,Skills & Employment; Social welfare & Empowerment; Women and Child,https://www.myscheme.gov.in/schemes/csy-j
Jharkhand,Nishaktata Pension Yojana (JBOCWWB),State,Pensions,yes,"Banking,Financial Services and Insurance; Social welfare & Empowerment",https://www.myscheme.gov.in/schemes/npy-jbocwwb
Jharkhand,Swami Vivekananda Nishakta Swavlamban Protsahan Yojana,State,Pensions,yes,Social welfare & Empowerment,https://www.myscheme.gov.in/schemes/svnspy
Jharkhand,Financial Assistance to Pensioners Suffering From HIV and AIDS,State,Pensions,yes,Social welfare & Empowerment,https://www.myscheme.gov.in/schemes/fatpsfha
Jharkhand,Deen Dayal Upadhyay Kaushal Kendra (DDUKK)- Mega Skill Centre,State,"Livelihood, loans & self-employment",yes,Skills & Employment,https://www.myscheme.gov.in/schemes/ddukk-msc
Jharkhand,Jharkhand State Scheduled Tribe Pre-Matric Scholarship Scheme,State,Not for workers: students & education,no,Education & Learning,https://www.myscheme.gov.in/schemes/jsstpmss-2
Jharkhand,Saksham Jharkhand Kaushal Vikas Yojana,State,"Livelihood, loans & self-employment",yes,Skills & Employment,https://www.myscheme.gov.in/schemes/sjkvy
Jharkhand,Jharkhand Sports Excellence Cash Award Scheme to Coaches,State,"Not for workers: sports, arts, awards",no,Sports & Culture,https://www.myscheme.gov.in/schemes/jsecasc
Jharkhand,Shaheed Gram Vikas Yojana,State,Not for workers: honour & service pensions,no,Social welfare & Empowerment,https://www.myscheme.gov.in/schemes/sgvy
Jharkhand,Sugar Distribution Scheme,State,Housing,yes,Social welfare & Empowerment,https://www.myscheme.gov.in/schemes/sds
Jharkhand,Panchayat Secretariat Strengthening Scheme,State,"Food, LPG & ration",yes,"Agriculture,Rural & Environment",https://www.myscheme.gov.in/schemes/psss
Jharkhand,Valmiki Chhatravritti Yojana,State,Not for workers: students & education,no,Education & Learning,https://www.myscheme.gov.in/schemes/vcy
Jharkhand,Janani Suraksha Yojana (JSY),Central,Health & disability,yes,Health & Wellness; Women and Child,https://www.myscheme.gov.in/schemes/jsy1
Jharkhand,Vivah Sahayata Yojana,State,"Women, marriage & maternity",yes,Social welfare & Empowerment,https://www.myscheme.gov.in/schemes/vsy
Jharkhand,Jharkhand Mukhyamantri Maiya Samman Yojana,State,"Not for workers: sports, arts, awards",no,Women and Child; Social welfare & Empowerment,https://www.myscheme.gov.in/schemes/jmmsy
Jharkhand,Jharkhand Mukhyamantri Shramik Yojana ,State,Workers' welfare boards & labour,yes,Skills & Employment,https://www.myscheme.gov.in/schemes/jmsy
Jharkhand,Birsa Harit Gram Yojana,State,"Livelihood, loans & self-employment",yes,"Agriculture,Rural & Environment",https://www.myscheme.gov.in/schemes/bhgy
Jharkhand,Parivaar Pension Yojana (JBOCWWB),State,Pensions,yes,"Social welfare & Empowerment; Banking,Financial Services and Insurance",https://www.myscheme.gov.in/schemes/ppy-jbocwwb
Jharkhand,Jharkhand International Migrant Workers Grant Scheme ,State,Workers' welfare boards & labour,yes,Social welfare & Empowerment,https://www.myscheme.gov.in/schemes/jimwgs
Jharkhand,Jharkhand Rajya Patrakar Swasth Bima Yojna Niyamawali 2021,State,Not for workers: honour & service pensions,no,"Banking,Financial Services and Insurance",https://www.myscheme.gov.in/schemes/jrpsbyn2021
Jharkhand,Annath Pension Yojana (JBOCWWB),State,Pensions,yes,"Banking,Financial Services and Insurance; Social welfare & Empowerment",https://www.myscheme.gov.in/schemes/apy-jbocwwb
Jharkhand,PVTGs Dakia Yojana (Chief Minister's Food Security Scheme),State,"Food, LPG & ration",yes,Social welfare & Empowerment,https://www.myscheme.gov.in/schemes/pdycmfss
Jharkhand,Mukhyamantri Abua Swasthya Suraksha Yojana,State,"Insurance, accident & death help",yes,Health & Wellness,https://www.myscheme.gov.in/schemes/massy
Jharkhand,Jharkhand Petrol Subsidy Scheme,State,"Food, LPG & ration",yes,Social welfare & Empowerment; Transport & Infrastructure,https://www.myscheme.gov.in/schemes/jpss
Jharkhand,Abua Awas Yojana,State,Housing,yes,Housing & Shelter,https://www.myscheme.gov.in/schemes/aay
Jharkhand,Chief Minister Drought Relief Scheme,State,"Livelihood, loans & self-employment",yes,"Agriculture,Rural & Environment",https://www.myscheme.gov.in/schemes/cmdrs
Jharkhand,Sona Sobaran Dhoti Saree Distribution Scheme,State,"Food, LPG & ration",yes,Social welfare & Empowerment,https://www.myscheme.gov.in/schemes/ssdsds
Jharkhand,Scheme Of Coaching & Allied For Scheduled Tribes,State,Not for workers: students & education,no,Education & Learning,https://www.myscheme.gov.in/schemes/scast
Jharkhand,Reservoir Fisheries Development Scheme,State,"Livelihood, loans & self-employment",yes,"Agriculture,Rural & Environment",https://www.myscheme.gov.in/schemes/rfds
Jharkhand,Financial Grant for Sports Associations,State,"Not for workers: sports, arts, awards",no,Sports & Culture,https://www.myscheme.gov.in/schemes/fgfsa
Jharkhand,Feed Based Fisheries Scheme,State,"Food, LPG & ration",yes,"Agriculture,Rural & Environment",https://www.myscheme.gov.in/schemes/fbfs
Jharkhand,Financial Assistance for Private Self-Financed Technical Institutions,State,"Livelihood, loans & self-employment",yes,Education & Learning,https://www.myscheme.gov.in/schemes/fapsfti
Jharkhand,Grant to Jharkhand State Unaided Educational Institutions,State,Not for workers: students & education,no,Education & Learning,https://www.myscheme.gov.in/schemes/gjsuei
Jharkhand,Scheme Of Coaching & Allied For Scheduled Castes,State,Not for workers: students & education,no,Education & Learning,https://www.myscheme.gov.in/schemes/scasc
Jharkhand,Jharkhand Krishi Rin Mafi Yojana,State,"Livelihood, loans & self-employment",yes,"Agriculture,Rural & Environment",https://www.myscheme.gov.in/schemes/jkrmy
Jharkhand,Sarna /Jahersthan/Hadgadi & Masna Protection and Development Scheme,State,"Not for workers: sports, arts, awards",no,Social welfare & Empowerment; Sports & Culture,https://www.myscheme.gov.in/schemes/sjhmpds
Jharkhand,Free Bicycle Distribution Scheme,State,Not for workers: students & education,no,Education & Learning,https://www.myscheme.gov.in/schemes/fbds
Jharkhand,Formation Scheme of JHASCOFISH,State,"Livelihood, loans & self-employment",yes,"Agriculture,Rural & Environment",https://www.myscheme.gov.in/schemes/fsjhascofish
Jharkhand,"Adivasi Sanskriti Evam Kala Kendra/Majhi Bhavan, Manki Munda Bhavan, Parha Bhavan, Pargana Bhavan, Dumkuria Bhavan Evam Gosade Nirman Tatha Majhi Than Shed Nirman Yojana",State,"Not for workers: sports, arts, awards",no,Sports & Culture,https://www.myscheme.gov.in/schemes/asekkmbmtsny
Jharkhand,Fish Marketing Scheme,State,"Livelihood, loans & self-employment",yes,"Agriculture,Rural & Environment",https://www.myscheme.gov.in/schemes/fms
Jharkhand,Integrated Fisheries Scheme,State,"Livelihood, loans & self-employment",yes,"Agriculture,Rural & Environment",https://www.myscheme.gov.in/schemes/ifs
Jharkhand,"Fish Extension, Research, and Training Scheme",State,"Livelihood, loans & self-employment",yes,"Agriculture,Rural & Environment",https://www.myscheme.gov.in/schemes/ferts
Meghalaya,Post Harvest Marketing Scheme,State,Farmers & agriculture,yes,"Agriculture,Rural & Environment",https://www.myscheme.gov.in/schemes/phms
Meghalaya,Agriculture Research Stations and Laboratories Scheme,State,Farmers & agriculture,yes,"Agriculture,Rural & Environment",https://www.myscheme.gov.in/schemes/arsls
Meghalaya,Maintenance of Horti Hubs,State,"Food, LPG & ration",yes,"Agriculture,Rural & Environment",https://www.myscheme.gov.in/schemes/mhh
Meghalaya,Organic Manure Scheme,State,Health & disability,yes,"Agriculture,Rural & Environment",https://www.myscheme.gov.in/schemes/oms
Meghalaya,Supply of Agriculture Machineries Scheme,State,"Livelihood, loans & self-employment",yes,"Agriculture,Rural & Environment",https://www.myscheme.gov.in/schemes/sams
Meghalaya,Agriculture Academic Studies Scheme,State,Not for workers: students & education,no,Education & Learning,https://www.myscheme.gov.in/schemes/aass
Meghalaya,Disability Pension (MBOCWWB),State,Pensions,yes,Social welfare & Empowerment,https://www.myscheme.gov.in/schemes/dpmbocwwb
Meghalaya,Pension Plan (MBOCWWB),State,Pensions,yes,Social welfare & Empowerment,https://www.myscheme.gov.in/schemes/ppmbocwwb
Meghalaya,Award For Meritorious Students Of Meghalaya In The HSSLC Examination (Science Stream),State,Not for workers: students & education,no,Education & Learning,https://www.myscheme.gov.in/schemes/amsmhsslc
Meghalaya,State Talent Search Examination in Mathematics and Science for Tribal Students of Meghalaya at the Close of Upper Primary Stage (Class VIII),State,Not for workers: students & education,no,Education & Learning,https://www.myscheme.gov.in/schemes/stsemstsmcupscviii
Meghalaya,The Meghalaya Tribal Students’ Book Grant (Post-Matric Education),State,Not for workers: students & education,no,Education & Learning,https://www.myscheme.gov.in/schemes/tmtsbg-pme
Meghalaya,Youth Engagement through Empowered Youth Organisations (YESS),State,"Not for workers: sports, arts, awards",no,Sports & Culture,https://www.myscheme.gov.in/schemes/yeteyoyess
Meghalaya,Awarding Laptops To Meritorious Students Of Meghalaya,State,Not for workers: students & education,no,Education & Learning,https://www.myscheme.gov.in/schemes/laptopmeghalaya
Meghalaya,Prime Tourism Vehicle Scheme-Meghalaya,State,"Livelihood, loans & self-employment",yes,Travel & Tourism; Transport & Infrastructure,https://www.myscheme.gov.in/schemes/ptvsme
Meghalaya,Meghalaya Sericulture & Weaving Scheme,State,"Insurance, accident & death help",yes,"Skills & Employment; Business & Entrepreneurship; Banking,Financial Services and Insurance",https://www.myscheme.gov.in/schemes/msws
Meghalaya,Meghalaya Motorcaravan Scheme,State,"Livelihood, loans & self-employment",yes,Travel & Tourism; Transport & Infrastructure,https://www.myscheme.gov.in/schemes/mms
Meghalaya,Agro Tourism Villa Scheme,State,"Not for workers: sports, arts, awards",no,Travel & Tourism,https://www.myscheme.gov.in/schemes/atvs
Meghalaya,Fruit Development Scheme,State,"Livelihood, loans & self-employment",yes,"Agriculture,Rural & Environment",https://www.myscheme.gov.in/schemes/fds
Meghalaya,Plantation Crop Development Scheme,State,"Livelihood, loans & self-employment",yes,"Agriculture,Rural & Environment",https://www.myscheme.gov.in/schemes/pcds
Meghalaya,Floriculture Development Scheme,State,"Livelihood, loans & self-employment",yes,"Agriculture,Rural & Environment",https://www.myscheme.gov.in/schemes/fcds
Meghalaya,Integrated Technology Enabled Agriculture Management System Or iTEAMS,State,Farmers & agriculture,yes,"Agriculture,Rural & Environment",https://www.myscheme.gov.in/schemes/iteams
Meghalaya,Bio Control Laboratory and Pesticides Testing Laboratory Scheme,State,Health & disability,yes,"Agriculture,Rural & Environment",https://www.myscheme.gov.in/schemes/bclptls
Meghalaya,Integrated Agriculture Training Centre Scheme,State,"Livelihood, loans & self-employment",yes,"Agriculture,Rural & Environment",https://www.myscheme.gov.in/schemes/iatc
Meghalaya,Plant Protection including Integrated Pest Management Scheme,State,Health & disability,yes,"Agriculture,Rural & Environment",https://www.myscheme.gov.in/schemes/ipm
Meghalaya,Winter Cropping & Development of Cultivable Land Scheme,State,"Livelihood, loans & self-employment",yes,"Agriculture,Rural & Environment",https://www.myscheme.gov.in/schemes/wcdcls
Meghalaya,Free Studentship,State,Not for workers: students & education,no,Education & Learning,https://www.myscheme.gov.in/schemes/fs
Meghalaya,Meghalaya Agriculture Warehouse Scheme ,State,"Livelihood, loans & self-employment",yes,"Agriculture,Rural & Environment",https://www.myscheme.gov.in/schemes/maws
Meghalaya,Chief Minister's Meghalaya Homestay Mission Scheme,State,Health & disability,yes,Travel & Tourism,https://www.myscheme.gov.in/schemes/cmmhms
Meghalaya,FOCUS Scheme (Farmers Collectivization For Upscaling Production and Marketing System),State,Farmers & agriculture,yes,"Agriculture,Rural & Environment",https://www.myscheme.gov.in/schemes/focuss
Meghalaya,Chief Minister's Scholarship Scheme,State,Not for workers: students & education,no,Education & Learning,https://www.myscheme.gov.in/schemes/cmss
Meghalaya,Meghalaya Any Business Venture Scheme,State,"Livelihood, loans & self-employment",yes,Business & Entrepreneurship,https://www.myscheme.gov.in/schemes/mabvs
Meghalaya,Integrated Scheme for Export Promotion & Quality Improvement in Spices and Research and Development of Cardamom: Export Oriented Production:Large Cardamom Replanting/New planting (Ha),Central,Farmers & agriculture,yes,"Agriculture,Rural & Environment",https://www.myscheme.gov.in/schemes/isfepqiisaradoceoplcrnp
Meghalaya,Meghalaya Agriculture Response Vehicle Scheme,State,Farmers & agriculture,yes,"Agriculture,Rural & Environment",https://www.myscheme.gov.in/schemes/marvs
Meghalaya,Seed Testing Laboratory Scheme,State,Farmers & agriculture,yes,"Agriculture,Rural & Environment",https://www.myscheme.gov.in/schemes/stlsmeghalaya
Meghalaya,Seed Farms Scheme,State,Farmers & agriculture,yes,"Agriculture,Rural & Environment",https://www.myscheme.gov.in/schemes/sfs
Meghalaya,Farmers Training Institute Scheme,State,"Livelihood, loans & self-employment",yes,"Agriculture,Rural & Environment",https://www.myscheme.gov.in/schemes/ftis
Meghalaya,Maternity Benefit (MBOCWWB),State,Workers' welfare boards & labour,yes,Women and Child,https://www.myscheme.gov.in/schemes/mbmbocwwb
Meghalaya,Cash Award (MBOCWWB),State,Not for workers: students & education,no,Education & Learning,https://www.myscheme.gov.in/schemes/cambocwwb
Meghalaya,Maize Development through Cluster Approach Scheme,State,"Food, LPG & ration",yes,"Agriculture,Rural & Environment",https://www.myscheme.gov.in/schemes/mdcas
Meghalaya,Meghalaya Dairy Development Scheme,State,Farmers & agriculture,yes,"Agriculture,Rural & Environment",https://www.myscheme.gov.in/schemes/mdds
Meghalaya,Meghalaya Adventure Tourism Scheme,State,"Livelihood, loans & self-employment",yes,Travel & Tourism,https://www.myscheme.gov.in/schemes/mats
Meghalaya,Meghalaya Sports & Wellness Centre Scheme,State,"Not for workers: sports, arts, awards",no,Sports & Culture,https://www.myscheme.gov.in/schemes/mswcs
Meghalaya,Border Areas Scholarship,State,Not for workers: students & education,no,Education & Learning,https://www.myscheme.gov.in/schemes/bas
Meghalaya,Guru Shishya Parampara,State,"Livelihood, loans & self-employment",yes,"Agriculture,Rural & Environment",https://www.myscheme.gov.in/schemes/gsp
Meghalaya,Development and Maintenance of Orchard Cum Horti Nurseries,State,"Livelihood, loans & self-employment",yes,"Agriculture,Rural & Environment",https://www.myscheme.gov.in/schemes/dmochn
Meghalaya,"Spices Development Ginger, Turmeric, Black Pepper, Cardamom, Coriander, Cinnamon and Chillies",State,Farmers & agriculture,yes,"Agriculture,Rural & Environment",https://www.myscheme.gov.in/schemes/sdgtbpcccc
Meghalaya,"Tuber Crops Potato, Tapioca, Colocasia",State,"Livelihood, loans & self-employment",yes,"Agriculture,Rural & Environment",https://www.myscheme.gov.in/schemes/tcptc
Meghalaya,Agriculture Information Unit Scheme,State,Farmers & agriculture,yes,"Agriculture,Rural & Environment",https://www.myscheme.gov.in/schemes/aius
Meghalaya,State Rice Mission Scheme,State,"Livelihood, loans & self-employment",yes,"Agriculture,Rural & Environment",https://www.myscheme.gov.in/schemes/srmsmeghalaya
Meghalaya,Ramie Crop Scheme,State,"Livelihood, loans & self-employment",yes,"Agriculture,Rural & Environment",https://www.myscheme.gov.in/schemes/rcs
Meghalaya,Educational Assistance (Scheme for the Pre-Matric and Post-Matric Scholarship to Children of Construction Workers Registered with the MBOCWWB),State,Not for workers: students & education,no,Education & Learning; Social welfare & Empowerment,https://www.myscheme.gov.in/schemes/easppsccwrmbocwwb
Meghalaya,Scheme of Scholarship for Sainik Schools,State,Not for workers: students & education,no,Education & Learning,https://www.myscheme.gov.in/schemes/sosfss
Meghalaya,Meghalaya Goat Farming Scheme,State,Farmers & agriculture,yes,"Agriculture,Rural & Environment",https://www.myscheme.gov.in/schemes/mgfs
Meghalaya,Meghalaya Poultry Farming Scheme,State,"Livelihood, loans & self-employment",yes,"Agriculture,Rural & Environment",https://www.myscheme.gov.in/schemes/mpfs
Meghalaya,Chief Ministers Green Taxi Scheme,State,"Livelihood, loans & self-employment",yes,Transport & Infrastructure; Business & Entrepreneurship,https://www.myscheme.gov.in/schemes/cmgta
Meghalaya,One Tea Scheme,State,"Not for workers: sports, arts, awards",no,"Agriculture,Rural & Environment",https://www.myscheme.gov.in/schemes/otsm
Meghalaya,Financial Support To The Students Of N.E.R For Higher Professional Courses (NEC Merit Scholarship),Central,Not for workers: students & education,no,Education & Learning,https://www.myscheme.gov.in/schemes/necms
Meghalaya,Scholarship To 2 Years Pre-Service Student Teachers Undergoing D.El.Ed Programme At DIETs And CTTC Sohra,State,Not for workers: students & education,no,Education & Learning,https://www.myscheme.gov.in/schemes/stypsstdpdcs
Meghalaya,Soil Testing Laboratory,State,Health & disability,yes,"Agriculture,Rural & Environment",https://www.myscheme.gov.in/schemes/stl
Meghalaya,Rehabilitation Treatment For The Disabled,State,Health & disability,yes,Social welfare & Empowerment; Education & Learning; Health & Wellness,https://www.myscheme.gov.in/schemes/rtfd
Meghalaya,Vegetable Development Scheme,State,Housing,yes,"Agriculture,Rural & Environment",https://www.myscheme.gov.in/schemes/vds
Meghalaya,Plant Protection Scheme,State,"Livelihood, loans & self-employment",yes,"Agriculture,Rural & Environment",https://www.myscheme.gov.in/schemes/pps
Meghalaya,Development of Strawberry Cultivation,State,Farmers & agriculture,yes,"Agriculture,Rural & Environment",https://www.myscheme.gov.in/schemes/dsc
Meghalaya,Regional Centre for Training and Production of Mushroom,State,"Livelihood, loans & self-employment",yes,"Agriculture,Rural & Environment",https://www.myscheme.gov.in/schemes/rctpm
Meghalaya,Fruit Processing Centre,State,Housing,yes,"Agriculture,Rural & Environment",https://www.myscheme.gov.in/schemes/fpc
Meghalaya,Horticulture Mission for North Eastern Hill Scheme- Meghalaya,State,Farmers & agriculture,yes,"Agriculture,Rural & Environment",https://www.myscheme.gov.in/schemes/hmneh
Meghalaya,Mission for Integrated Development of Horticulture Sub Scheme Horticulture Mission for North East and Himalayan Region- Meghalaya,State,Farmers & agriculture,yes,"Agriculture,Rural & Environment",https://www.myscheme.gov.in/schemes/midhhmneh-meghalaya
Meghalaya,Agriculture Engineering (Mechanical) Scheme,State,"Livelihood, loans & self-employment",yes,"Agriculture,Rural & Environment",https://www.myscheme.gov.in/schemes/aems
Meghalaya,Basic Agriculture Training Centre Scheme,State,"Food, LPG & ration",yes,"Agriculture,Rural & Environment",https://www.myscheme.gov.in/schemes/batcs
Meghalaya,Marriage Benefit (MBOCWWB),State,Workers' welfare boards & labour,yes,Social welfare & Empowerment,https://www.myscheme.gov.in/schemes/mbmbocwwb-meghalaya
Meghalaya,Medical Assistance (MBOCWWB),State,Workers' welfare boards & labour,yes,Health & Wellness; Social welfare & Empowerment,https://www.myscheme.gov.in/schemes/mambocwwb
Meghalaya,Loans for Tools (MBOCWWB),State,Workers' welfare boards & labour,yes,"Skills & Employment; Banking,Financial Services and Insurance",https://www.myscheme.gov.in/schemes/ltmbocwwb
Meghalaya,Integrated Farming in Micro Watershed Scheme,State,"Livelihood, loans & self-employment",yes,"Agriculture,Rural & Environment",https://www.myscheme.gov.in/schemes/ifmws
Meghalaya,“Ishan Uday” Special Scholarship Scheme For North Eastern Region,Central,Not for workers: students & education,no,Education & Learning,https://www.myscheme.gov.in/schemes/iu-sss-ner
Meghalaya,Meghalaya Piggery Development Scheme,State,Farmers & agriculture,yes,"Agriculture,Rural & Environment",https://www.myscheme.gov.in/schemes/mpdsc
Meghalaya,Prime Small Enterprise Empowerment and Development(SEED) Scheme,State,"Livelihood, loans & self-employment",yes,Business & Entrepreneurship,https://www.myscheme.gov.in/schemes/pseeads
Meghalaya,Meghalaya Cinema Theatre Scheme,State,"Not for workers: sports, arts, awards",no,"Banking,Financial Services and Insurance; Business & Entrepreneurship",https://www.myscheme.gov.in/schemes/mcts
Meghalaya,Northeast BPO Promotion Scheme,Central,"Livelihood, loans & self-employment",yes,Business & Entrepreneurship; Skills & Employment,https://www.myscheme.gov.in/schemes/nebps
Meghalaya,Uttar Poorva Transformative Industrialization Scheme,Central,Other,no,Business & Entrepreneurship,https://www.myscheme.gov.in/schemes/unnatidpiit
Meghalaya,Chief Minister Housing Assistance Programme,State,Housing,yes,Housing & Shelter,https://www.myscheme.gov.in/schemes/cmhap
Meghalaya,Tea Development Scheme,State,"Livelihood, loans & self-employment",yes,"Agriculture,Rural & Environment",https://www.myscheme.gov.in/schemes/tds
Meghalaya,Family Pension (MBOCWWB),State,Pensions,yes,Social welfare & Empowerment,https://www.myscheme.gov.in/schemes/fpmbocwwb
Meghalaya,Death Benefit (MBOCWWB),State,Workers' welfare boards & labour,yes,Social welfare & Empowerment,https://www.myscheme.gov.in/schemes/dbmbocwwb
Meghalaya,Funeral Benefit (MBOCWWB),State,Workers' welfare boards & labour,yes,Social welfare & Empowerment,https://www.myscheme.gov.in/schemes/fbmbocwwb
Meghalaya,AICTE - Grant For Augmenting Infrastructure In North Eastern Region,Central,Other,no,Education & Learning; Transport & Infrastructure,https://www.myscheme.gov.in/schemes/a-gainer
Meghalaya,Meghalaya Tourism Development & Investment Promotion,State,Other,no,Travel & Tourism,https://www.myscheme.gov.in/schemes/mtdip
Meghalaya,Chief Ministers Special Rural Development Fund (CMSRDF),State,Not for workers: honour & service pensions,no,"Agriculture,Rural & Environment",https://www.myscheme.gov.in/schemes/cmsrdf
Meghalaya,"The Meghalaya Victim Compensation Scheme, 2022",State,Health & disability,yes,"Social welfare & Empowerment; Public Safety,Law & Justice",https://www.myscheme.gov.in/schemes/tmvcs
Meghalaya,Inter-state Border Areas Development Programme,State,Other,no,Social welfare & Empowerment,https://www.myscheme.gov.in/schemes/isbadp
Assam,Aponar Apon Ghar,State,"Insurance, accident & death help",yes,"Banking,Financial Services and Insurance",https://www.myscheme.gov.in/schemes/aag
Assam,Mukhya Mantri Krishi Sa Sajuli Yozana - Assam,State,Farmers & agriculture,yes,"Agriculture,Rural & Environment",https://www.myscheme.gov.in/schemes/mmkssy-assam
Assam,Interest Subvention Scheme For Housing Loan For Regular State Government Employee Under APUN GHAR,State,"Insurance, accident & death help",yes,"Banking,Financial Services and Insurance",https://www.myscheme.gov.in/schemes/apun-ghar
Assam,Community Canning & Training On Fruit Preservation,State,"Food, LPG & ration",yes,"Agriculture,Rural & Environment",https://www.myscheme.gov.in/schemes/cctofp
Assam,"""Agricultural Income Tax Holiday"" under the ""Assam Tea Industries Special Incentives Scheme""",State,"Insurance, accident & death help",yes,"Banking,Financial Services and Insurance; Agriculture,Rural & Environment",https://www.myscheme.gov.in/schemes/aith-atisis
Assam,Simon Sing Horo Special Post-Matric Scholarship,State,Not for workers: students & education,no,Education & Learning,https://www.myscheme.gov.in/schemes/sshspms
Assam,Financial Assistance for ANM/GNM/Technical Courses,State,Health & disability,yes,Health & Wellness; Skills & Employment,https://www.myscheme.gov.in/schemes/faanmgnmtc
Assam,Grants To Patients Suffering From Tuberculosis/Cancer And Other Major Diseases,State,Not for workers: students & education,no,Health & Wellness,https://www.myscheme.gov.in/schemes/gpstbcomd
Assam,CM's Jibon Anuprerana Scheme,State,Health & disability,yes,Skills & Employment,https://www.myscheme.gov.in/schemes/cmjas
Assam,Special Incentive to OBC Meritorious Students (Boys & Girls),State,Not for workers: students & education,no,Education & Learning; Social welfare & Empowerment,https://www.myscheme.gov.in/schemes/siomsbg
Assam,Special Incentive to ST (P)/OBC/MOBC Meritorious Students,State,Not for workers: students & education,no,Education & Learning,https://www.myscheme.gov.in/schemes/sistpomms
Assam,Chief Minister Samagra Gramya Unnayan Yojana,State,Farmers & agriculture,yes,"Agriculture,Rural & Environment",https://www.myscheme.gov.in/schemes/cmsguy
Assam,Bidya Lakshmi Loan,State,Not for workers: students & education,no,Education & Learning,https://www.myscheme.gov.in/schemes/bll
Assam,Swanirbhar Naari,State,"Livelihood, loans & self-employment",yes,Skills & Employment,https://www.myscheme.gov.in/schemes/naari
Assam,Cash Award (A.B.O.C.W.W.B),State,Not for workers: students & education,no,Education & Learning,https://www.myscheme.gov.in/schemes/caabocwwb
Assam,Maternity Benefit (A.B.O.C.W.W.B),State,Workers' welfare boards & labour,yes,Social welfare & Empowerment; Women and Child,https://www.myscheme.gov.in/schemes/mbabocwwb
Assam,Financial Incentive to SC Meritorious Girls Students,State,Not for workers: students & education,no,Education & Learning; Social welfare & Empowerment,https://www.myscheme.gov.in/schemes/fiscmgs
Assam,Financial Assistance to Scheduled Tribe (Plains) Students for Coaching for Getting Admission into Medical/Engineering/IIT/etc.,State,Not for workers: students & education,no,Education & Learning,https://www.myscheme.gov.in/schemes/fastpscgameie
Assam,Promotion of Tribal Culture,State,"Not for workers: sports, arts, awards",no,Sports & Culture,https://www.myscheme.gov.in/schemes/ptc
Assam,Financial Assistance for UPSC/APSC Mains Exam,State,Not for workers: students & education,no,Education & Learning,https://www.myscheme.gov.in/schemes/fauame
Assam,"""Orthodox or Specialty Tea Production Subsidy"" under the ""Assam Tea Industries Special Incentives Scheme""",State,"Insurance, accident & death help",yes,"Agriculture,Rural & Environment; Banking,Financial Services and Insurance",https://www.myscheme.gov.in/schemes/ostps-atisis
Assam,"""Subsidy for Orthodox & Speciality Tea Unit for Plant & Machinery"" under the ""Assam Tea Industries Special Incentives Scheme""",State,"Insurance, accident & death help",yes,"Agriculture,Rural & Environment; Banking,Financial Services and Insurance",https://www.myscheme.gov.in/schemes/sostupm-atisis
Assam,Pre-Matric & Post-Matric Scholarship,State,Not for workers: students & education,no,Education & Learning,https://www.myscheme.gov.in/schemes/pmpms
Assam,Financial Assistance for Higher Studies,State,Not for workers: students & education,no,Education & Learning,https://www.myscheme.gov.in/schemes/fahs-assam
Assam,Coaching For Higher Studies,State,Not for workers: students & education,no,Education & Learning,https://www.myscheme.gov.in/schemes/chs-assam
Assam,Aamar Dukan On Wheels,State,Other,no,Business & Entrepreneurship,https://www.myscheme.gov.in/schemes/adow
Assam,Pre-Matric Scholarship For Scheduled Tribe Students Studying In Classes 9th & 10th,State,Not for workers: students & education,no,Education & Learning,https://www.myscheme.gov.in/schemes/pmsstsscnt
Assam,Financial Incentive For Inter-Caste Marriages Under Protection Of Civil Rights Act 1955 And Scheduled Castes And Scheduled Tribes (Prevention Of Atrocities) Act 1989 In Assam,State,"Women, marriage & maternity",yes,Social welfare & Empowerment,https://www.myscheme.gov.in/schemes/icm
Assam,Social Security for Tea Plantation Workers in Assam,Central,Pensions,yes,Social welfare & Empowerment; Skills & Employment,https://www.myscheme.gov.in/schemes/sstpwa
Assam,Swahid Kushal Konwar Sarbajanin Briddha Pension Achoni,State,Pensions,yes,Social welfare & Empowerment,https://www.myscheme.gov.in/schemes/skksbpa
Assam,Journalist's Medical Welfare Scheme - Assam,State,Not for workers: honour & service pensions,no,Health & Wellness; Social welfare & Empowerment,https://www.myscheme.gov.in/schemes/jmws-assam
Assam,Grants In Aid To SC/ST Patients Suffering From Cancer And Other Malignant Diseases,State,Health & disability,yes,Health & Wellness,https://www.myscheme.gov.in/schemes/gascstpsfcad
Assam,Chief Minister’s Free Diagnostic Services,State,Health & disability,yes,Health & Wellness,https://www.myscheme.gov.in/schemes/cmfds
Assam,Educational Assistance (A.B.O.C.W.W.B),State,Not for workers: students & education,no,Education & Learning,https://www.myscheme.gov.in/schemes/eaabocwwb
Assam,Disability Pension (A.B.O.C.W.W.B),State,Pensions,yes,Social welfare & Empowerment,https://www.myscheme.gov.in/schemes/dpabocwwb
Assam,Medical Assistance (A.B.O.C.W.W.B),State,Workers' welfare boards & labour,yes,Health & Wellness; Social welfare & Empowerment,https://www.myscheme.gov.in/schemes/ma-abocwwb
Assam,Health Check-up (A.B.O.C.W.W.B),State,Workers' welfare boards & labour,yes,Health & Wellness,https://www.myscheme.gov.in/schemes/hc-uabocwwb
Assam,Financial Assistance to Students who Cleared Civil Services Prelims Conducted by UPSC/APSC,State,Not for workers: students & education,no,Education & Learning,https://www.myscheme.gov.in/schemes/fasccspcua
Assam,Post Graduate Scholarship for Ph.D./LLM Students,State,Not for workers: students & education,no,Education & Learning,https://www.myscheme.gov.in/schemes/pgspls
Assam,North East Skill Centre,State,Health & disability,yes,Skills & Employment,https://www.myscheme.gov.in/schemes/nesc
Assam,Assam Arogya Nidhi Scheme,State,"Insurance, accident & death help",yes,Health & Wellness; Social welfare & Empowerment,https://www.myscheme.gov.in/schemes/aan
Assam,Integrated Horticulture Development,State,Farmers & agriculture,yes,Social welfare & Empowerment,https://www.myscheme.gov.in/schemes/ihd
Assam,Financial Assistance to SC Students Appearing in the Mains Examination of UPSC,State,Not for workers: students & education,no,Education & Learning; Social welfare & Empowerment,https://www.myscheme.gov.in/schemes/fassameu
Assam,"""Interest Subvention on Working Capital"" under the ""Assam Tea Industries Special Incentives Scheme""",State,"Insurance, accident & death help",yes,"Agriculture,Rural & Environment; Banking,Financial Services and Insurance",https://www.myscheme.gov.in/schemes/iswc-atisis
Assam,Swahid Dayal Das Panika Swaniyojan Achoni,State,"Livelihood, loans & self-employment",yes,Skills & Employment; Business & Entrepreneurship,https://www.myscheme.gov.in/schemes/sddpsa
Assam,"Awareness Programme on Child/Human Trafficking, Family Planning, Legal Awareness, Health etc.",State,Health & disability,yes,"Public Safety,Law & Justice; Health & Wellness; Social welfare & Empowerment; Women and Child",https://www.myscheme.gov.in/schemes/apchtfplahe
Assam,Abhinandan Education Loan Subsidy Scheme,State,Not for workers: students & education,no,Education & Learning; Skills & Employment,https://www.myscheme.gov.in/schemes/aelss
Assam,Assam Abhinandan Education Loan Subsidy Scheme,State,Not for workers: students & education,no,"Banking,Financial Services and Insurance",https://www.myscheme.gov.in/schemes/aaelss
Assam,Exposure Visits To The Assam Legislative Assembly,State,Not for workers: students & education,no,Education & Learning,https://www.myscheme.gov.in/schemes/evtala
Assam,Mukhya Mantrir Eti koli duti paat ,State,"Food, LPG & ration",yes,Social welfare & Empowerment,https://www.myscheme.gov.in/schemes/mmekdp
Assam,Financial Support To The Students Of N.E.R For Higher Professional Courses (NEC Merit Scholarship),Central,Not for workers: students & education,no,Education & Learning,https://www.myscheme.gov.in/schemes/necms
Assam,The Artist Welfare Fund Of Assam,State,"Not for workers: sports, arts, awards",no,Sports & Culture; Social welfare & Empowerment,https://www.myscheme.gov.in/schemes/tawfa
Assam,Financial Grants In Aid To SC/ST Patients Suffering From Cancer And Other Malignant Diseases,State,Health & disability,yes,Health & Wellness; Social welfare & Empowerment,https://www.myscheme.gov.in/schemes/grants-in-aid-to-scst-patients
Assam,Price Support Scheme,State,Farmers & agriculture,yes,"Agriculture,Rural & Environment",https://www.myscheme.gov.in/schemes/pss
Assam,Film Finance Scheme,State,"Not for workers: sports, arts, awards",no,Sports & Culture,https://www.myscheme.gov.in/schemes/fss
Assam,Marriage Assistance (A.B.O.C.W.W.B),State,Workers' welfare boards & labour,yes,Social welfare & Empowerment,https://www.myscheme.gov.in/schemes/maabocwwb
Assam,General Pension (A.B.O.C.W.W.B),State,Pensions,yes,Social welfare & Empowerment,https://www.myscheme.gov.in/schemes/gpabocwwb
Assam,Financial Incentive to SC Meritorious Boy Students,State,Not for workers: students & education,no,Education & Learning; Social welfare & Empowerment,https://www.myscheme.gov.in/schemes/fascmbs
Assam,Financial Assistance to OBC Students Appearing in the Mains Examination of UPSC,State,Not for workers: students & education,no,Social welfare & Empowerment; Education & Learning,https://www.myscheme.gov.in/schemes/faosameu
Assam,Mukhya Mantrir Nijut Moina Aasoni,State,Not for workers: students & education,no,Education & Learning,https://www.myscheme.gov.in/schemes/mmnm
Assam,“Ishan Uday” Special Scholarship Scheme For North Eastern Region,Central,Not for workers: students & education,no,Education & Learning,https://www.myscheme.gov.in/schemes/iu-sss-ner
Assam,Combined Merit Scholarship,State,Not for workers: students & education,no,Education & Learning,https://www.myscheme.gov.in/schemes/cms-g
Assam,Assam Tea Plantations Provident Fund Scheme,State,Workers' welfare boards & labour,yes,"Agriculture,Rural & Environment; Banking,Financial Services and Insurance",https://www.myscheme.gov.in/schemes/atppfs
Assam,Northeast BPO Promotion Scheme,Central,"Livelihood, loans & self-employment",yes,Business & Entrepreneurship; Skills & Employment,https://www.myscheme.gov.in/schemes/nebps
Assam,Janani Suraksha Yojana (JSY),Central,Health & disability,yes,Health & Wellness; Women and Child,https://www.myscheme.gov.in/schemes/jsy1
Assam,Post-Matric Scholarship for the Students Belonging to Scheduled Tribe for Studies in India,State,Not for workers: students & education,no,Education & Learning,https://www.myscheme.gov.in/schemes/pmssbstsi
Assam,Uttar Poorva Transformative Industrialization Scheme,Central,Other,no,Business & Entrepreneurship,https://www.myscheme.gov.in/schemes/unnatidpiit
Assam,Rental Housing Scheme,State,Housing,yes,Transport & Infrastructure; Social welfare & Empowerment,https://www.myscheme.gov.in/schemes/rhs
Assam,Silpi Pension Scheme - Assam,State,"Not for workers: sports, arts, awards",no,"Sports & Culture; Social welfare & Empowerment; Banking,Financial Services and Insurance",https://www.myscheme.gov.in/schemes/sps-assam
Assam,Orunodoi 3.0,State,Health & disability,yes,Women and Child; Social welfare & Empowerment,https://www.myscheme.gov.in/schemes/aos
Assam,Sneha Sparsha,State,Health & disability,yes,Health & Wellness,https://www.myscheme.gov.in/schemes/ss-a
Assam,Funeral Assistance (A.B.O.C.W.W.B),State,Workers' welfare boards & labour,yes,Social welfare & Empowerment,https://www.myscheme.gov.in/schemes/faabocwwb
Assam,Death Benefit (A.B.O.C.W.W.B),State,Workers' welfare boards & labour,yes,Social welfare & Empowerment,https://www.myscheme.gov.in/schemes/dbabocwwb
Assam,Arundhati Gold Scheme,State,"Women, marriage & maternity",yes,Social welfare & Empowerment,https://www.myscheme.gov.in/schemes/ags
Assam,Aam Aadmi Bima Yojana,Central,"Insurance, accident & death help",yes,Social welfare & Empowerment,https://www.myscheme.gov.in/schemes/aaby
Assam,AICTE - Grant For Augmenting Infrastructure In North Eastern Region,Central,Other,no,Education & Learning; Transport & Infrastructure,https://www.myscheme.gov.in/schemes/a-gainer
Assam,Sarothi Scheme,State,Farmers & agriculture,yes,Social welfare & Empowerment,https://www.myscheme.gov.in/schemes/srs
Assam,Swami Vivekananda Assam Youth Empowerment,State,Other,no,Social welfare & Empowerment,https://www.myscheme.gov.in/schemes/svayem
Assam,KARMASHREE- The Chief Minister's Award For Excellence In Public Administration,State,"Not for workers: sports, arts, awards",no,Social welfare & Empowerment,https://www.myscheme.gov.in/schemes/cm-awards-karmashree
Assam,Development Of Playfield Under CMSGUY,State,Not for workers: students & education,no,Transport & Infrastructure,https://www.myscheme.gov.in/schemes/dp-cmsguy
Assam,Promotion And Development Of Tea Tourism Infrastructure In Assam,State,Other,no,Travel & Tourism,https://www.myscheme.gov.in/schemes/pdtti-assam
Assam,Chief Minister Floriculture Mission,State,Housing,yes,"Agriculture,Rural & Environment",https://www.myscheme.gov.in/schemes/cmfm
Assam,One Time Grant For Media Personality,State,Not for workers: honour & service pensions,no,Social welfare & Empowerment,https://www.myscheme.gov.in/schemes/otgmp
Assam,Distribution Of Tractor Unit Under CMSGUY,State,"Livelihood, loans & self-employment",yes,"Agriculture,Rural & Environment",https://www.myscheme.gov.in/schemes/dtu-cmsguy
Assam,Boneej Scheme,State,Other,no,Social welfare & Empowerment,https://www.myscheme.gov.in/schemes/bns
Assam,Biponi Scheme,State,Other,no,Business & Entrepreneurship,https://www.myscheme.gov.in/schemes/bps
Assam,National Mission on Edible Oils- Oil Palm,Central,Farmers & agriculture,yes,"Agriculture,Rural & Environment",https://www.myscheme.gov.in/schemes/nmeo-op
Kerala,Financial Assistance To Ex-Convicts,State,"Livelihood, loans & self-employment",yes,Social welfare & Empowerment; Business & Entrepreneurship,https://www.myscheme.gov.in/schemes/fae-c
Kerala,Marriage Assistance For Legally Married Transgender Couples,State,"Women, marriage & maternity",yes,Social welfare & Empowerment,https://www.myscheme.gov.in/schemes/malmtc
Kerala,Distress Relief Fund For The Differently Abled (Medical Treatment),State,Health & disability,yes,Social welfare & Empowerment; Health & Wellness,https://www.myscheme.gov.in/schemes/drfdamt
Kerala,Matru Jyothi - Financial Assistance For PwD Mothers,State,Health & disability,yes,Social welfare & Empowerment; Women and Child,https://www.myscheme.gov.in/schemes/mj-fapm
Kerala,Marriage Assistance To Daughters Of Differently Abled Parents (Parinayam-I),State,"Women, marriage & maternity",yes,Social welfare & Empowerment,https://www.myscheme.gov.in/schemes/maddapp-i
Kerala,Jeevanam Self-Employment Scheme To Dependents Of Crime Victims,State,"Livelihood, loans & self-employment",yes,Social welfare & Empowerment; Business & Entrepreneurship,https://www.myscheme.gov.in/schemes/js-esdcv
Kerala,Kerala Biotechnology Re-Entry Fellowship,State,Not for workers: students & education,no,Education & Learning,https://www.myscheme.gov.in/schemes/k-biref
Kerala,KSCSTE Post-Doctoral Fellowship Programme,State,Not for workers: students & education,no,Education & Learning,https://www.myscheme.gov.in/schemes/kscstep-dfp
Kerala,Back-To-Lab Post-Doctoral Fellowship Programme,State,Not for workers: students & education,no,Education & Learning; Women and Child,https://www.myscheme.gov.in/schemes/btlpdfp
Kerala,Cancer Suraksha Scheme,State,Health & disability,yes,Health & Wellness,https://www.myscheme.gov.in/schemes/css
Kerala,KSCSTE Emeritus Scientist Scheme ,State,Not for workers: students & education,no,"Science, IT & Communications",https://www.myscheme.gov.in/schemes/kscste-ess
Kerala,OEC Pre-matric Educational Assistance,State,Not for workers: students & education,no,Education & Learning,https://www.myscheme.gov.in/schemes/oecp-mea
Kerala,Vidyajyothi Scheme- Financial Aid For Uniforms And Study Materials To PH Students,State,Not for workers: students & education,no,Education & Learning,https://www.myscheme.gov.in/schemes/vs-fausmphs
Kerala,Educational Assistance For Children Of Victims Of Crime,State,Not for workers: students & education,no,Social welfare & Empowerment; Education & Learning,https://www.myscheme.gov.in/schemes/eacvc
Kerala,"Financial Assistance To Disabled Students Pursuing (10th, 11th, 12th Equivalent Exams)",State,Not for workers: students & education,no,Social welfare & Empowerment,https://www.myscheme.gov.in/schemes/fadsp1012e
Kerala,Snehayanam Scheme For Mothers Of Persons With Special Needs,State,Workers' welfare boards & labour,yes,Social welfare & Empowerment; Women and Child,https://www.myscheme.gov.in/schemes/ssmpsn
Kerala,Shreshtam Scheme For Ensuring Participation Of PwDs In Arts & Sports,State,"Not for workers: sports, arts, awards",no,Sports & Culture,https://www.myscheme.gov.in/schemes/sseppas
Kerala,Scheme For Providing Assistive Devices To Differently Abled Persons,State,Health & disability,yes,Social welfare & Empowerment,https://www.myscheme.gov.in/schemes/spaddap
Kerala,Swasraya Scheme For Parents/Mothers Of Physically Handicapped/Mentally Retarded Persons,State,Health & disability,yes,Social welfare & Empowerment; Women and Child,https://www.myscheme.gov.in/schemes/sspmphmrp
Kerala,Scholarship For Transgender Students,State,Not for workers: students & education,no,Education & Learning; Social welfare & Empowerment,https://www.myscheme.gov.in/schemes/sts
Kerala,Scholarship For Differently Abled Students,State,Not for workers: students & education,no,Education & Learning,https://www.myscheme.gov.in/schemes/sdas
Kerala,Vidyakiranam Scheme-Educational Assistance To Children Of Disabled Parents,State,Not for workers: students & education,no,Education & Learning,https://www.myscheme.gov.in/schemes/vs-eacdp
Kerala,Varnam Scheme For Transgender Students Pursuing Distance Education Courses,State,Not for workers: students & education,no,Education & Learning; Social welfare & Empowerment,https://www.myscheme.gov.in/schemes/vstspdec
Kerala,Aswasakiranam,State,Health & disability,yes,Health & Wellness,https://www.myscheme.gov.in/schemes/ak
Kerala,Vayomadhuram Scheme For Providing Glucometer To Senior Citizens,State,Pensions,yes,Social welfare & Empowerment,https://www.myscheme.gov.in/schemes/vspgsc
Kerala,Financial Assistance To Inter-Caste Married Couples (Except SC/ST Category),State,"Women, marriage & maternity",yes,Social welfare & Empowerment,https://www.myscheme.gov.in/schemes/faimcescstc
Kerala,Chief Minister Career Advancement in Biotechnology ,State,Not for workers: students & education,no,Education & Learning,https://www.myscheme.gov.in/schemes/cm-cab
Kerala,Snehasparsham,State,"Not for workers: sports, arts, awards",no,Social welfare & Empowerment; Women and Child,https://www.myscheme.gov.in/schemes/s-kerala
Kerala,Assistance to Traditional Pottery Makers,State,"Livelihood, loans & self-employment",yes,Skills & Employment; Business & Entrepreneurship,https://www.myscheme.gov.in/schemes/atpm
Kerala,Tool Kit Grant for Traditional Handicrafts Experts,State,Not for workers: students & education,no,Skills & Employment,https://www.myscheme.gov.in/schemes/tkgthe
Kerala,Advocate Grant,State,"Livelihood, loans & self-employment",yes,Education & Learning; Skills & Employment,https://www.myscheme.gov.in/schemes/ag
Kerala,C H Muhammedkoya Scholarship,State,Not for workers: students & education,no,Education & Learning,https://www.myscheme.gov.in/schemes/chms
Kerala,Imbichi Bawa Housing Renovation Scheme,State,Housing,yes,Housing & Shelter; Social welfare & Empowerment,https://www.myscheme.gov.in/schemes/ibhrs
Kerala,Educational Assistance To Children Of Prisoners,State,Not for workers: students & education,no,Education & Learning; Social welfare & Empowerment,https://www.myscheme.gov.in/schemes/eacp
Kerala,Scheme for Promoting Young Talents in Science-I,State,Not for workers: students & education,no,"Science, IT & Communications",https://www.myscheme.gov.in/schemes/spytis-i
Kerala,Biotechnology Young Entrepreneur Award,State,Not for workers: students & education,no,"Science, IT & Communications; Business & Entrepreneurship",https://www.myscheme.gov.in/schemes/byea
Kerala,Integrated Scheme for Export Promotion & Quality Improvement in Spices and Research and Development of Cardamom: \Small Cardamom Replanting/New Planting: For Kerala & Tamilnadu,Central,Farmers & agriculture,yes,"Agriculture,Rural & Environment",https://www.myscheme.gov.in/schemes/isfepqinsaradocsrnpfkt
Kerala,Integrated Scheme for Export Promotion & Quality Improvement in Spices and Research and Development of Cardamom : Small Cardamom Irrigation Land Development : Irrigation / Water Storage Structure (nos),Central,Farmers & agriculture,yes,"Agriculture,Rural & Environment",https://www.myscheme.gov.in/schemes/isfepqiisaradocscildiwss
Kerala,Saphalam Scheme For Transgender Students Pursuing Professional Courses,State,Not for workers: students & education,no,Education & Learning,https://www.myscheme.gov.in/schemes/sstsppc
Kerala,Marriage Assistance To Daughters Of Prisoners,State,"Women, marriage & maternity",yes,Social welfare & Empowerment,https://www.myscheme.gov.in/schemes/madp
Kerala,Sruthitharangam ( Cochlear Implantation Scheme ),State,Health & disability,yes,Health & Wellness,https://www.myscheme.gov.in/schemes/scis
Kerala,Abhayakiranam Scheme-Financial Assistance To Destitute Widows,State,Pensions,yes,Social welfare & Empowerment; Women and Child,https://www.myscheme.gov.in/schemes/as-fadw
Kerala,KSCSTE Research Fellowship,State,Not for workers: students & education,no,Education & Learning,https://www.myscheme.gov.in/schemes/kscsterf
Kerala,Entrepreneurship Development by SC & ST Women in Science Technology Engineering Mathematics,State,Not for workers: students & education,no,Business & Entrepreneurship; Women and Child,https://www.myscheme.gov.in/schemes/edsc-st-wistem
Kerala,Biotechnology Post-Doctoral Fellowship,State,Not for workers: students & education,no,Education & Learning,https://www.myscheme.gov.in/schemes/bpdf
Kerala,Back-to-Lab Research Fellowship Programme ,State,Not for workers: students & education,no,Education & Learning; Women and Child,https://www.myscheme.gov.in/schemes/btlrfp
Kerala,Viswakarma Pension Scheme,State,Pensions,yes,Social welfare & Empowerment,https://www.myscheme.gov.in/schemes/vps
Kerala,Pension Scheme for the Tappers in Small Rubber Plantations,Central,Pensions,yes,"Social welfare & Empowerment; Banking,Financial Services and Insurance",https://www.myscheme.gov.in/schemes/pstsrp
Kerala,Prof. Joseph Mundassery Scholarship Award,State,Not for workers: students & education,no,Education & Learning,https://www.myscheme.gov.in/schemes/pjmskrl
Kerala,APJ Abdul Kalam Scholarship,State,Not for workers: students & education,no,Education & Learning,https://www.myscheme.gov.in/schemes/apjkrl
Kerala,Vijayamritham Scheme - Cash Award For Meritorious Children With Disabilities,State,Not for workers: students & education,no,Education & Learning,https://www.myscheme.gov.in/schemes/vs-camcd
Kerala,Educational Assistance To Children Of Prisoners (Pursuing Professional Course),State,Not for workers: students & education,no,Education & Learning; Social welfare & Empowerment,https://www.myscheme.gov.in/schemes/eacpppc
Kerala,Prathibha Scholarship Programme,State,Not for workers: students & education,no,Education & Learning,https://www.myscheme.gov.in/schemes/psp
Kerala,Integrated Scheme for Export Promotion & Quality Improvement in Spices and Research and Development of Cardamom:  Small Cardamom Irrigation Land Development : Irrigation equipment (Nos.),Central,Farmers & agriculture,yes,"Agriculture,Rural & Environment",https://www.myscheme.gov.in/schemes/isfepqiisaradocscildie
Kerala,Financial Aid For Providing Hostel Facility To Transgender Students,State,Not for workers: students & education,no,Housing & Shelter; Education & Learning,https://www.myscheme.gov.in/schemes/faphfts
Kerala,Marriage Assistance To Differently Abled Women (Parinayam-II),State,"Women, marriage & maternity",yes,Social welfare & Empowerment; Women and Child,https://www.myscheme.gov.in/schemes/madawp-ii
Kerala,Mandahasam Scheme To Provide Artificial Dentures To Senior Citizens,State,Other,no,Social welfare & Empowerment,https://www.myscheme.gov.in/schemes/mspadsc
Kerala,Thalolam Scheme,State,Health & disability,yes,Health & Wellness,https://www.myscheme.gov.in/schemes/ts-kerala
Kerala,Kerala State Young Scientist Awards,State,"Not for workers: sports, arts, awards",no,"Science, IT & Communications",https://www.myscheme.gov.in/schemes/ksysa
Kerala,Mangalya Scheme For Widow Remarriage,State,"Women, marriage & maternity",yes,Social welfare & Empowerment; Women and Child,https://www.myscheme.gov.in/schemes/mswr
Kerala,Young Investigators Programme in Biotechnology,State,Not for workers: students & education,no,Education & Learning,https://www.myscheme.gov.in/schemes/yipb
Kerala,Barbershop Renovation Grant,State,Other,no,Business & Entrepreneurship,https://www.myscheme.gov.in/schemes/brg
Kerala,Arka Vertical Garden,State,"Livelihood, loans & self-employment",yes,"Agriculture,Rural & Environment",https://www.myscheme.gov.in/schemes/avg
Kerala," Self-Employment loan scheme for Minority Widows, Divorcees / Abandoned Women",State,"Insurance, accident & death help",yes,"Social welfare & Empowerment; Banking,Financial Services and Insurance; Skills & Employment",https://www.myscheme.gov.in/schemes/seloanwomen
Kerala,Mother Teresa Scholarship,State,Not for workers: students & education,no,Education & Learning,https://www.myscheme.gov.in/schemes/mtskrl
Kerala,CA/ICWA CMA /CS Scholarship,State,Not for workers: students & education,no,Education & Learning,https://www.myscheme.gov.in/schemes/caicwacs
Kerala,Margadeepam Scholarship,State,Not for workers: students & education,no,Education & Learning,https://www.myscheme.gov.in/schemes/msk
Kerala,"Distance Education Scholarship–Scholarship For Disabled Students Pursuing Degree, PG Courses",State,Not for workers: students & education,no,Education & Learning,https://www.myscheme.gov.in/schemes/des-sdspdpgc
Kerala,Financial Assistance To Visually Impaired Advocates,State,Health & disability,yes,Social welfare & Empowerment,https://www.myscheme.gov.in/schemes/favia
Kerala,Scheme for Promoting Young Talents in Science-II,State,Not for workers: students & education,no,"Science, IT & Communications",https://www.myscheme.gov.in/schemes/spytis-ii
Kerala,Snehasanthwanam,State,Other,no,Social welfare & Empowerment,https://www.myscheme.gov.in/schemes/skerala
Kerala,Snehapoorvam Scheme,State,Not for workers: students & education,no,Education & Learning; Social welfare & Empowerment,https://www.myscheme.gov.in/schemes/ss-kerala
Kerala,Integrated Scheme for Export Promotion & Quality Improvement in Spices and Research and Development of Cardamom: Post-Harvest Improvement: ICCD for Small Cardamom (nos) (Improved Cardamom Curing Devices),Central,Farmers & agriculture,yes,"Agriculture,Rural & Environment; Business & Entrepreneurship",https://www.myscheme.gov.in/schemes/isfepqiisaradocphicdscnosiccd
Kerala,Self-Employment Scheme For Dependents Of Prisoners,State,"Livelihood, loans & self-employment",yes,Business & Entrepreneurship; Social welfare & Empowerment,https://www.myscheme.gov.in/schemes/s-esdp
Kerala,Educational Assistance to Children of Women Headed Families,State,Not for workers: students & education,no,Social welfare & Empowerment; Education & Learning,https://www.myscheme.gov.in/schemes/eacwhf-kerala
Kerala,Entrepreneur Support Scheme,State,Other,no,Business & Entrepreneurship,https://www.myscheme.gov.in/schemes/ess
Kerala,Technology Transfer & Commercialization Support Scheme,State,Other,no,Business & Entrepreneurship,https://www.myscheme.gov.in/schemes/ttcss
Kerala,One Family One Enterprise Scheme ,State,Housing,yes,Business & Entrepreneurship,https://www.myscheme.gov.in/schemes/ofoe
Kerala,Sastraposhini Scheme,State,Not for workers: students & education,no,Education & Learning,https://www.myscheme.gov.in/schemes/sskerala
Kerala,Industry Linked Biotechnology Research Scheme,State,"Food, LPG & ration",yes,Education & Learning,https://www.myscheme.gov.in/schemes/ibrs
Kerala,Scheme for Interest Subvention to Nano Household Enterprises,State,Housing,yes,Business & Entrepreneurship,https://www.myscheme.gov.in/schemes/sisnhe
Kerala,Revival and Rehabilitation Scheme for Defunct MSMEs and Cashew Processing Units,State,Other,no,Business & Entrepreneurship,https://www.myscheme.gov.in/schemes/rrsdmsmecpu
Kerala,Kerala Stressed MSMEs Revival & Rehabilitation Scheme ,State,Other,no,Business & Entrepreneurship,https://www.myscheme.gov.in/schemes/ksmsmerrs
Kerala,Assistance Scheme for Handicraft Artisans,State,"Livelihood, loans & self-employment",yes,Business & Entrepreneurship,https://www.myscheme.gov.in/schemes/asha
Kerala,Soft Loan Scheme for Women Entrepreneurs,State,"Livelihood, loans & self-employment",yes,Business & Entrepreneurship,https://www.myscheme.gov.in/schemes/slswe
Kerala,Scheme for Margin Money Grant to Nano Units,State,Other,no,Business & Entrepreneurship,https://www.myscheme.gov.in/schemes/smmgnu
Kerala,National Mission on Edible Oils- Oil Palm,Central,Farmers & agriculture,yes,"Agriculture,Rural & Environment",https://www.myscheme.gov.in/schemes/nmeo-op
Maharashtra,Homes For Intellectually Impaired Persons,State,Health & disability,yes,Housing & Shelter; Social welfare & Empowerment,https://www.myscheme.gov.in/schemes/hiip
Maharashtra,Merit Awards,State,Not for workers: students & education,no,Social welfare & Empowerment; Education & Learning,https://www.myscheme.gov.in/schemes/ma-maha
Maharashtra,Post-Matric Scholarship To VJNT Students - Maharashtra,State,Not for workers: students & education,no,Education & Learning,https://www.myscheme.gov.in/schemes/pmsvs-maharashtra
Maharashtra,The Scheme Of State Award For Disabled,State,"Not for workers: sports, arts, awards",no,Skills & Employment; Social welfare & Empowerment,https://www.myscheme.gov.in/schemes/tssad
Maharashtra,Opening And Running Junior Colleges For VJNT Students Run By Voluntary Agencies,State,Not for workers: students & education,no,Education & Learning; Social welfare & Empowerment,https://www.myscheme.gov.in/schemes/orjcvsrva
Maharashtra,LIDCOM Gattai Stall Scheme,State,"Insurance, accident & death help",yes,"Business & Entrepreneurship; Banking,Financial Services and Insurance; Social welfare & Empowerment",https://www.myscheme.gov.in/schemes/lgss
Maharashtra,State Post-metric Scholarship For Disabled,State,Not for workers: students & education,no,Education & Learning; Social welfare & Empowerment,https://www.myscheme.gov.in/schemes/spmsd
Maharashtra,Maintenance Allowance To Backward Class Students Under Training In Sainik Schools,State,Not for workers: students & education,no,Education & Learning; Social welfare & Empowerment,https://www.myscheme.gov.in/schemes/mabcstss
Maharashtra,Vocational Training For VJNT And SBC Candidates Studying In Government Industrial Training Institute,State,Not for workers: students & education,no,Social welfare & Empowerment,https://www.myscheme.gov.in/schemes/vtvscsgit
Maharashtra,Indira Gandhi National Widow Pension Scheme (Maharashtra),State,Pensions,yes,Social welfare & Empowerment,https://www.myscheme.gov.in/schemes/ignwpsm
Maharashtra,Educational Assistance to the Children Studying in 1st to 7th and 8th to 10th Class,State,Not for workers: students & education,no,Education & Learning,https://www.myscheme.gov.in/schemes/eacs1t7a8t10
Maharashtra,Mahila Samridhi Yojana (Maharashtra),State,"Insurance, accident & death help",yes,"Banking,Financial Services and Insurance; Women and Child",https://www.myscheme.gov.in/schemes/msym
Maharashtra,Indira Gandhi National Old Age Pension Scheme (Maharashtra),State,Pensions,yes,Social welfare & Empowerment,https://www.myscheme.gov.in/schemes/igoapsm
Maharashtra,Mahila Kisan Yojana (Maharashtra),State,"Livelihood, loans & self-employment",yes,Social welfare & Empowerment; Skills & Employment; Women and Child,https://www.myscheme.gov.in/schemes/mkym
Maharashtra,Scheme For Grant Of Rewards To The Children Of Salt Labourers,Central,Not for workers: students & education,no,Social welfare & Empowerment; Education & Learning,https://www.myscheme.gov.in/schemes/sgrcsl
Maharashtra,Savitribai Phule Scholarship For V.J.N.T. And S.B.C. Girl Students Studying In 5th To 7th Standard,State,Not for workers: students & education,no,Education & Learning; Women and Child,https://www.myscheme.gov.in/schemes/spsvsgs
Maharashtra,Financial Assistance To Disabled For Self Employment,State,Health & disability,yes,Skills & Employment; Social welfare & Empowerment; Business & Entrepreneurship,https://www.myscheme.gov.in/schemes/fadse
Maharashtra,Special Education And Vocational Training Through Government Institutions,State,Not for workers: students & education,no,Education & Learning; Social welfare & Empowerment; Skills & Employment,https://www.myscheme.gov.in/schemes/sevtgi
Maharashtra,Financial Assistance For Aids And Appliances For Disabled Persons,State,Health & disability,yes,Social welfare & Empowerment,https://www.myscheme.gov.in/schemes/faaadp
Maharashtra,Maintenance Allowance To VJNT And SBC Students Studying In Professional Courses And Living In Hostel Attached To Professional Colleges,State,Not for workers: students & education,no,Social welfare & Empowerment,https://www.myscheme.gov.in/schemes/pmavssspc
Maharashtra,Indira Gandhi National Disability Pension Scheme (Maharashtra),State,Pensions,yes,Social welfare & Empowerment,https://www.myscheme.gov.in/schemes/igndpsm
Maharashtra,Providing Tin stalls to Gatai Kamgar,State,"Insurance, accident & death help",yes,"Banking,Financial Services and Insurance; Business & Entrepreneurship",https://www.myscheme.gov.in/schemes/ptstgk
Maharashtra,Yashwantrao Chavan Mukta Vasahat Yojana for VJNTs,State,Housing,yes,Social welfare & Empowerment; Housing & Shelter; Transport & Infrastructure,https://www.myscheme.gov.in/schemes/ycmvyfvjnts
Maharashtra,Educational Assistance for Government Recognised Diploma Courses,State,Not for workers: students & education,no,Education & Learning,https://www.myscheme.gov.in/schemes/eagrdc
Maharashtra,Funeral Assistance,State,Workers' welfare boards & labour,yes,Social welfare & Empowerment,https://www.myscheme.gov.in/schemes/fa
Maharashtra,LIDCOM Training Scheme,State,Not for workers: students & education,no,Business & Entrepreneurship; Skills & Employment; Social welfare & Empowerment,https://www.myscheme.gov.in/schemes/lts
Maharashtra,LIDCOM Margin Money Loan Scheme,State,"Insurance, accident & death help",yes,"Banking,Financial Services and Insurance; Social welfare & Empowerment",https://www.myscheme.gov.in/schemes/lmmls
Maharashtra,Karma Veer Dadasaheb Gaikwad Sabalikaran & Swabhiman Yojana,State,"Insurance, accident & death help",yes,"Agriculture,Rural & Environment; Banking,Financial Services and Insurance; Social welfare & Empowerment",https://www.myscheme.gov.in/schemes/kvdgssy
Maharashtra,Scholarships For Higher Education Abroad To Meritorious Boys And Girls From Open Category,State,Not for workers: students & education,no,Education & Learning,https://www.myscheme.gov.in/schemes/sheambgoc
Maharashtra,Shravanbal Seva State Pension Scheme,State,Pensions,yes,"Social welfare & Empowerment; Banking,Financial Services and Insurance",https://www.myscheme.gov.in/schemes/sbssps
Maharashtra,Grant In Aid To Old Age Home,State,Pensions,yes,Housing & Shelter; Social welfare & Empowerment,https://www.myscheme.gov.in/schemes/gaoah
Maharashtra,Opening And Maintenance Of Public School (Vidya Niketan) For Vimukta Jatis And Nomadic Tribes,State,Not for workers: students & education,no,"Social welfare & Empowerment; Education & Learning; Agriculture,Rural & Environment",https://www.myscheme.gov.in/schemes/omps
Maharashtra,Award Of Stipend To VJNT And SBC Students Studying In ITI,State,Not for workers: students & education,no,Social welfare & Empowerment,https://www.myscheme.gov.in/schemes/awvsssi
Maharashtra,Ramai Awas (Gharkul) Scheme for SC & Nav-Buddha (Urban and Rural),State,Housing,yes,Housing & Shelter; Social welfare & Empowerment,https://www.myscheme.gov.in/schemes/rassnb
Maharashtra,Namo Shetkari Mahasanman Nidhi Yojana,State,"Not for workers: sports, arts, awards",no,"Agriculture,Rural & Environment",https://www.myscheme.gov.in/schemes/namo-shetkari-mahasanman-nidhi-yojana
Maharashtra,Educational Assistance to the Children of the Registered Worker Studying in 11th and 12th Standard,State,Not for workers: students & education,no,Education & Learning,https://www.myscheme.gov.in/schemes/eacrws11a12s
Maharashtra,Educational Assistance for Degree Course,State,Not for workers: students & education,no,Education & Learning,https://www.myscheme.gov.in/schemes/eafdc
Maharashtra,Educational Assistance to the 10th to 12th Students,State,Not for workers: students & education,no,Education & Learning,https://www.myscheme.gov.in/schemes/eatt10t12s
Maharashtra,Educational Assistance for Medical and Engineering Courses,State,Not for workers: students & education,no,Education & Learning,https://www.myscheme.gov.in/schemes/eafmaec
Maharashtra,Medical Assistance for the Treatment of Critical Illness,State,Workers' welfare boards & labour,yes,Health & Wellness,https://www.myscheme.gov.in/schemes/matci
Maharashtra,Term Loan Scheme,State,"Insurance, accident & death help",yes,"Business & Entrepreneurship; Banking,Financial Services and Insurance",https://www.myscheme.gov.in/schemes/tls
Maharashtra,Financial Assistance for Natural Death,State,Workers' welfare boards & labour,yes,Social welfare & Empowerment,https://www.myscheme.gov.in/schemes/fafnd
Maharashtra,State Pre-metric Scholarship For Disabled,State,Not for workers: students & education,no,Education & Learning; Social welfare & Empowerment,https://www.myscheme.gov.in/schemes/spremsd
Maharashtra,Matrimonial Incentives,State,"Insurance, accident & death help",yes,"Social welfare & Empowerment; Banking,Financial Services and Insurance",https://www.myscheme.gov.in/schemes/mi-maha
Maharashtra,LIDCOM 50% Subsidy Scheme,State,"Insurance, accident & death help",yes,"Banking,Financial Services and Insurance; Social welfare & Empowerment",https://www.myscheme.gov.in/schemes/l50ss
Maharashtra,"Training Of Motor Driving To VJNT, SBS & OBC",State,Not for workers: students & education,no,Social welfare & Empowerment; Education & Learning,https://www.myscheme.gov.in/schemes/tmdvso
Maharashtra,Vasantrao Naik Merit Awards To The Vjnt Students Who Came First In State Or First In Board Of 10th And 12th Standard Examination,State,Not for workers: students & education,no,Education & Learning; Social welfare & Empowerment,https://www.myscheme.gov.in/schemes/vnmatv
Maharashtra,Tuition Fees And Examination Fees To Vjnt Students,State,Not for workers: students & education,no,Education & Learning,https://www.myscheme.gov.in/schemes/tfefvs
Maharashtra,Bhausaheb Fundkar Falbag Lagvad Scheme,State,Farmers & agriculture,yes,"Agriculture,Rural & Environment",https://www.myscheme.gov.in/schemes/bhausaheb-fundkar-horticulture-plantataion-scheme
Maharashtra,Nanaji Deshmukh Krishi Sanjivani Prakalp,State,Farmers & agriculture,yes,"Agriculture,Rural & Environment",https://www.myscheme.gov.in/schemes/pocra
Maharashtra,CHIEF MINISTER  EMPLOYMENT GENERATION  PROGRAMME (CMEGP),State,Health & disability,yes,Business & Entrepreneurship; Skills & Employment; Social welfare & Empowerment,https://www.myscheme.gov.in/schemes/cmegp
Maharashtra,Craftsman Training Scheme - Maharashtra,State,Not for workers: students & education,no,Skills & Employment,https://www.myscheme.gov.in/schemes/cts-maharashtra
Maharashtra,Rajarshri Chhatrapati Shahu Maharaj Merit Scholarship,State,Not for workers: students & education,no,Education & Learning,https://www.myscheme.gov.in/schemes/rcsmms
Maharashtra,Micro Credit Finance,State,"Insurance, accident & death help",yes,"Banking,Financial Services and Insurance; Business & Entrepreneurship",https://www.myscheme.gov.in/schemes/mcf
Maharashtra,Incentive given to Encourage Inter caste Marriages,State,"Women, marriage & maternity",yes,Women and Child; Social welfare & Empowerment,https://www.myscheme.gov.in/schemes/igteicm
Maharashtra,Financial Assistance for Normal Delivery and Surgical Delivery,State,Workers' welfare boards & labour,yes,Women and Child,https://www.myscheme.gov.in/schemes/fandsd
Maharashtra,Financial Assistance to Newlyweds under Kanyadan Yojana (Vijabhaj),State,"Women, marriage & maternity",yes,Women and Child; Social welfare & Empowerment,https://www.myscheme.gov.in/schemes/fatnukyv
Maharashtra,Financial Assistance for Girl Child Attend Her Age of 18,State,Workers' welfare boards & labour,yes,Social welfare & Empowerment; Women and Child,https://www.myscheme.gov.in/schemes/fagcaha18
Maharashtra,Dr. Panjabrao Deshmukh Hostel Maintenance Allowance,State,Not for workers: students & education,no,Education & Learning,https://www.myscheme.gov.in/schemes/drpdhma
Maharashtra,LIDCOM Education Loan Scheme,State,Not for workers: students & education,no,"Education & Learning; Banking,Financial Services and Insurance; Social welfare & Empowerment",https://www.myscheme.gov.in/schemes/lels
Maharashtra,Financial Assistance To Self-Employment For Trained Disabled Persons,State,Health & disability,yes,Social welfare & Empowerment; Skills & Employment,https://www.myscheme.gov.in/schemes/fasetdp
Maharashtra,Stipends To Trainees In Industrial Training Institute,State,Not for workers: students & education,no,Skills & Employment; Social welfare & Empowerment; Education & Learning,https://www.myscheme.gov.in/schemes/stiti
Maharashtra,Non-Governmental Aided Organization (Special Schools And Vocational Training Centre) For Disabled,State,Not for workers: students & education,no,Education & Learning; Social welfare & Empowerment; Skills & Employment,https://www.myscheme.gov.in/schemes/ngaossandvtd
Maharashtra,Savitribai Phule Scholarship For V.J.N.T And S.B.C Girls Students Studying In 8th To 10 Std,State,Not for workers: students & education,no,Social welfare & Empowerment; Education & Learning; Women and Child,https://www.myscheme.gov.in/schemes/sps
Maharashtra,Tuition Fees And Examination Fees To Vjnt/sbc Students Studying In High Schools,State,Not for workers: students & education,no,Social welfare & Empowerment,https://www.myscheme.gov.in/schemes/tfefvssshs
Maharashtra,Meritorious Scholarships To Vjnt And Sbc Students Studying In Secondary Schools,State,Not for workers: students & education,no,Social welfare & Empowerment,https://www.myscheme.gov.in/schemes/msvss
Maharashtra,Mukhyamantri - Majhi Ladki Bahin Yojana,State,Health & disability,yes,Social welfare & Empowerment; Women and Child,https://www.myscheme.gov.in/schemes/mmlby
Maharashtra,First Self Marriage Expenses,State,Workers' welfare boards & labour,yes,Social welfare & Empowerment,https://www.myscheme.gov.in/schemes/fsme
Maharashtra,Financial Assistance to 75% or Permanent Disability,State,Workers' welfare boards & labour,yes,Social welfare & Empowerment,https://www.myscheme.gov.in/schemes/fat75opd
Maharashtra,National Family Benefit Scheme (Maharashtra),State,Pensions,yes,Social welfare & Empowerment,https://www.myscheme.gov.in/schemes/nfbsm
Maharashtra,Financial Assistance for Widow or Widower of Registered Construction Worker,State,Workers' welfare boards & labour,yes,Social welfare & Empowerment,https://www.myscheme.gov.in/schemes/fawwrcw
Maharashtra,Vasantrao Naik Tanda / Basti Development Scheme,State,Other,no,Social welfare & Empowerment,https://www.myscheme.gov.in/schemes/vntbds
Maharashtra,Reimbursement of the MS-CIT Course,State,Not for workers: students & education,no,Education & Learning,https://www.myscheme.gov.in/schemes/rmscitc
Maharashtra,Aam Aadmi Bima Yojana (Maharashtra),State,Not for workers: students & education,no,"Social welfare & Empowerment; Banking,Financial Services and Insurance; Education & Learning",https://www.myscheme.gov.in/schemes/aabym
Maharashtra,Swarnima,State,"Insurance, accident & death help",yes,"Banking,Financial Services and Insurance; Women and Child",https://www.myscheme.gov.in/schemes/sma
Maharashtra,Gopinath Munde Shetkari Apghat Suraksha Sanugrah Audhan Yojana,State,"Insurance, accident & death help",yes,"Agriculture,Rural & Environment",https://www.myscheme.gov.in/schemes/gopinath-munde-shetkari-apghat-suraksha-sanugrah-audhan-yojana
Maharashtra,Sanjay Gandhi Niradhar Grant Scheme,State,Pensions,yes,Social welfare & Empowerment,https://www.myscheme.gov.in/schemes/sgngs
Maharashtra,Mahatma Jyotirao Phule Jan Arogya Yojana,State,"Insurance, accident & death help",yes,Health & Wellness,https://www.myscheme.gov.in/schemes/mjpjay
Maharashtra,"Shahu, Phule, Ambedkar Award",State,"Not for workers: sports, arts, awards",no,Social welfare & Empowerment,https://www.myscheme.gov.in/schemes/spaa
Maharashtra,Group Supply Of Goats And Sheep,State,"Livelihood, loans & self-employment",yes,Business & Entrepreneurship; Skills & Employment,https://www.myscheme.gov.in/schemes/gsgos
Maharashtra,Karmaveer Padmashri Dadasaheb Gaikwad Birth Centenary And Prize Distribution,State,"Not for workers: sports, arts, awards",no,Social welfare & Empowerment,https://www.myscheme.gov.in/schemes/kpdgbcpd
Maharashtra,Mukhyamantri Yuva Karya Prashikshan Yojana,State,Not for workers: students & education,no,Skills & Employment,https://www.myscheme.gov.in/schemes/mmykpy
Maharashtra,Providing Mini Tractor and its Sub Parts to the Self Help Group of Scheduled Castes,State,"Insurance, accident & death help",yes,"Business & Entrepreneurship; Banking,Financial Services and Insurance",https://www.myscheme.gov.in/schemes/pmtaispttshgosc
Maharashtra,Long Term-Loan to SC Co-op Spinning Mills under Special Component Plan,State,"Insurance, accident & death help",yes,"Banking,Financial Services and Insurance; Business & Entrepreneurship",https://www.myscheme.gov.in/schemes/ltltscosmuscp
Maharashtra,Chief Minister Sustainable Agriculture Irrigation Scheme - Magel Tyala Shettale (Individual Farm Pond) ,State,"Livelihood, loans & self-employment",yes,"Agriculture,Rural & Environment",https://www.myscheme.gov.in/schemes/chief-minister-sustainable-agriculture-irrigation-scheme
Odisha,Biju Patnaik Bravery Award,State,"Not for workers: sports, arts, awards",no,Social welfare & Empowerment,https://www.myscheme.gov.in/schemes/bpba
Odisha,Buffalo Entrepreneurship Development Scheme,State,"Livelihood, loans & self-employment",yes,"Agriculture,Rural & Environment",https://www.myscheme.gov.in/schemes/beds
Odisha,Assistance in Case of Accidents (O.B.O.C.W.W.B),State,Workers' welfare boards & labour,yes,Social welfare & Empowerment,https://www.myscheme.gov.in/schemes/acaobocwwb
Odisha,Aama Kuni Pilaa,State,Health & disability,yes,Women and Child; Health & Wellness,https://www.myscheme.gov.in/schemes/akpod
Odisha,Sweekruti: Pre & Post Matric Scholarship,State,Not for workers: students & education,no,Education & Learning,https://www.myscheme.gov.in/schemes/sppms
Odisha,Rehabilitation of Cured Leprosy Persons: Pre & Post-Matric Scholarship,State,Not for workers: students & education,no,Education & Learning,https://www.myscheme.gov.in/schemes/rcpppms
Odisha,Biju Yuva Sashaktikaran Yojana,State,Not for workers: students & education,no,Education & Learning,https://www.myscheme.gov.in/schemes/bysy
Odisha,"Financial Assistance to Sportspersons to Pursue Sports Coaching Courses Conducted by SAI, NSNIS, Patiala as a Part of Skill Development Programme to Improve their Employability",State,Not for workers: students & education,no,Sports & Culture,https://www.myscheme.gov.in/schemes/faspscccsnppsdppie
Odisha,Krishi Vidya Nidhi Yojana,State,Not for workers: students & education,no,"Education & Learning; Agriculture,Rural & Environment",https://www.myscheme.gov.in/schemes/kvny
Odisha,Mukhyamantri Baristha Bunakar and Karigara Sahayata Yojana,State,"Livelihood, loans & self-employment",yes,Social welfare & Empowerment,https://www.myscheme.gov.in/schemes/bbsy
Odisha,Mukhyamantri Bayan Jyoti Yojana,State,"Livelihood, loans & self-employment",yes,Social welfare & Empowerment,https://www.myscheme.gov.in/schemes/mbjy
Odisha,Niramaya Scheme,State,Health & disability,yes,Health & Wellness,https://www.myscheme.gov.in/schemes/ns
Odisha,Nirman Shramik Pucca Ghar Yojana,State,Workers' welfare boards & labour,yes,Housing & Shelter; Social welfare & Empowerment,https://www.myscheme.gov.in/schemes/nspgy
Odisha,Odisha State Treatment Fund,State,"Insurance, accident & death help",yes,"Health & Wellness; Banking,Financial Services and Insurance",https://www.myscheme.gov.in/schemes/ostf
Odisha,Mamata Scheme,State,"Women, marriage & maternity",yes,Women and Child,https://www.myscheme.gov.in/schemes/mamata
Odisha,Biju Patnaik Sports Award for Excellence in Sports Journalism,State,"Not for workers: sports, arts, awards",no,Sports & Culture,https://www.myscheme.gov.in/schemes/bpsaesj
Odisha,Rehabilitation of Cured Leprosy Persons: Assistance to Parents,State,Health & disability,yes,Social welfare & Empowerment,https://www.myscheme.gov.in/schemes/rclpap
Odisha,Financial Assistance for the Education of Children of the Beneficiary (O.B.O.C.W.W.B),State,Not for workers: students & education,no,Education & Learning,https://www.myscheme.gov.in/schemes/faecbobocwwb
Odisha,Assistance for Funeral Expenses (O.B.O.C.W.W.B),State,Workers' welfare boards & labour,yes,Social welfare & Empowerment,https://www.myscheme.gov.in/schemes/affeobocwwb
Odisha,Pucca Ghar Yojana (Mining),State,Housing,yes,Housing & Shelter,https://www.myscheme.gov.in/schemes/pgy
Odisha,Mukhyamantri Sampoorna Pushti Yojana: Nutrition for Severely Underweight and Moderately Acute Malnourished Children (3 years - 6 years),State,Health & disability,yes,Health & Wellness; Women and Child,https://www.myscheme.gov.in/schemes/mspynsuwmamc3y6y
Odisha,Odisha Sahaya Scheme - Pre & Post Matric Scholarship,State,Not for workers: students & education,no,Social welfare & Empowerment,https://www.myscheme.gov.in/schemes/ossppms
Odisha,Pathani Samanta Mathematics Talent (Class - 11 To 12),State,Not for workers: students & education,no,Education & Learning,https://www.myscheme.gov.in/schemes/psmts
Odisha,Junior Merit (Class - 11 To 12),State,Not for workers: students & education,no,Education & Learning,https://www.myscheme.gov.in/schemes/jms-11and12
Odisha,Khushi Scheme,State,Not for workers: students & education,no,Health & Wellness; Women and Child,https://www.myscheme.gov.in/schemes/ks
Odisha,Krushak Assistance For Livelihood And Income Augmentation,State,"Livelihood, loans & self-employment",yes,"Agriculture,Rural & Environment",https://www.myscheme.gov.in/schemes/kalia
Odisha,Madhu Babu Pension Yojana,State,Pensions,yes,"Banking,Financial Services and Insurance; Social welfare & Empowerment; Women and Child",https://www.myscheme.gov.in/schemes/mbpy
Odisha,Hathkargha Samvardhan Sahayata,State,"Livelihood, loans & self-employment",yes,Business & Entrepreneurship,https://www.myscheme.gov.in/schemes/hss
Odisha,Motorisation Of Traditional Crafts,State,"Livelihood, loans & self-employment",yes,"Agriculture,Rural & Environment",https://www.myscheme.gov.in/schemes/mtc
Odisha,Livelihood Support To Marine Fishermen During Fishing Ban Period,State,"Livelihood, loans & self-employment",yes,"Agriculture,Rural & Environment",https://www.myscheme.gov.in/schemes/lsmfdfbp
Odisha,Promotion Of Intensive Aquaculture Through Introduction Of Bio-floc Technology During The Year 2021-22,State,Farmers & agriculture,yes,"Agriculture,Rural & Environment",https://www.myscheme.gov.in/schemes/piatibft
Odisha,Baristha Nagarika Tirtha Yatra Yojana,State,"Food, LPG & ration",yes,Social welfare & Empowerment; Travel & Tourism,https://www.myscheme.gov.in/schemes/bntyy
Odisha,MMKY-New Tank Excavation Under Brackish Water Aquaculture,State,"Livelihood, loans & self-employment",yes,"Agriculture,Rural & Environment",https://www.myscheme.gov.in/schemes/mmky-ntebwa
Odisha,"MMKY-Financial Assistance for New Boat, Engine, and Net",State,"Livelihood, loans & self-employment",yes,"Agriculture,Rural & Environment",https://www.myscheme.gov.in/schemes/mmky-fanben
Odisha,"""Input Assistance to Farmers for Taking up Fish Farming in Farm Ponds"" Component of the ""Mukhyamantri Maschyajibi Kalyan Yojana"" Scheme",State,"Livelihood, loans & self-employment",yes,"Agriculture,Rural & Environment",https://www.myscheme.gov.in/schemes/mmky-iaftufffp
Odisha,Mukhyamantri Sampoorna Pushti Yojana: Adolescent Girls Nutrition,State,Health & disability,yes,Women and Child; Health & Wellness,https://www.myscheme.gov.in/schemes/samproonapushtiagn
Odisha,Pada Pushti Karyakram,State,Not for workers: students & education,no,Women and Child; Health & Wellness,https://www.myscheme.gov.in/schemes/ppk
Odisha,Mukhyamantri Sampoorna Pushti Yojana: Kishori Mela,State,Other,no,Women and Child,https://www.myscheme.gov.in/schemes/mspykm
Odisha,Rehabilitation of Cured Leprosy Persons: Marriage Incentives & Support,State,Health & disability,yes,Social welfare & Empowerment; Women and Child,https://www.myscheme.gov.in/schemes/rclpmis
Odisha,Biju Patnaik Sports Award for Outstanding Performance in Sports and Games for the Year,State,"Not for workers: sports, arts, awards",no,Sports & Culture,https://www.myscheme.gov.in/schemes/bpsaopsgy
Odisha,Bhima Bhoi Bhinnakshyama Samarthya Abhiyan,State,Health & disability,yes,Social welfare & Empowerment,https://www.myscheme.gov.in/schemes/bbsa
Odisha,Semi-Commercial Duck Farming,State,"Livelihood, loans & self-employment",yes,"Agriculture,Rural & Environment; Business & Entrepreneurship",https://www.myscheme.gov.in/schemes/scdf
Odisha,Popularisation Of Fishery Machinery/ Equipments/ Implements” For Intensive Aquaculture In Odisha For The Financial Year 2021-22,State,"Livelihood, loans & self-employment",yes,"Agriculture,Rural & Environment",https://www.myscheme.gov.in/schemes/pfmeiiao
Odisha,Nirman Shramik Kalyan Yojana,State,Not for workers: students & education,no,Education & Learning,https://www.myscheme.gov.in/schemes/nsky
Odisha,Exposure Visits of Government of Odisha Delegates/Representatives to Singapore and Dubai,State,Other,no,Travel & Tourism,https://www.myscheme.gov.in/schemes/evgodrsd
Odisha,Nirman Shramik Pension Yojana (NSPY) (O.B.O.C.W.W.B),State,Pensions,yes,Social welfare & Empowerment,https://www.myscheme.gov.in/schemes/nspybocwwb
Odisha,Assistance for Purchase of Bi-cycle (O.B.O.C.W.W.B),State,Workers' welfare boards & labour,yes,Social welfare & Empowerment,https://www.myscheme.gov.in/schemes/afpobbocwwb
Odisha,Assistance for Purchase of Safety Equipment (O.B.O.C.W.W.B),State,Workers' welfare boards & labour,yes,Social welfare & Empowerment,https://www.myscheme.gov.in/schemes/afpsebocwwb
Odisha,Sweekruti: Assistance to Parents of Transgender Children,State,Other,no,Social welfare & Empowerment,https://www.myscheme.gov.in/schemes/satptc
Odisha,Medical Expenses for Treatment of Major Ailments (O.B.O.C.W.W.B),State,Workers' welfare boards & labour,yes,Health & Wellness,https://www.myscheme.gov.in/schemes/metfmaiso
Odisha,Marriage Assistance (O.B.O.C.W.W.B),State,Workers' welfare boards & labour,yes,Women and Child; Social welfare & Empowerment,https://www.myscheme.gov.in/schemes/maobocwwb
Odisha,SUBHADRA,State,Other,no,Women and Child,https://www.myscheme.gov.in/schemes/subhadra
Odisha,Supply Free Laptops to Visually Impaired Students Pursuing Higher Education,State,Not for workers: students & education,no,Education & Learning; Social welfare & Empowerment,https://www.myscheme.gov.in/schemes/sflvisgpg
Odisha,Vyasakabi Fakir Mohan Bhasabruti Scholarship,State,Not for workers: students & education,no,Education & Learning,https://www.myscheme.gov.in/schemes/vfmbs
Odisha,Sudakshya For Girls Child Scholarship,State,Not for workers: students & education,no,Education & Learning; Women and Child,https://www.myscheme.gov.in/schemes/sfgcs
Odisha,Biju Patnaik Sports Award for Excellence in Coaching,State,Not for workers: students & education,no,Sports & Culture,https://www.myscheme.gov.in/schemes/bpsaec
Odisha,Biju Pucca Ghar Yojana,State,Housing,yes,Social welfare & Empowerment,https://www.myscheme.gov.in/schemes/bpgy
Odisha,Mukhyamantri Kalakar Sahayata Yojana,State,"Not for workers: sports, arts, awards",no,Sports & Culture; Social welfare & Empowerment,https://www.myscheme.gov.in/schemes/mksyodisha
Odisha,Pension to Indigent Sportspersons of Odisha,State,"Not for workers: sports, arts, awards",no,Sports & Culture; Social welfare & Empowerment,https://www.myscheme.gov.in/schemes/piso
Odisha,Biju Patnaik Sports Award for Lifetime Achievement in Promotion of Sports & Games,State,"Not for workers: sports, arts, awards",no,Sports & Culture,https://www.myscheme.gov.in/schemes/bpsalapsg
Odisha,Matsya Pokhari Yojana,State,"Food, LPG & ration",yes,"Agriculture,Rural & Environment",https://www.myscheme.gov.in/schemes/mpy-mcpnpky
Odisha,Death Benefit (O.B.O.C.W.W.B),State,Workers' welfare boards & labour,yes,Social welfare & Empowerment,https://www.myscheme.gov.in/schemes/dbobocwwb
Odisha,Grant for the Purchase of Working Tools (O.B.O.C.W.W.B),State,Workers' welfare boards & labour,yes,Social welfare & Empowerment,https://www.myscheme.gov.in/schemes/gpwtobocwwb
Odisha,Maternity Benefit (O.B.O.C.W.W.B),State,Workers' welfare boards & labour,yes,Health & Wellness; Women and Child,https://www.myscheme.gov.in/schemes/mbobocwwb
Odisha,Mukhyamantri Sampoorna Pushti Yojana: Purna Aahaara for Children (6 months - 5 years),State,Health & disability,yes,Women and Child; Health & Wellness,https://www.myscheme.gov.in/schemes/purnaaaharaod
Odisha,Ashirbad: Scheme for Specially Cared Children,State,"Not for workers: sports, arts, awards",no,Women and Child,https://www.myscheme.gov.in/schemes/speciallycaredchildren
Odisha,Mukhyamantri Sampoorna Pushti Yojana: Nutrition for Severely Underweight and Moderately Acute Malnourished Children (6 months - 3 years),State,Health & disability,yes,Health & Wellness; Women and Child,https://www.myscheme.gov.in/schemes/nutritionsuwandmamod
Odisha,Banishree Scholarship,State,Not for workers: students & education,no,Education & Learning; Skills & Employment,https://www.myscheme.gov.in/schemes/bs
Odisha,Gopabandhu Sikhya Sahayata Yojana,State,Not for workers: students & education,no,Education & Learning,https://www.myscheme.gov.in/schemes/gssy
Odisha,Prani Sampad Samruddhi Yojana: Small Scale Goat / Sheep Farming (10+1 Capacity),State,"Livelihood, loans & self-employment",yes,"Agriculture,Rural & Environment",https://www.myscheme.gov.in/schemes/ssgsf
Odisha,Janani Suraksha Yojana (JSY),Central,Health & disability,yes,Health & Wellness; Women and Child,https://www.myscheme.gov.in/schemes/jsy1
Odisha,KALIA Scholarship,State,Not for workers: students & education,no,Education & Learning,https://www.myscheme.gov.in/schemes/kalias
Odisha,Antyodaya Gruha Yojana: Incentive to Beneficiaries,State,Housing,yes,"Agriculture,Rural & Environment; Housing & Shelter",https://www.myscheme.gov.in/schemes/agy-itb
Odisha,Antyodaya Gruha Yojana: Construction of New House,State,Housing,yes,"Agriculture,Rural & Environment; Housing & Shelter",https://www.myscheme.gov.in/schemes/agy
Odisha,Biju Swasthya Kalyan Yojana,State,Health & disability,yes,Health & Wellness,https://www.myscheme.gov.in/schemes/bsky-chcsgh
Odisha,Gopabandhu Sambadika Swasthya Bima Yojana,State,Not for workers: honour & service pensions,no,"Social welfare & Empowerment; Banking,Financial Services and Insurance",https://www.myscheme.gov.in/schemes/gssby
Odisha,Award Of Incentive For Marriage Between Persons With Benchmark Disabilities & Other Person,State,"Not for workers: sports, arts, awards",no,Social welfare & Empowerment,https://www.myscheme.gov.in/schemes/aimpwbdop
Odisha,Mahatama Gandhi Bunkar Bima Yojana,State,"Insurance, accident & death help",yes,"Banking,Financial Services and Insurance; Education & Learning; Social welfare & Empowerment",https://www.myscheme.gov.in/schemes/mgbby-odisha
Odisha,Green Passage Scheme,State,Not for workers: students & education,no,Education & Learning,https://www.myscheme.gov.in/schemes/gps
Odisha,Financial Assistance under Odisha Working Journalist Welfare Scheme,State,Not for workers: honour & service pensions,no,Social welfare & Empowerment,https://www.myscheme.gov.in/schemes/owjws
Odisha,Building And Other Construction Scholarship,State,Not for workers: students & education,no,Education & Learning,https://www.myscheme.gov.in/schemes/bocs
Odisha,"""Reactivation Of Fisheries Cooperative Societies"" Component of the ""Mukhyamantri Maschyajibi Kalyan Yojana"" Scheme",State,"Livelihood, loans & self-employment",yes,"Agriculture,Rural & Environment",https://www.myscheme.gov.in/schemes/mmky-rfcs
Odisha,Biju Patnaik Sports Award for Best Contribution to promotion of Sports and Games,State,"Not for workers: sports, arts, awards",no,Sports & Culture,https://www.myscheme.gov.in/schemes/bpsabcpsg
Odisha,"Scheme for Campaign, Seminar and Sports under Disability Sector",State,"Not for workers: sports, arts, awards",no,Social welfare & Empowerment; Sports & Culture,https://www.myscheme.gov.in/schemes/sfcssuds
Odisha,National Mission on Edible Oils- Oil Palm,Central,Farmers & agriculture,yes,"Agriculture,Rural & Environment",https://www.myscheme.gov.in/schemes/nmeo-op
Himachal Pradesh,Krishak Bakri Palan Yojna,State,"Food, LPG & ration",yes,"Agriculture,Rural & Environment; Skills & Employment",https://www.myscheme.gov.in/schemes/kbpyy
Himachal Pradesh,Unemployment Allowance Scheme,State,"Livelihood, loans & self-employment",yes,Skills & Employment; Social welfare & Empowerment,https://www.myscheme.gov.in/schemes/uas
Himachal Pradesh,Industrial Skill Development Allowance To The New Employees Employed In Industries In H.p,State,"Livelihood, loans & self-employment",yes,Skills & Employment,https://www.myscheme.gov.in/schemes/isdane
Himachal Pradesh,Transgender Pension Scheme,State,Pensions,yes,Social welfare & Empowerment,https://www.myscheme.gov.in/schemes/tps
Himachal Pradesh,Uttam Pashu Puraskar Yojana,State,"Not for workers: sports, arts, awards",no,"Agriculture,Rural & Environment",https://www.myscheme.gov.in/schemes/uppy
Himachal Pradesh,Indira Gandhi Pyari Behna Sukh-Samman Nidhi Yojana,State,"Not for workers: sports, arts, awards",no,Women and Child; Social welfare & Empowerment,https://www.myscheme.gov.in/schemes/igpbssny
Himachal Pradesh,Mukhyamantri Awas Yojna (HPBOCWWB),State,Workers' welfare boards & labour,yes,Housing & Shelter,https://www.myscheme.gov.in/schemes/mayhpbocwwb
Himachal Pradesh,Kalpana Chawla Chatravriti Yojana,State,Not for workers: students & education,no,Education & Learning; Women and Child,https://www.myscheme.gov.in/schemes/kccy
Himachal Pradesh,Technical Education Scholarship Scheme For Diploma Level,State,Not for workers: students & education,no,Education & Learning,https://www.myscheme.gov.in/schemes/tessdlhp
Himachal Pradesh,Dr. Ambedkar Medhavi Chhatravriti Yojna to Other Backward Classes Students,State,Not for workers: students & education,no,Education & Learning,https://www.myscheme.gov.in/schemes/damcyobcs
Himachal Pradesh,Swami Vivekananda Utkrisht Chhatravriti Yojana,State,Not for workers: students & education,no,Education & Learning,https://www.myscheme.gov.in/schemes/svucy
Himachal Pradesh,National Disabled Finance and Development Corporation,State,Health & disability,yes,Social welfare & Empowerment; Business & Entrepreneurship,https://www.myscheme.gov.in/schemes/ndfadc
Himachal Pradesh,National Programme for Rehabilitation of Persons with Disablities,State,Health & disability,yes,Social welfare & Empowerment,https://www.myscheme.gov.in/schemes/npfropwd
Himachal Pradesh,Widow/Abandoned/Single Woman Pension Scheme,State,Pensions,yes,Social welfare & Empowerment; Women and Child,https://www.myscheme.gov.in/schemes/wdenp
Himachal Pradesh,Schemes Of HP Minorities Finance & Development Corporation,State,"Food, LPG & ration",yes,Social welfare & Empowerment,https://www.myscheme.gov.in/schemes/hpmfd
Himachal Pradesh,Mukhyamantri Vidwa Evam Ekal Naari Awas Yojana,State,Housing,yes,Women and Child; Social welfare & Empowerment; Housing & Shelter,https://www.myscheme.gov.in/schemes/mmvenay
Himachal Pradesh,Female Child Birth Gift Scheme (HPBOCWWB),State,Workers' welfare boards & labour,yes,Women and Child,https://www.myscheme.gov.in/schemes/fcbghpbocwwb
Himachal Pradesh,Maharishi Balmiki Chatravriti Yojana,State,Not for workers: students & education,no,Education & Learning; Women and Child,https://www.myscheme.gov.in/schemes/mbcy
Himachal Pradesh,Mukhiya Mantri Protsahan Yojna,State,Not for workers: students & education,no,Education & Learning,https://www.myscheme.gov.in/schemes/mmpy
Himachal Pradesh,Sainik School Sujanpur Tihra Scholarship Scheme,State,Not for workers: students & education,no,Education & Learning,https://www.myscheme.gov.in/schemes/ssstss
Himachal Pradesh,Modular Employable Skills,State,Not for workers: students & education,no,Skills & Employment,https://www.myscheme.gov.in/schemes/mes
Himachal Pradesh,Indira Gandhi Utkrisht Chattervriti Yojana,State,Not for workers: students & education,no,Education & Learning,https://www.myscheme.gov.in/schemes/igucy
Himachal Pradesh,Widow Re-marriage Scheme,State,"Women, marriage & maternity",yes,Social welfare & Empowerment; Women and Child,https://www.myscheme.gov.in/schemes/wrms
Himachal Pradesh,House Subsidy Scheme,State,Health & disability,yes,Housing & Shelter,https://www.myscheme.gov.in/schemes/hs
Himachal Pradesh,Indira Gandhi National Special Ability Pension,State,Pensions,yes,Social welfare & Empowerment,https://www.myscheme.gov.in/schemes/ignsap
Himachal Pradesh,Him Kukkut Palan Yojna,State,"Livelihood, loans & self-employment",yes,"Agriculture,Rural & Environment; Business & Entrepreneurship",https://www.myscheme.gov.in/schemes/hkpy
Himachal Pradesh,Swaran Jayanti Ashray Yojana - Himachal Pradesh,State,Housing,yes,Housing & Shelter,https://www.myscheme.gov.in/schemes/sjay-hp
Himachal Pradesh,Mata Shabri Mahila Sashktikaran Yojana,State,"Food, LPG & ration",yes,Social welfare & Empowerment; Women and Child,https://www.myscheme.gov.in/schemes/msmsy
Himachal Pradesh,Paternity Benefit (HPBOCWWB),State,Workers' welfare boards & labour,yes,Social welfare & Empowerment; Women and Child,https://www.myscheme.gov.in/schemes/pbhpbocwwb
Himachal Pradesh,Financial Assistance for Marriage (HPBOCWWB),State,Workers' welfare boards & labour,yes,Social welfare & Empowerment,https://www.myscheme.gov.in/schemes/fafmhpbocwwb
Himachal Pradesh,H.P. Swaran Jayanti Middle Merit Scholarship Scheme,State,Not for workers: students & education,no,Education & Learning,https://www.myscheme.gov.in/schemes/hpsjmmssgs
Himachal Pradesh,Technical Education Scholarship Scheme for ITI Level,State,Not for workers: students & education,no,Education & Learning,https://www.myscheme.gov.in/schemes/tessitil
Himachal Pradesh,Technical Education Scholarship Scheme For Degree Level,State,Not for workers: students & education,no,Education & Learning,https://www.myscheme.gov.in/schemes/tessdl
Himachal Pradesh,Dr. Ambedkar Medhavi Chhatravriti Yojna to Scheduled Caste Students,State,Not for workers: students & education,no,Education & Learning,https://www.myscheme.gov.in/schemes/damcyscs
Himachal Pradesh,Inter-Caste Marriage Award,State,"Not for workers: sports, arts, awards",no,Social welfare & Empowerment,https://www.myscheme.gov.in/schemes/aficm
Himachal Pradesh,Mukhyamantri Sukh Ashray Yojana,State,Other,no,Social welfare & Empowerment,https://www.myscheme.gov.in/schemes/msay
Himachal Pradesh,Indira Gandhi National Old Age Pension Scheme (Himachal Pradesh),State,Pensions,yes,Social welfare & Empowerment,https://www.myscheme.gov.in/schemes/ignoapshp
Himachal Pradesh,Indira Gandhi National Widow Pension Scheme-Himachal Pradesh,State,Pensions,yes,Social welfare & Empowerment,https://www.myscheme.gov.in/schemes/ignwpshp
Himachal Pradesh,Rehabilitation Allowance To Lepers,State,Health & disability,yes,Health & Wellness,https://www.myscheme.gov.in/schemes/ral
Himachal Pradesh,Skill Development Allowance Scheme,State,"Livelihood, loans & self-employment",yes,Skills & Employment; Social welfare & Empowerment,https://www.myscheme.gov.in/schemes/sda2013
Himachal Pradesh,Mukhya Mantri Kanyadaan Yojana,State,"Women, marriage & maternity",yes,Social welfare & Empowerment; Women and Child,https://www.myscheme.gov.in/schemes/mmky
Himachal Pradesh,Mother Teresa Asahay Matri Sambal Yojana,State,"Women, marriage & maternity",yes,Social welfare & Empowerment; Women and Child,https://www.myscheme.gov.in/schemes/mtamsy
Himachal Pradesh,Mukhya Mantri Sahara Yojana,State,Health & disability,yes,Health & Wellness,https://www.myscheme.gov.in/schemes/mmsy
Himachal Pradesh,Disability Relief Allowance Scheme,State,Pensions,yes,Social welfare & Empowerment,https://www.myscheme.gov.in/schemes/sara
Himachal Pradesh,Widow Pension Scheme (HPBOCWWB),State,Pensions,yes,Social welfare & Empowerment; Women and Child,https://www.myscheme.gov.in/schemes/wpshpbocwwb
Himachal Pradesh,Disability Pension (HPBOCWWB),State,Pensions,yes,Health & Wellness,https://www.myscheme.gov.in/schemes/dphpbocwwb
Himachal Pradesh,Skill Up-Gradation with Job/Placement (SUJOP Scheme),State,Health & disability,yes,Education & Learning; Skills & Employment,https://www.myscheme.gov.in/schemes/sugjp
Himachal Pradesh,Old-Age Pension Scheme,State,Pensions,yes,Social welfare & Empowerment,https://www.myscheme.gov.in/schemes/ops
Himachal Pradesh,Partial Travel Support Scheme,State,Other,no,"Science, IT & Communications",https://www.myscheme.gov.in/schemes/patss
Himachal Pradesh,Mukhyamantri Krishi Utpadan Sanrakshan Yojana,State,Housing,yes,"Agriculture,Rural & Environment",https://www.myscheme.gov.in/schemes/mkusy
Himachal Pradesh,Mukhya Mantri Shahri Ajeevika Guarantee Yojna,State,Housing,yes,Skills & Employment,https://www.myscheme.gov.in/schemes/mmsagy
Himachal Pradesh,Himachal Pradesh Patrakar Kalyan Yojana,State,Not for workers: honour & service pensions,no,Social welfare & Empowerment; Skills & Employment,https://www.myscheme.gov.in/schemes/hppky
Himachal Pradesh,Hostel Facility Scheme (HPBOCWWB),State,Not for workers: students & education,no,Housing & Shelter,https://www.myscheme.gov.in/schemes/hfshpbocwwb
Himachal Pradesh,Mukhya Mantri Vidyarthi Kalyan Yojana,State,Not for workers: students & education,no,Education & Learning,https://www.myscheme.gov.in/schemes/mvky
Himachal Pradesh,Mukhya Mantri Gyandeep Yojna,State,Not for workers: students & education,no,"Banking,Financial Services and Insurance",https://www.myscheme.gov.in/schemes/mmgy
Himachal Pradesh,Thakur Sen Negi Utkrisht Chatravriti Yojana ,State,Not for workers: students & education,no,Education & Learning,https://www.myscheme.gov.in/schemes/tsnucy
Himachal Pradesh,Financial Assistance for Education (HPBOCWWB),State,Not for workers: students & education,no,Education & Learning,https://www.myscheme.gov.in/schemes/fafehpbocwwb
Himachal Pradesh,Indira Gandhi National Disability Pension Scheme-Himachal Pradesh,State,Pensions,yes,Social welfare & Empowerment,https://www.myscheme.gov.in/schemes/igndpshp
Himachal Pradesh,Maintenance Of Pregnant Desi/Indigenous Cow/Buffalo Ration Scheme For BPL Families Belonging To Scheduled Caste (SC) Category,State,"Food, LPG & ration",yes,"Agriculture,Rural & Environment",https://www.myscheme.gov.in/schemes/mpdicbrsbfscc
Himachal Pradesh,Pension Scheme (HPBOCWWB),State,Pensions,yes,Social welfare & Empowerment,https://www.myscheme.gov.in/schemes/pshpbocwwb
Himachal Pradesh,Funeral Support Scheme (HPBOCWWB),State,Workers' welfare boards & labour,yes,Social welfare & Empowerment; Health & Wellness,https://www.myscheme.gov.in/schemes/fsphpbocwwb
Himachal Pradesh,Mentally Retarded Children Benefit Scheme (HPBOCWWB),State,Workers' welfare boards & labour,yes,Women and Child; Health & Wellness,https://www.myscheme.gov.in/schemes/mrcbshpbocwwb
Himachal Pradesh,National family Benefit Scheme-Himachal Pradesh,State,"Insurance, accident & death help",yes,Social welfare & Empowerment,https://www.myscheme.gov.in/schemes/nfbshp
Himachal Pradesh,Maintenance Of Pregnant Desi Indigenous Cows Ration For BPL Families,State,"Food, LPG & ration",yes,"Agriculture,Rural & Environment",https://www.myscheme.gov.in/schemes/pregnant-desiindigenous-cows-ration
Himachal Pradesh,Mukhya Mantri Himachal Health Care Scheme-HIMCARE,State,"Insurance, accident & death help",yes,Health & Wellness,https://www.myscheme.gov.in/schemes/himcare
Himachal Pradesh,Payment of Death Benefit ( HPBOCWWB),State,Workers' welfare boards & labour,yes,Social welfare & Empowerment; Health & Wellness,https://www.myscheme.gov.in/schemes/podbhpbocwwb
Himachal Pradesh,Beti Hai Anmol Yojana,State,"Women, marriage & maternity",yes,Social welfare & Empowerment; Women and Child,https://www.myscheme.gov.in/schemes/bhay
Himachal Pradesh,Shagun Yojana,State,"Women, marriage & maternity",yes,Social welfare & Empowerment; Women and Child,https://www.myscheme.gov.in/schemes/sy
Himachal Pradesh,Mukhya Mantri Grihini Suvidha Yojana,State,"Food, LPG & ration",yes,Utility & Sanitation; Women and Child,https://www.myscheme.gov.in/schemes/mmgsy
Himachal Pradesh,Chief Minister’s Startup/innovation Projects/new Industries,State,"Insurance, accident & death help",yes,"Banking,Financial Services and Insurance; Skills & Employment; Education & Learning",https://www.myscheme.gov.in/schemes/chsipni
Himachal Pradesh,Maternity Benefit (HPBOCWWB),State,Workers' welfare boards & labour,yes,Social welfare & Empowerment; Women and Child,https://www.myscheme.gov.in/schemes/mbhpbocwwb
Himachal Pradesh,Scheme Of Provision Of Subsidized Rams To Sheep Breeders,State,"Insurance, accident & death help",yes,"Agriculture,Rural & Environment; Banking,Financial Services and Insurance",https://www.myscheme.gov.in/schemes/rams-to-sheep-breeders
Himachal Pradesh,Atal Shresth Shahar Yojna,State,"Not for workers: sports, arts, awards",no,Utility & Sanitation,https://www.myscheme.gov.in/schemes/assy
Himachal Pradesh,Himachal Pradesh Maharishi Valmiki Sampoorn Swachata Puraskar (state Sanitation Reward Scheme),State,"Not for workers: sports, arts, awards",no,"Utility & Sanitation; Agriculture,Rural & Environment",https://www.myscheme.gov.in/schemes/hpmvssp
Himachal Pradesh,Women Self Employment Scheme,State,"Livelihood, loans & self-employment",yes,Women and Child; Business & Entrepreneurship,https://www.myscheme.gov.in/schemes/wses
Dadra & Nagar Haveli and Daman & Diu,Investment Promotion Scheme (IPS) for Thrust Sectors: Scheme For Marine Products Processing Units,State,"Food, LPG & ration",yes,Business & Entrepreneurship,https://www.myscheme.gov.in/schemes/ipsftsmppu
Dadra & Nagar Haveli and Daman & Diu,Investment Promotion Scheme (IPS): Environment Protection Infrastructure Subsidy,State,"Food, LPG & ration",yes,Business & Entrepreneurship,https://www.myscheme.gov.in/schemes/ips
Dadra & Nagar Haveli and Daman & Diu,Pension Scheme to Widow- DNH & DD,State,Pensions,yes,Social welfare & Empowerment,https://www.myscheme.gov.in/schemes/psw
Dadra & Nagar Haveli and Daman & Diu,Unique Disability Identity - DNH & DD,State,Health & disability,yes,Women and Child; Social welfare & Empowerment; Health & Wellness,https://www.myscheme.gov.in/schemes/udid
Dadra & Nagar Haveli and Daman & Diu,"Supply of School Stationery, Socks, Shoes, School Bag, etc. to all Students of Std I to VIII",State,Not for workers: students & education,no,Education & Learning,https://www.myscheme.gov.in/schemes/supply-of-stationery-socks-shoes-school-bag
Dadra & Nagar Haveli and Daman & Diu, Supply of Textbook to all Students for IX to XII,State,Not for workers: students & education,no,Education & Learning,https://www.myscheme.gov.in/schemes/supply-of-textbook
Dadra & Nagar Haveli and Daman & Diu,Investment Promotion Scheme (IPS) 2022- for Thrust Sectors: Scheme For Vaccine Manufacturing Units,State,"Food, LPG & ration",yes,Business & Entrepreneurship,https://www.myscheme.gov.in/schemes/ipsftsvmu
Dadra & Nagar Haveli and Daman & Diu,Investment Promotion Scheme (IPS) For Handicraft Artisans: Assistance For Capital Investment To Uplift The Economic Condition Of Artisans/ Persons,State,"Food, LPG & ration",yes,Business & Entrepreneurship,https://www.myscheme.gov.in/schemes/ipshaaciec
Dadra & Nagar Haveli and Daman & Diu,Financial assistance for Marriage for the Construction Worker,State,Workers' welfare boards & labour,yes,Social welfare & Empowerment,https://www.myscheme.gov.in/schemes/fafmftcwd
Dadra & Nagar Haveli and Daman & Diu,Establishment Of Small Scale Dairy Unit (SSDU),State,"Livelihood, loans & self-employment",yes,"Agriculture,Rural & Environment",https://www.myscheme.gov.in/schemes/ssdu
Dadra & Nagar Haveli and Daman & Diu,Scheme for Promotion of Affordable Rental Smart Housing (SPARSH 2.0): Construction and Redevelopment Incentives,State,Housing,yes,Housing & Shelter,https://www.myscheme.gov.in/schemes/sparsh20construction
Dadra & Nagar Haveli and Daman & Diu,Scheme for Promotion of Affordable Rental Smart Housing (SPARSH 2.0): Rent Subsidy,State,Housing,yes,Housing & Shelter,https://www.myscheme.gov.in/schemes/sparsh20rent
Dadra & Nagar Haveli and Daman & Diu," Supply of School Uniform , Shoes Socks to all Students for Std IX to XII",State,Not for workers: students & education,no,Education & Learning,https://www.myscheme.gov.in/schemes/supply-of-uniform
Dadra & Nagar Haveli and Daman & Diu,"Scholarships for Top Class Education for students with Disabilities, DNH & DD",State,Not for workers: students & education,no,Education & Learning; Social welfare & Empowerment; Women and Child,https://www.myscheme.gov.in/schemes/scholarshiptcesd
Dadra & Nagar Haveli and Daman & Diu,"Mission Saksham Anganwadi & Poshan 2.0, DNH & DD",State,"Women, marriage & maternity",yes,Social welfare & Empowerment; Women and Child; Education & Learning,https://www.myscheme.gov.in/schemes/ss-dadra-and-nagar-haveli-and-daman-and-diu
Dadra & Nagar Haveli and Daman & Diu,Scheme for Loan and Subsidy for Manure and Fertilizer-DNH&DD,State,"Livelihood, loans & self-employment",yes,"Agriculture,Rural & Environment",https://www.myscheme.gov.in/schemes/slsmf
Dadra & Nagar Haveli and Daman & Diu,"Post Matric Scholarships to the Students Belonging to Scheduled Castes, DNH & DD",State,Not for workers: students & education,no,Education & Learning; Social welfare & Empowerment; Women and Child,https://www.myscheme.gov.in/schemes/postmsc
Dadra & Nagar Haveli and Daman & Diu,"Post-Matric Scholarship for OBC, EBC and DNT Students - DNH & DD",State,Not for workers: students & education,no,Education & Learning; Social welfare & Empowerment; Women and Child,https://www.myscheme.gov.in/schemes/postmsobcandebc
Dadra & Nagar Haveli and Daman & Diu,Financial Assistance to Boat owner / Fishermen Captured by Pakistan Marine Security Agency (PMSA)-DNH&DD,State,"Livelihood, loans & self-employment",yes,"Agriculture,Rural & Environment",https://www.myscheme.gov.in/schemes/fabofpak
Dadra & Nagar Haveli and Daman & Diu,Supply of School Uniform and Tie belt to SC/ST Boys/ Girls Students of Std I to VIII,State,Not for workers: students & education,no,Education & Learning,https://www.myscheme.gov.in/schemes/supply-of-school-uniform-tie-belt
Dadra & Nagar Haveli and Daman & Diu,Scheme for Promotion of Affordable Rental Smart Housing (SPARSH 2.0): Registering Housing Complexes,State,Housing,yes,Housing & Shelter,https://www.myscheme.gov.in/schemes/sparsh20rhcs
Dadra & Nagar Haveli and Daman & Diu,Pension Scheme to Disabled Persons (Divyangjan)- DNH & DD,State,Pensions,yes,Social welfare & Empowerment,https://www.myscheme.gov.in/schemes/psdp
Dadra & Nagar Haveli and Daman & Diu,Establishment of Small Scale Poultry Unit (Layer) for livestock owner of Daman & Diu,State,"Livelihood, loans & self-employment",yes,"Agriculture,Rural & Environment",https://www.myscheme.gov.in/schemes/esspulodd
Dadra & Nagar Haveli and Daman & Diu,Pension Scheme to Old Age Persons (Senior Citizen)-DNH&DD,State,Pensions,yes,Social welfare & Empowerment,https://www.myscheme.gov.in/schemes/psoap
Dadra & Nagar Haveli and Daman & Diu,Supply of School Uniform and Tie belt to other than SC/ST Boys Students of Std I to VIII,State,Not for workers: students & education,no,Education & Learning,https://www.myscheme.gov.in/schemes/supply-of-school-uniform-and-tie-belt
Dadra & Nagar Haveli and Daman & Diu,Supply of School Stationery to all Students for IX to XII,State,Not for workers: students & education,no,Education & Learning,https://www.myscheme.gov.in/schemes/supply-of-stationery
Dadra & Nagar Haveli and Daman & Diu,"Pre-Matric Scholarship for OBC, EBC and DNT Students - DNH & DD",State,Not for workers: students & education,no,Education & Learning; Social welfare & Empowerment; Women and Child,https://www.myscheme.gov.in/schemes/pmsobcandebc
Dadra & Nagar Haveli and Daman & Diu,Post Matric Scholarship for students with Disabilities - DNH & DD,State,Not for workers: students & education,no,Education & Learning; Social welfare & Empowerment; Women and Child,https://www.myscheme.gov.in/schemes/postmssd
Dadra & Nagar Haveli and Daman & Diu,"Pre-Matric  Scholarship for Students with  Disabilities, DNH & DD",State,Not for workers: students & education,no,Education & Learning; Women and Child,https://www.myscheme.gov.in/schemes/premssd
Dadra & Nagar Haveli and Daman & Diu,Pre Matric Scholarship for SC students- DNH & DD,State,Not for workers: students & education,no,Education & Learning; Social welfare & Empowerment; Women and Child,https://www.myscheme.gov.in/schemes/premsc
Dadra & Nagar Haveli and Daman & Diu,Pradhan Mantri Poshan Shakti Nirman - DNH&DD,State,Not for workers: students & education,no,Education & Learning,https://www.myscheme.gov.in/schemes/pm-poshan-dnhanddd
Dadra & Nagar Haveli and Daman & Diu,Integrated Dairy Development Project (IDDP),State,"Insurance, accident & death help",yes,"Agriculture,Rural & Environment",https://www.myscheme.gov.in/schemes/iddpdaman
Dadra & Nagar Haveli and Daman & Diu,Scheme for Promotion of Affordable Rental Smart Housing (SPARSH 2.0): Government Affordable Rental Housing Development Support,State,Housing,yes,Housing & Shelter,https://www.myscheme.gov.in/schemes/sparsh20gov
Dadra & Nagar Haveli and Daman & Diu,Dikri Development Scheme-DNH&DD,State,Health & disability,yes,Health & Wellness,https://www.myscheme.gov.in/schemes/dds
Dadra & Nagar Haveli and Daman & Diu,Investment Promotion Scheme (IPS) for MSME Sector: Assistance For Participation In Industrial Exhibitions Abroad,State,Other,no,Business & Entrepreneurship,https://www.myscheme.gov.in/schemes/ipsapiea
Dadra & Nagar Haveli and Daman & Diu,Investment Promotion Scheme (IPS) for MSME Sector: Assistance For Capital Investment In Solar Power Generation,State,"Food, LPG & ration",yes,Business & Entrepreneurship,https://www.myscheme.gov.in/schemes/ipsacispg
Dadra & Nagar Haveli and Daman & Diu,Investment Promotion Scheme (IPS) for MSME Sector: Awards For MSMEs,State,"Not for workers: sports, arts, awards",no,Business & Entrepreneurship,https://www.myscheme.gov.in/schemes/ipsafmsme
Dadra & Nagar Haveli and Daman & Diu,"Investment Promotion Scheme (IPS) for Thrust Sectors: Scheme For Medical Equipment And Accessories, Medical Diagnostics And Ayush Products Manufacturing Units",State,Health & disability,yes,Business & Entrepreneurship,https://www.myscheme.gov.in/schemes/ipsftsame
Dadra & Nagar Haveli and Daman & Diu,Investment Promotion Scheme (IPS) for MSME Sector: Assistance For Zed Certification,State,"Food, LPG & ration",yes,Business & Entrepreneurship,https://www.myscheme.gov.in/schemes/ipszed
Dadra & Nagar Haveli and Daman & Diu,"Investment Promotion Scheme (IPS) for Thrust Sectors: Assistance For Marble, IT & ITES, Electric Vehicles & Spare Parts, Toys Units And Semi-Conduct or Industries Sectors",State,"Livelihood, loans & self-employment",yes,Business & Entrepreneurship,https://www.myscheme.gov.in/schemes/ipsfsafmit
Dadra & Nagar Haveli and Daman & Diu,Investment Promotion Scheme (IPS) for Thrust Sectors: Assistance For Furniture Sector,State,"Food, LPG & ration",yes,Business & Entrepreneurship,https://www.myscheme.gov.in/schemes/ipstsaffs
Dadra & Nagar Haveli and Daman & Diu,Raising and Accelerating MSME Performance (RAMP) Interventions: Assistance for Small & Medium Enterprises (SME) To Raise Capital Through Small & Medium Enterprises (SME) Exchange - DNH&DD,State,Other,no,Business & Entrepreneurship,https://www.myscheme.gov.in/schemes/rampasmerdnh
Dadra & Nagar Haveli and Daman & Diu,Saraswati Vidya Yojana: Free Distribution of Bicycles - DNH&DD,State,Not for workers: students & education,no,Education & Learning,https://www.myscheme.gov.in/schemes/svyfdb
Dadra & Nagar Haveli and Daman & Diu,Investment Promotion Scheme (IPS) for MSME Sector: Assistance To Small And Medium Enterprises (SME) For Raising Of Capital Through SME Exchange,State,"Food, LPG & ration",yes,Business & Entrepreneurship,https://www.myscheme.gov.in/schemes/ipsasmerctse
Dadra & Nagar Haveli and Daman & Diu,Investment Promotion Scheme (IPS) for MSME Sector: Assistance For Quality Certification,State,"Food, LPG & ration",yes,Business & Entrepreneurship,https://www.myscheme.gov.in/schemes/ipsaqc
Dadra & Nagar Haveli and Daman & Diu,Investment Promotion Scheme (IPS) for MSME Sector: Assistance of Interest Subsidy,State,"Food, LPG & ration",yes,Business & Entrepreneurship,https://www.myscheme.gov.in/schemes/ipsais
Dadra & Nagar Haveli and Daman & Diu,Investment Promotion Scheme (IPS) for MSME Sector: Assistance For Patent Registration /Trade Mark Registration,State,"Food, LPG & ration",yes,Business & Entrepreneurship,https://www.myscheme.gov.in/schemes/ipsaprtmr
Dadra & Nagar Haveli and Daman & Diu,Investment Promotion Scheme (IPS) for MSME Sector: Incentives For Doubling Of Export Values,State,"Food, LPG & ration",yes,Business & Entrepreneurship,https://www.myscheme.gov.in/schemes/ipsidev
Dadra & Nagar Haveli and Daman & Diu,Investment Promotion Scheme (IPS) For Cottage Industries: Financial Assistance To Cottage Industries,State,"Food, LPG & ration",yes,Business & Entrepreneurship,https://www.myscheme.gov.in/schemes/ipsfaci
Dadra & Nagar Haveli and Daman & Diu,Investment Promotion Scheme (IPS) for MSME Sector: Assistance For Entrepreneurship Under Skill Development,State,"Livelihood, loans & self-employment",yes,Business & Entrepreneurship,https://www.myscheme.gov.in/schemes/ipsaeusd
Dadra & Nagar Haveli and Daman & Diu,Investment Promotion Scheme (IPS) for MSME Sector: Assistance For Saving In Consumption Of Energy And Water,State,Other,no,Business & Entrepreneurship,https://www.myscheme.gov.in/schemes/ipsacesw
Dadra & Nagar Haveli and Daman & Diu,Investment Promotion Scheme (IPS) for Textile Sector: Assistance Of Interest Subsidy For Textile Sector,State,"Food, LPG & ration",yes,Business & Entrepreneurship,https://www.myscheme.gov.in/schemes/ipstsaists
Dadra & Nagar Haveli and Daman & Diu,Investment Promotion Scheme (IPS) For Handicraft Artisans: Assistance For Capital Investment For The Handloom And Handicrafts Artisans Of The U.T. Requiring Financial Assistance For Purchase Of Machinery Or Raw Materials,State,"Food, LPG & ration",yes,Business & Entrepreneurship,https://www.myscheme.gov.in/schemes/ipshacihh
Dadra & Nagar Haveli and Daman & Diu,Investment Promotion Scheme (IPS) for Thrust Sectors: III. Scheme C4: For Food Processing Industries,State,"Food, LPG & ration",yes,Business & Entrepreneurship,https://www.myscheme.gov.in/schemes/ipstasfpi
Dadra & Nagar Haveli and Daman & Diu,Raising and Accelerating MSME Performance (RAMP) Interventions: Reimbursement of Energy and Water Audit Fees- DNH&DD,State,Other,no,Business & Entrepreneurship,https://www.myscheme.gov.in/schemes/ramprwaf
Dadra & Nagar Haveli and Daman & Diu,Raising and Accelerating MSME Performance (RAMP) Interventions: Reimbursement of GST Amount for Promoting Destination Wedding- DNH&DD,State,Other,no,Business & Entrepreneurship,https://www.myscheme.gov.in/schemes/rampwed
Dadra & Nagar Haveli and Daman & Diu,Raising and Accelerating MSME Performance (RAMP) Interventions: Reimbursement of Testing and Certification Cost in Wire Cable Industry- DNH&DD,State,Other,no,Business & Entrepreneurship,https://www.myscheme.gov.in/schemes/ramprtcwci
Dadra & Nagar Haveli and Daman & Diu,Investment Promotion Scheme (IPS) for MSME Sector: Assistance of Fixed Capital Investment Subsidy,State,"Food, LPG & ration",yes,Business & Entrepreneurship,https://www.myscheme.gov.in/schemes/ipsafcis
Dadra & Nagar Haveli and Daman & Diu,Investment Promotion Scheme (IPS) for MSME Sector: Reimbursement Of Free On Board (FOB) Expenses,State,"Food, LPG & ration",yes,Business & Entrepreneurship,https://www.myscheme.gov.in/schemes/ipsfob
Dadra & Nagar Haveli and Daman & Diu,Investment Promotion Scheme (IPS) for MSME Sector: Incentive For Local Employment,State,"Food, LPG & ration",yes,Business & Entrepreneurship,https://www.myscheme.gov.in/schemes/ipsile
Dadra & Nagar Haveli and Daman & Diu,Scheme for Assistance for Industrial Infrastructure-DNH&DD,State,"Food, LPG & ration",yes,Business & Entrepreneurship,https://www.myscheme.gov.in/schemes/aiis
Dadra & Nagar Haveli and Daman & Diu,Saraswati Vidya Yojana: Reimbursement of Fees for Diploma/Graduation and Post-Graduation Professional Courses - DNH&DD,State,Not for workers: students & education,no,Education & Learning,https://www.myscheme.gov.in/schemes/svyrfdgpgpc
Karnataka,Udyogini Scheme,State,Other,no,Social welfare & Empowerment; Business & Entrepreneurship; Women and Child,https://www.myscheme.gov.in/schemes/us
Karnataka,Shrama Shakthi Scheme,State,Not for workers: honour & service pensions,no,Business & Entrepreneurship,https://www.myscheme.gov.in/schemes/sss
Karnataka,Madilu Kit,State,"Livelihood, loans & self-employment",yes,"Agriculture,Rural & Environment",https://www.myscheme.gov.in/schemes/madilu
Karnataka,Pension Scheme (K.B.O.C.W.W.B),State,Pensions,yes,Social welfare & Empowerment,https://www.myscheme.gov.in/schemes/kbocwwb
Karnataka,Charmashilpa Scheme,State,"Livelihood, loans & self-employment",yes,Business & Entrepreneurship; Women and Child,https://www.myscheme.gov.in/schemes/cs
Karnataka,Self Employment Scheme,State,Other,no,Social welfare & Empowerment,https://www.myscheme.gov.in/schemes/ses
Karnataka,Incentive For The Simple Marriage,State,"Women, marriage & maternity",yes,Social welfare & Empowerment,https://www.myscheme.gov.in/schemes/iftsm
Karnataka,Incentive Scheme for Sericulture Reelers,State,"Insurance, accident & death help",yes,"Business & Entrepreneurship; Banking,Financial Services and Insurance",https://www.myscheme.gov.in/schemes/isfsr
Karnataka,Community Based Training Scheme,State,"Livelihood, loans & self-employment",yes,Skills & Employment,https://www.myscheme.gov.in/schemes/cbts
Karnataka,Overseas Educational Loan Scheme,State,Not for workers: students & education,no,"Education & Learning; Banking,Financial Services and Insurance",https://www.myscheme.gov.in/schemes/oels
Karnataka,Continuation of Pension (K.B.O.C.W.W.B),State,Pensions,yes,Social welfare & Empowerment,https://www.myscheme.gov.in/schemes/copkbocwwb
Karnataka,Skill Development Training Karnataka,State,Not for workers: students & education,no,Skills & Employment,https://www.myscheme.gov.in/schemes/sdtk
Karnataka,Swavalambi/Sanchari Marata Malige,State,"Livelihood, loans & self-employment",yes,Business & Entrepreneurship,https://www.myscheme.gov.in/schemes/ssmm
Karnataka,Incentive For The Simple Marriage (Scheduled Tribe),State,"Women, marriage & maternity",yes,Social welfare & Empowerment,https://www.myscheme.gov.in/schemes/iftsmst
Karnataka,Interest Subvention Scheme,State,"Food, LPG & ration",yes,Business & Entrepreneurship,https://www.myscheme.gov.in/schemes/iss
Karnataka,Prabhuddha Overseas Scholarship,State,Not for workers: students & education,no,Education & Learning,https://www.myscheme.gov.in/schemes/pdos
Karnataka,Stipend To Law Graduates,State,Not for workers: students & education,no,Education & Learning,https://www.myscheme.gov.in/schemes/slg
Karnataka,Arivu Education Loan Scheme ,State,Not for workers: students & education,no,"Education & Learning; Banking,Financial Services and Insurance",https://www.myscheme.gov.in/schemes/aels
Karnataka,Griha Lakshmi Scheme,State,Housing,yes,Social welfare & Empowerment; Women and Child,https://www.myscheme.gov.in/schemes/gls
Karnataka,Disability Pension and Ex-Gratia (K.B.O.C.W.W.B),State,Pensions,yes,Social welfare & Empowerment; Health & Wellness,https://www.myscheme.gov.in/schemes/dpaexgkbocwwb
Karnataka,Incentive for the Inter Caste Marriage Couple,State,"Women, marriage & maternity",yes,Social welfare & Empowerment,https://www.myscheme.gov.in/schemes/ifticmc
Karnataka,Vrutti Protsaha Loan Scheme,State,"Food, LPG & ration",yes,Skills & Employment; Social welfare & Empowerment,https://www.myscheme.gov.in/schemes/vpls
Karnataka,Skill Upgradation Program Karnataka,State,Not for workers: students & education,no,Skills & Employment,https://www.myscheme.gov.in/schemes/supk
Karnataka,Incentive For The Devadasi Children’s Marriage to Schedule Tribe,State,"Women, marriage & maternity",yes,Social welfare & Empowerment,https://www.myscheme.gov.in/schemes/iftdcmtst
Karnataka,Integrated Scheme for Export Promotion & Quality Improvement in Spices and Research and Development of Cardamom : Small Cardamom Irrigation Land Development : Irrigation / Water Storage Structure (nos),Central,Farmers & agriculture,yes,"Agriculture,Rural & Environment",https://www.myscheme.gov.in/schemes/isfepqiisaradocscildiwss
Karnataka,Nekar Samman Yojana,State,"Not for workers: sports, arts, awards",no,Social welfare & Empowerment,https://www.myscheme.gov.in/schemes/nsy
Karnataka,Incentive for the SC Widow Re-Marriage,State,"Women, marriage & maternity",yes,Social welfare & Empowerment; Women and Child,https://www.myscheme.gov.in/schemes/iscwr
Karnataka,Marketing Assistance Scheme ,State,"Livelihood, loans & self-employment",yes,Skills & Employment; Business & Entrepreneurship,https://www.myscheme.gov.in/schemes/mas
Karnataka,Padhuke Kuteera Scheme Karnataka,State,"Livelihood, loans & self-employment",yes,Business & Entrepreneurship,https://www.myscheme.gov.in/schemes/pksk
Karnataka,Kaimagga Vikasa Yojana - Karnataka,State,"Not for workers: sports, arts, awards",no,Business & Entrepreneurship; Skills & Employment,https://www.myscheme.gov.in/schemes/kvy-k
Karnataka, Incentive For The Intra Caste Marriage within Scheduled Tribe Community,State,"Women, marriage & maternity",yes,Social welfare & Empowerment,https://www.myscheme.gov.in/schemes/ifticmwstc
Karnataka,Integrated Scheme for Export Promotion & Quality Improvement in Spices and Research and Development of Cardamom:  Small Cardamom Irrigation Land Development : Irrigation equipment (Nos.),Central,Farmers & agriculture,yes,"Agriculture,Rural & Environment",https://www.myscheme.gov.in/schemes/isfepqiisaradocscildie
Karnataka,Krushy Aranya Protsaha Yojane (kapy),State,"Livelihood, loans & self-employment",yes,"Agriculture,Rural & Environment",https://www.myscheme.gov.in/schemes/kapy
Karnataka,Vidyasiri food And Accommodation Scholarship Scheme,State,Not for workers: students & education,no,Social welfare & Empowerment; Education & Learning,https://www.myscheme.gov.in/schemes/vfas
Karnataka,Accident Assistance (K.B.O.C.W.W.B),State,Workers' welfare boards & labour,yes,Health & Wellness,https://www.myscheme.gov.in/schemes/kaabocwwb
Karnataka,Santwana Scheme - Karnataka,State,Housing,yes,Social welfare & Empowerment; Business & Entrepreneurship; Housing & Shelter,https://www.myscheme.gov.in/schemes/ss-k
Karnataka,Funeral and Ex-Gratia (K.B.O.C.W.W.B),State,Workers' welfare boards & labour,yes,Social welfare & Empowerment,https://www.myscheme.gov.in/schemes/faexgkbocwwb
Karnataka,Financial Assistance to Traditional Artisans (Panchavrutthi Scheme) ,State,"Livelihood, loans & self-employment",yes,Skills & Employment,https://www.myscheme.gov.in/schemes/fataps
Karnataka,Shramashakthi Special Women's Scheme,State,"Women, marriage & maternity",yes,Women and Child; Social welfare & Empowerment; Business & Entrepreneurship,https://www.myscheme.gov.in/schemes/ssws
Karnataka,Direct Loan Scheme Karnataka,State,"Livelihood, loans & self-employment",yes,Business & Entrepreneurship,https://www.myscheme.gov.in/schemes/dlsk
Karnataka,Incentive For The Inter Caste Marriage Couple (Scheduled Tribe),State,"Women, marriage & maternity",yes,Social welfare & Empowerment,https://www.myscheme.gov.in/schemes/ifticmcst
Karnataka,Integrated Scheme for Export Promotion & Quality Improvement in Spices and Research and Development of Cardamom: Post-Harvest Improvement: ICCD for Small Cardamom (nos) (Improved Cardamom Curing Devices),Central,Farmers & agriculture,yes,"Agriculture,Rural & Environment; Business & Entrepreneurship",https://www.myscheme.gov.in/schemes/isfepqiisaradocphicdscnosiccd
Karnataka,Bhagyalaxmi Scheme,State,"Women, marriage & maternity",yes,Social welfare & Empowerment; Women and Child,https://www.myscheme.gov.in/schemes/bys
Karnataka,Marriage Assistance (K.B.O.C.W.W.B),State,Workers' welfare boards & labour,yes,Women and Child; Social welfare & Empowerment,https://www.myscheme.gov.in/schemes/makbocwwb
Karnataka,Incentive for the Intra Caste Marriage within Scheduled Caste Community,State,"Women, marriage & maternity",yes,Social welfare & Empowerment,https://www.myscheme.gov.in/schemes/iicmscc
Karnataka,Incentive For The Devadasi Children’s Marriage,State,"Women, marriage & maternity",yes,Social welfare & Empowerment,https://www.myscheme.gov.in/schemes/idcm
Karnataka,Assistance For Major Ailments (Karmika Chikitsa Bhagya) (K.B.O.C.W.W.B),State,Workers' welfare boards & labour,yes,Health & Wellness,https://www.myscheme.gov.in/schemes/amakcbkassistance-for-major-ailments-karmika-chikitsa-bhagya-kbocwwb
Karnataka,Medical Assistance (Karmika Arogya Bhagya) (K.B.O.C.W.W.B),State,Workers' welfare boards & labour,yes,Health & Wellness,https://www.myscheme.gov.in/schemes/makabbocwwb
Karnataka,Maternity Benefit/Delivery Assistance (K.B.O.C.W.W.B),State,Workers' welfare boards & labour,yes,Health & Wellness; Women and Child,https://www.myscheme.gov.in/schemes/mbdakbocwwb
Karnataka,Thayi Magu Sahaya Hastha (K.B.O.C.W.W.B),State,Not for workers: students & education,no,Education & Learning,https://www.myscheme.gov.in/schemes/tmshkbocwwb
Karnataka,Dr. Babu Jagjivan Ram Living cum work shed Construction Scheme,State,Housing,yes,Housing & Shelter,https://www.myscheme.gov.in/schemes/dbjrlcwscs
Karnataka,Supply of Tool Kits to their Trained Workers ,State,Workers' welfare boards & labour,yes,Skills & Employment,https://www.myscheme.gov.in/schemes/stkk
Karnataka,Subsidy Scheme for Self-help Groups of Minorities,State,"Livelihood, loans & self-employment",yes,Women and Child; Skills & Employment,https://www.myscheme.gov.in/schemes/ssshgm
Karnataka,Financial Assistance to the Teachers/Lecturers Children who taken loan from Nationalised Banks for studying Medical/Engineering Courses,State,Health & disability,yes,Education & Learning,https://www.myscheme.gov.in/schemes/fatlclnbsmec
Karnataka,Direct Loans For Business Enterprise,State,"Food, LPG & ration",yes,Business & Entrepreneurship,https://www.myscheme.gov.in/schemes/dlbe
Karnataka,Interest Subsidy Scheme for Scheduled Caste/Scheduled Tribe Entrepreneurs,State,"Livelihood, loans & self-employment",yes,Business & Entrepreneurship,https://www.myscheme.gov.in/schemes/issscste
Karnataka,Sikhligar’s Community Development Scheme,State,"Food, LPG & ration",yes,Business & Entrepreneurship; Skills & Employment,https://www.myscheme.gov.in/schemes/scds
Karnataka,Kayaka Spoorthi Scheme Karnataka ,State,Other,no,Women and Child; Business & Entrepreneurship,https://www.myscheme.gov.in/schemes/kssk
Karnataka,Ashadeepa Scheme,State,"Livelihood, loans & self-employment",yes,Skills & Employment,https://www.myscheme.gov.in/schemes/ads
Karnataka,National Mission on Edible Oils- Oil Palm,Central,Farmers & agriculture,yes,"Agriculture,Rural & Environment",https://www.myscheme.gov.in/schemes/nmeo-op
Delhi,Financial Assistance For The Marriage Of Daughters Of Poor Widows And Orphan Girls,State,"Women, marriage & maternity",yes,Social welfare & Empowerment; Women and Child,https://www.myscheme.gov.in/schemes/famdpwog
Delhi,Delhi Arogya Kosh,State,Health & disability,yes,Health & Wellness,https://www.myscheme.gov.in/schemes/dak
Delhi,Rajiv Gandhi Swavlamban Rojgar Yojna,State,"Insurance, accident & death help",yes,"Business & Entrepreneurship; Banking,Financial Services and Insurance",https://www.myscheme.gov.in/schemes/rgsry
Delhi,Pension Benefit for the Construction Workers,State,Pensions,yes,Social welfare & Empowerment,https://www.myscheme.gov.in/schemes/pbcw
Delhi,Disability Pension for the Construction Workers,State,Pensions,yes,Social welfare & Empowerment,https://www.myscheme.gov.in/schemes/dpcw
Delhi,Natural Death Assistance for the Construction Workers,State,Workers' welfare boards & labour,yes,Social welfare & Empowerment,https://www.myscheme.gov.in/schemes/ndacw
Delhi,Accidental Death Assistance for the Construction Workers,State,Workers' welfare boards & labour,yes,Social welfare & Empowerment,https://www.myscheme.gov.in/schemes/adacw
Delhi,Scheme for Celebration of Birth/death Anniversary of Eminent Personalities,State,"Insurance, accident & death help",yes,Business & Entrepreneurship,https://www.myscheme.gov.in/schemes/scbdaep
Delhi,Financial Assistance to SC Students for Pursuing Higher Studies Abroad,State,Not for workers: students & education,no,Education & Learning,https://www.myscheme.gov.in/schemes/fatssfshsa
Delhi,Free Supply of Text Books,State,Not for workers: students & education,no,Education & Learning,https://www.myscheme.gov.in/schemes/fsotb
Delhi,Merit Cum Means Linked Financial Assistance Scheme,State,Not for workers: students & education,no,Education & Learning,https://www.myscheme.gov.in/schemes/mcmlfas
Delhi,To Opt Composition Scheme,State,"Insurance, accident & death help",yes,"Banking,Financial Services and Insurance",https://www.myscheme.gov.in/schemes/tocs
Delhi,Pre-Matric Scholarship Scheme for OBC Students-Delhi,State,Not for workers: students & education,no,Education & Learning; Social welfare & Empowerment,https://www.myscheme.gov.in/schemes/pmssobcd
Delhi,Delhi Arogya Nidhi,State,Health & disability,yes,Health & Wellness,https://www.myscheme.gov.in/schemes/dan
Delhi,Medical Assistance for the Construction Workers,State,Workers' welfare boards & labour,yes,Health & Wellness; Social welfare & Empowerment,https://www.myscheme.gov.in/schemes/maftcw
Delhi,Funeral Assistance for the Construction Workers,State,Workers' welfare boards & labour,yes,Social welfare & Empowerment,https://www.myscheme.gov.in/schemes/facw
Delhi,Loan for the Purchase of Work Tool for the Construction Workers,State,Workers' welfare boards & labour,yes,"Banking,Financial Services and Insurance",https://www.myscheme.gov.in/schemes/lpwtcw
Delhi,Education Loan Scheme - Delhi,State,Not for workers: students & education,no,Education & Learning; Social welfare & Empowerment,https://www.myscheme.gov.in/schemes/els-delhi
Delhi,Higher Education And Skill Development Guarantee Scheme,State,Not for workers: students & education,no,Education & Learning,https://www.myscheme.gov.in/schemes/hesdgs
Delhi,Scholarship/Merit scholarship to OBC/MIN/SC/ST students from Class I to XII,State,Not for workers: students & education,no,Education & Learning,https://www.myscheme.gov.in/schemes/smstomsssfc
Delhi,Vice Chancellor Internship Scheme,Central,Not for workers: students & education,no,Education & Learning,https://www.myscheme.gov.in/schemes/vcis
Delhi,Financial Assistance for Marriage for the Construction Workers,State,Workers' welfare boards & labour,yes,Housing & Shelter,https://www.myscheme.gov.in/schemes/famtw
Delhi,Delhi Pension Scheme To Women In Distress (Widow Pension),State,Pensions,yes,Social welfare & Empowerment; Women and Child,https://www.myscheme.gov.in/schemes/dpswdwp
Delhi,Old Age Assistance,State,Pensions,yes,Social welfare & Empowerment,https://www.myscheme.gov.in/schemes/oaa
Delhi,Widow Daughter Marriage Scheme,State,"Women, marriage & maternity",yes,Social welfare & Empowerment; Women and Child,https://www.myscheme.gov.in/schemes/fawdsddaw
Delhi,Grant for the Purchase of Work Related Tools for the Construction Workers,State,Workers' welfare boards & labour,yes,"Banking,Financial Services and Insurance",https://www.myscheme.gov.in/schemes/gpwrtcw
Delhi,Maternity Assistance for the Construction Workers,State,Workers' welfare boards & labour,yes,Health & Wellness; Social welfare & Empowerment; Women and Child,https://www.myscheme.gov.in/schemes/mafcw
Delhi,Purchase/Construction of House for the Construction Workers,State,Workers' welfare boards & labour,yes,Housing & Shelter; Social welfare & Empowerment,https://www.myscheme.gov.in/schemes/pchcw
Delhi,Viksit Delhi CM Internship Programme,State,"Livelihood, loans & self-employment",yes,Education & Learning; Skills & Employment,https://www.myscheme.gov.in/schemes/vdcmip
Delhi,Education Assistance for the Construction Workers,State,Not for workers: students & education,no,Education & Learning; Social welfare & Empowerment,https://www.myscheme.gov.in/schemes/edftcw
Delhi,Scholarship/Merit Scholarship Schools SC/ST/OBC/Min (Studying in College/Technical/ Professional Institutions),State,Not for workers: students & education,no,Education & Learning,https://www.myscheme.gov.in/schemes/smssssictpi
Delhi,Mukhyamantri Vidyarthi Pratibha Yojna,State,Not for workers: students & education,no,Social welfare & Empowerment,https://www.myscheme.gov.in/schemes/mvpy
Delhi,Delhi Lakhpati Bitiya Scheme,State,"Women, marriage & maternity",yes,Education & Learning; Women and Child,https://www.myscheme.gov.in/schemes/dlbs
Delhi,Bus Traveling Facility For Visually Impaired/Bus Concession,State,Health & disability,yes,Social welfare & Empowerment,https://www.myscheme.gov.in/schemes/btfvibc
Delhi,Artisan Promotion,State,Not for workers: students & education,no,Business & Entrepreneurship,https://www.myscheme.gov.in/schemes/ap
Delhi,Dilli Swarojgar Yojna,State,"Livelihood, loans & self-employment",yes,Business & Entrepreneurship,https://www.myscheme.gov.in/schemes/dsy
Delhi,Big Loan Scheme,State,Health & disability,yes,Business & Entrepreneurship,https://www.myscheme.gov.in/schemes/bls
Delhi,Subsidy for School Uniforms to the Students,State,Not for workers: students & education,no,Education & Learning,https://www.myscheme.gov.in/schemes/sfsutts
Delhi,Post Matric Scholarship for SC students (Delhi),State,Not for workers: students & education,no,Education & Learning,https://www.myscheme.gov.in/schemes/pmsfssd
Delhi,Delhi Higher & Technical Education Support Scheme,State,Not for workers: students & education,no,Education & Learning,https://www.myscheme.gov.in/schemes/dhtess
Delhi,Jai Bhim Mukhyamantri Pratibha Vikas Yojana,State,Not for workers: students & education,no,Social welfare & Empowerment; Education & Learning,https://www.myscheme.gov.in/schemes/jbmpvy
Delhi,Ex-gratia Payment for the Construction Workers,State,Workers' welfare boards & labour,yes,Social welfare & Empowerment,https://www.myscheme.gov.in/schemes/epcw
Delhi,Financial Assistance for Miscarriage for the Construction Workers,State,Workers' welfare boards & labour,yes,Health & Wellness; Women and Child,https://www.myscheme.gov.in/schemes/famcw
Delhi,Yatra Pass in DTC non AC Buses for the Construction Workers,State,Workers' welfare boards & labour,yes,Social welfare & Empowerment; Transport & Infrastructure,https://www.myscheme.gov.in/schemes/ypidnabftcw
Delhi,Internship Scheme,State,Not for workers: students & education,no,Education & Learning,https://www.myscheme.gov.in/schemes/isdelhi
Delhi,Transport Loan Scheme,State,"Livelihood, loans & self-employment",yes,Transport & Infrastructure; Business & Entrepreneurship,https://www.myscheme.gov.in/schemes/tls-delhi
Delhi,Composite Loan Scheme,State,Health & disability,yes,Business & Entrepreneurship,https://www.myscheme.gov.in/schemes/cls
Delhi,Dr. B. R. Ambedkar State Award To SC/ST/OBC/Minorities Students,State,Not for workers: students & education,no,Social welfare & Empowerment,https://www.myscheme.gov.in/schemes/dbrasa
Delhi,Financial Assistance For Purchase Of Stationery To SC/ST/OBC/Minorities Students,State,Not for workers: students & education,no,Social welfare & Empowerment,https://www.myscheme.gov.in/schemes/fafps
Delhi,Reimbursement of Tution Fee for SC/ST/OBC/Min students in Public Schools in Class I to XII,State,Not for workers: students & education,no,Education & Learning,https://www.myscheme.gov.in/schemes/rotffssipsic
Delhi,The Delhi Family Benefit Scheme,State,"Insurance, accident & death help",yes,Social welfare & Empowerment,https://www.myscheme.gov.in/schemes/tdfbs
Delhi,Incentive for Inter-Caste Marriage Scheme,State,"Women, marriage & maternity",yes,Social welfare & Empowerment,https://www.myscheme.gov.in/schemes/ificms
Delhi,Mukhyamantri Tirth Yatra Yojana - Delhi,State,Other,no,Travel & Tourism,https://www.myscheme.gov.in/schemes/mtyyd
Delhi,Family Pension (DBOCWWB),State,Pensions,yes,Social welfare & Empowerment,https://www.myscheme.gov.in/schemes/fpdbocwwb
Andhra Pradesh,Veda Vyasa Scheme for Vedic Education,State,Not for workers: students & education,no,Education & Learning,https://www.myscheme.gov.in/schemes/vvsve
Andhra Pradesh,Bharati Scheme for Education - 1st Class to 5th Class ,State,Not for workers: students & education,no,Education & Learning; Women and Child,https://www.myscheme.gov.in/schemes/bse
Andhra Pradesh, Garuda Scheme for Funeral Expense,State,"Insurance, accident & death help",yes,Social welfare & Empowerment,https://www.myscheme.gov.in/schemes/gsfe
Andhra Pradesh,Sanction of Adult Sticks to Senior Citizens,State,Other,no,Social welfare & Empowerment,https://www.myscheme.gov.in/schemes/sasss
Andhra Pradesh,Bharati Scheme for Education Professional Education Course - Chartered Accountancy Intern,State,Not for workers: students & education,no,Education & Learning; Women and Child,https://www.myscheme.gov.in/schemes/bsepec-cai
Andhra Pradesh,Bharati Scheme for Education - Graduation,State,Not for workers: students & education,no,Education & Learning; Women and Child,https://www.myscheme.gov.in/schemes/bse-g
Andhra Pradesh,Vocational Training to the Dependents,State,Workers' welfare boards & labour,yes,Skills & Employment,https://www.myscheme.gov.in/schemes/vtd
Andhra Pradesh,INDIRAMMA Widow Pension (Rural),State,Pensions,yes,Social welfare & Empowerment; Women and Child,https://www.myscheme.gov.in/schemes/iwp-andhra
Andhra Pradesh,INDIRAMMA Old Age Pension (Urban),State,Pensions,yes,Social welfare & Empowerment,https://www.myscheme.gov.in/schemes/ioap-u
Andhra Pradesh,Sanction of Motorized Three Wheeler to Orthopedically Challenged,State,Not for workers: students & education,no,Social welfare & Empowerment; Education & Learning,https://www.myscheme.gov.in/schemes/smtwoc
Andhra Pradesh,Chanakya Scheme for Swayam Upadhi,State,Other,no,Business & Entrepreneurship,https://www.myscheme.gov.in/schemes/cssu
Andhra Pradesh,Gayathri Scheme for Academic Excellence,State,Not for workers: students & education,no,Education & Learning,https://www.myscheme.gov.in/schemes/gsae
Andhra Pradesh,Bharati Scheme for Education Professional Education Course - Chartered Accountancy Final,State,Not for workers: students & education,no,Education & Learning,https://www.myscheme.gov.in/schemes/bsepec-caf
Andhra Pradesh,INDIRAMMA Disabled Pension (Rural),State,Pensions,yes,Social welfare & Empowerment,https://www.myscheme.gov.in/schemes/idp-andhra
Andhra Pradesh,"40% Subsidy On Hank Yarn, Dyes & Chemicals Scheme",State,"Livelihood, loans & self-employment",yes,Business & Entrepreneurship,https://www.myscheme.gov.in/schemes/40shydcs
Andhra Pradesh,Sanctioning of Tricycles of Orthopedically Challenged,State,Health & disability,yes,Social welfare & Empowerment,https://www.myscheme.gov.in/schemes/sotooc
Andhra Pradesh,Kashyapa Scheme for Food & Shelter,State,Housing,yes,Social welfare & Empowerment,https://www.myscheme.gov.in/schemes/ksfs
Andhra Pradesh,Sanction of Enhancement of Marriage Incentive Awards for Marriages Between Persons with Differently Abled and Normal Persons,State,"Not for workers: sports, arts, awards",no,Social welfare & Empowerment,https://www.myscheme.gov.in/schemes/semiampdnp
Andhra Pradesh,Providing Artificial Limbs and Other Appliances to Disabled BOC Workers,State,Workers' welfare boards & labour,yes,Social welfare & Empowerment,https://www.myscheme.gov.in/schemes/paloadbocw
Andhra Pradesh,15 Days Skill Up-gradation Training,State,Not for workers: students & education,no,Skills & Employment,https://www.myscheme.gov.in/schemes/15dsugt
Andhra Pradesh,Scheme to Provide Relief in Case of Death or Disability of Registered Building Workers,State,Workers' welfare boards & labour,yes,Social welfare & Empowerment; Health & Wellness,https://www.myscheme.gov.in/schemes/sprcddrbw
Andhra Pradesh,INDIRAMMA Old Age Pension (Rural),State,Pensions,yes,Social welfare & Empowerment,https://www.myscheme.gov.in/schemes/ioap
Andhra Pradesh,INDIRAMMA Widow Pension (Urban),State,Pensions,yes,Social welfare & Empowerment; Women and Child,https://www.myscheme.gov.in/schemes/iwp-urban
Andhra Pradesh,Employee Health Scheme,State,Pensions,yes,Health & Wellness,https://www.myscheme.gov.in/schemes/ehsap
Andhra Pradesh,Sanctioning of Daisy Players to Visually Challenged,State,Not for workers: students & education,no,Social welfare & Empowerment; Education & Learning,https://www.myscheme.gov.in/schemes/sdpvc
Andhra Pradesh,Bhargava Matching Scheme,State,"Livelihood, loans & self-employment",yes,Business & Entrepreneurship; Social welfare & Empowerment,https://www.myscheme.gov.in/schemes/bms
Andhra Pradesh,Sanctioning Spectacles to Senior Citizens,State,Other,no,Social welfare & Empowerment,https://www.myscheme.gov.in/schemes/sstsc
Andhra Pradesh,Bharati Scheme for Education - Intermediate or Equivalent,State,Not for workers: students & education,no,Education & Learning; Women and Child,https://www.myscheme.gov.in/schemes/bse-ie
Andhra Pradesh,Bharati Scheme for Education - Professional Education Course,State,Not for workers: students & education,no,Education & Learning; Women and Child,https://www.myscheme.gov.in/schemes/bse-pec
Andhra Pradesh,Bharati Scheme for Education - Post-Graduation,State,Not for workers: students & education,no,Education & Learning; Women and Child,https://www.myscheme.gov.in/schemes/bse-pg
Andhra Pradesh,Bharati Scheme for Master’s Degree Overseas,State,Not for workers: students & education,no,Education & Learning,https://www.myscheme.gov.in/schemes/bsmdo
Andhra Pradesh,INDIRAMMA Disabled Pension (Urban),State,Pensions,yes,Social welfare & Empowerment,https://www.myscheme.gov.in/schemes/idp-u
Andhra Pradesh,INDIRAMMA Weavers Pension (Rural),State,Pensions,yes,Social welfare & Empowerment,https://www.myscheme.gov.in/schemes/iwp
Andhra Pradesh,Bharati Scheme for Education - 6th Class to 10th Class,State,Not for workers: students & education,no,Education & Learning; Women and Child,https://www.myscheme.gov.in/schemes/bse-6c10c
Andhra Pradesh,Providing Scholarships to Children of BOC Workers,State,Not for workers: students & education,no,Social welfare & Empowerment; Education & Learning,https://www.myscheme.gov.in/schemes/pscbocw
Andhra Pradesh,Scheme for Wage Compensation to Handloom Weaver Families,State,"Livelihood, loans & self-employment",yes,Social welfare & Empowerment; Business & Entrepreneurship,https://www.myscheme.gov.in/schemes/swchwf
Andhra Pradesh,INDIRAMMA Weavers Pension (Urban),State,Pensions,yes,Social welfare & Empowerment,https://www.myscheme.gov.in/schemes/iwp-u
Andhra Pradesh,Marriage Gift Scheme (APBOCWWB),State,Workers' welfare boards & labour,yes,Social welfare & Empowerment; Women and Child,https://www.myscheme.gov.in/schemes/mgsapbocwwb
Andhra Pradesh,Scheme for the Funeral Expenses,State,Workers' welfare boards & labour,yes,Social welfare & Empowerment,https://www.myscheme.gov.in/schemes/sftfe
Andhra Pradesh,Farmer Suicide Ex-Gratia,State,"Insurance, accident & death help",yes,Social welfare & Empowerment,https://www.myscheme.gov.in/schemes/fseg
Andhra Pradesh,Scheme for Relief to the Un-registered Workers,State,Workers' welfare boards & labour,yes,Social welfare & Empowerment,https://www.myscheme.gov.in/schemes/sruw
Andhra Pradesh,Maternity Benefit Scheme (APBOCWWB),State,Workers' welfare boards & labour,yes,Social welfare & Empowerment; Women and Child,https://www.myscheme.gov.in/schemes/mbsapbocwwb
Andhra Pradesh,Payment of Ex-Gratia to the Families of Suicidal Weavers,State,"Insurance, accident & death help",yes,Social welfare & Empowerment,https://www.myscheme.gov.in/schemes/pegfsw
Andhra Pradesh,Pedalandariki Illu,State,Housing,yes,Housing & Shelter,https://www.myscheme.gov.in/schemes/pi
Andhra Pradesh,Chanakya Swayam Upadhi Scheme for Micro Entrepreneurship - Transport Operator,State,"Livelihood, loans & self-employment",yes,Skills & Employment; Social welfare & Empowerment,https://www.myscheme.gov.in/schemes/csusme-to
Andhra Pradesh,Temporary Disability (Hospitalization) Relief Scheme,State,Workers' welfare boards & labour,yes,Social welfare & Empowerment,https://www.myscheme.gov.in/schemes/tdhrs
Andhra Pradesh,Scheme For Waiver Of Loans To Handloom And Powerloom Sector,State,"Livelihood, loans & self-employment",yes,Social welfare & Empowerment,https://www.myscheme.gov.in/schemes/swlhps
Andhra Pradesh,Kalyanamastu Pathakam Scheme - Andhra Pradesh,State,"Women, marriage & maternity",yes,Social welfare & Empowerment,https://www.myscheme.gov.in/schemes/kpsap
Andhra Pradesh,Sanctioning of M.C.R. Chappals to Senior Citizens,State,Other,no,Social welfare & Empowerment,https://www.myscheme.gov.in/schemes/smcrcsc
Andhra Pradesh,National Mission on Edible Oils- Oil Palm,Central,Farmers & agriculture,yes,"Agriculture,Rural & Environment",https://www.myscheme.gov.in/schemes/nmeo-op
Andhra Pradesh,Sanction of Laptops - Andhra Pradesh,State,Not for workers: students & education,no,Social welfare & Empowerment; Education & Learning,https://www.myscheme.gov.in/schemes/solap
Andhra Pradesh,Sanctioning of Touch Phone to Hearing Challenged – Speech Impaired,State,Other,no,Social welfare & Empowerment,https://www.myscheme.gov.in/schemes/stphcsi
Jammu and Kashmir,Residential School For Blinds,State,Not for workers: students & education,no,Housing & Shelter; Social welfare & Empowerment,https://www.myscheme.gov.in/schemes/rsb
Jammu and Kashmir,Mumkin - Livelihood Generation Scheme,State,"Food, LPG & ration",yes,Transport & Infrastructure; Travel & Tourism,https://www.myscheme.gov.in/schemes/mlgs
Jammu and Kashmir,Financial Assistance for Medical (JKBOCWWB),State,Workers' welfare boards & labour,yes,Health & Wellness,https://www.myscheme.gov.in/schemes/fafmjkbocwwb
Jammu and Kashmir,Schooling Education (JKBOCWWB),State,Not for workers: students & education,no,Education & Learning,https://www.myscheme.gov.in/schemes/sejkbocwwb
Jammu and Kashmir,Marriage Assistance (JKBOCWWB),State,Workers' welfare boards & labour,yes,Social welfare & Empowerment,https://www.myscheme.gov.in/schemes/majkbocwwb
Jammu and Kashmir,Integrated Social Security Scheme - Women In Distress,State,Pensions,yes,Social welfare & Empowerment; Women and Child,https://www.myscheme.gov.in/schemes/isss-wid
Jammu and Kashmir,Integrated Social Security Scheme - Pension For Physically Challenged Persons,State,Pensions,yes,Social welfare & Empowerment,https://www.myscheme.gov.in/schemes/isss-ppcp
Jammu and Kashmir,Krishonnati Yojana - Sub Mission On Seed And Planting Material (SMSP),Central,"Livelihood, loans & self-employment",yes,"Agriculture,Rural & Environment",https://www.myscheme.gov.in/schemes/ky-smsp
Jammu and Kashmir,Financial Assistance To The Child Victims Of Violence Under TheNational Foundation For Communal Harmony,State,Pensions,yes,Social welfare & Empowerment; Education & Learning,https://www.myscheme.gov.in/schemes/facvv-nfch
Jammu and Kashmir,Endeavour To Empower-Skill Development,State,"Livelihood, loans & self-employment",yes,Business & Entrepreneurship,https://www.myscheme.gov.in/schemes/eesd
Jammu and Kashmir,Digital J&K Internship Scheme,State,Not for workers: students & education,no,Education & Learning,https://www.myscheme.gov.in/schemes/djkis
Jammu and Kashmir,Indira Gandhi National Old Age Pension Scheme (Jammu and Kashmir),State,Pensions,yes,Social welfare & Empowerment,https://www.myscheme.gov.in/schemes/ignoapsjak
Jammu and Kashmir,Workers for Class 9th to 12th Through National Scholarship (JKBOCWWB),State,Not for workers: students & education,no,Education & Learning,https://www.myscheme.gov.in/schemes/wfctnsjkbocwwb
Jammu and Kashmir,Pradhan Mantri Uchchatar Shiksha Protsahan Yojana - Special Scholarship Scheme for Jammu & Kashmir and Ladakh,Central,Not for workers: students & education,no,Education & Learning,https://www.myscheme.gov.in/schemes/pm-usp-sssjkl
Jammu and Kashmir,HIMAYAT- Deen Dayal Upadhyaya-Grameen Kaushalya Yojana,State,"Livelihood, loans & self-employment",yes,Skills & Employment,https://www.myscheme.gov.in/schemes/himayat
Jammu and Kashmir,Integrated Social Security Scheme - Old Age Pension,State,Pensions,yes,Social welfare & Empowerment,https://www.myscheme.gov.in/schemes/isss-oap
Jammu and Kashmir,Integrated Social Security Scheme - Pension For Transgender,State,Pensions,yes,Social welfare & Empowerment,https://www.myscheme.gov.in/schemes/isss-pot
Jammu and Kashmir,AASRA Scheme,State,Pensions,yes,"Banking,Financial Services and Insurance; Social welfare & Empowerment",https://www.myscheme.gov.in/schemes/aasra
Jammu and Kashmir,Nari Niketans,State,Pensions,yes,Housing & Shelter; Social welfare & Empowerment; Women and Child,https://www.myscheme.gov.in/schemes/nn
Jammu and Kashmir,State Marriage Assistance Scheme For Poor Girls,State,Housing,yes,Social welfare & Empowerment; Women and Child,https://www.myscheme.gov.in/schemes/smaspg
Jammu and Kashmir,Ladies Vocational Centres,State,Not for workers: students & education,no,Skills & Employment; Social welfare & Empowerment; Women and Child,https://www.myscheme.gov.in/schemes/lvc
Jammu and Kashmir,Financial Assistance To Gad-Hanjis,State,"Livelihood, loans & self-employment",yes,Social welfare & Empowerment,https://www.myscheme.gov.in/schemes/fagh
Jammu and Kashmir,Indira Gandhi National Disability Pension Scheme (Jammu and Kashmir),State,Pensions,yes,Social welfare & Empowerment; Health & Wellness,https://www.myscheme.gov.in/schemes/igndpsjak
Jammu and Kashmir,National Family Benefit Scheme (Jammu and Kashmir),State,"Insurance, accident & death help",yes,Social welfare & Empowerment,https://www.myscheme.gov.in/schemes/nfbsjak
Jammu and Kashmir,Professional Education (PEJKBOCWWB),State,Not for workers: students & education,no,Education & Learning,https://www.myscheme.gov.in/schemes/pfjkbocwwb
Jammu and Kashmir,Academic Education (JKBOCWWB),State,Not for workers: students & education,no,Education & Learning,https://www.myscheme.gov.in/schemes/aejkbocwwb
Jammu and Kashmir,Registered BOC Workers in case of an Accidental Death (JKBOCWWB),State,Workers' welfare boards & labour,yes,Social welfare & Empowerment,https://www.myscheme.gov.in/schemes/rbwicoaadjkbocwwb
Jammu and Kashmir,Tejaswini-the Radiant,State,"Food, LPG & ration",yes,Business & Entrepreneurship; Women and Child,https://www.myscheme.gov.in/schemes/ttr
Jammu and Kashmir,Credit Card Scheme For Artisans And Weavers Of Handicrafts And Handloom Sector,State,"Insurance, accident & death help",yes,"Banking,Financial Services and Insurance",https://www.myscheme.gov.in/schemes/cccsaw
Jammu and Kashmir,Prosthetic Aid Scheme,State,Health & disability,yes,Social welfare & Empowerment,https://www.myscheme.gov.in/schemes/pas
Jammu and Kashmir,Bal Ashrams,State,Not for workers: students & education,no,Social welfare & Empowerment; Housing & Shelter,https://www.myscheme.gov.in/schemes/ba
Jammu and Kashmir,Contributory Social Security Scheme,State,Pensions,yes,"Banking,Financial Services and Insurance; Social welfare & Empowerment",https://www.myscheme.gov.in/schemes/csss
Jammu and Kashmir,Spurring Entrepreneurship Initiative,State,"Livelihood, loans & self-employment",yes,Social welfare & Empowerment; Business & Entrepreneurship,https://www.myscheme.gov.in/schemes/sei
Jammu and Kashmir,Financial Assistance to dependents in Case of Death of Registered Workers(JKBOCWWB),State,Workers' welfare boards & labour,yes,Social welfare & Empowerment,https://www.myscheme.gov.in/schemes/fatdicodorw
Jammu and Kashmir,Workers In Case Of Permanent Disablement-JKBOCWWB,State,Workers' welfare boards & labour,yes,Health & Wellness; Social welfare & Empowerment,https://www.myscheme.gov.in/schemes/wicopdjkbocwwb
Jammu and Kashmir, Workers In Case Of His Partial Permanent Disablement-JKBOCWWB,State,Workers' welfare boards & labour,yes,Social welfare & Empowerment,https://www.myscheme.gov.in/schemes/wicohppdjkbocwwb
Jammu and Kashmir,Maternity Benefit For Female Workers- JKBOCWWB,State,Workers' welfare boards & labour,yes,Social welfare & Empowerment; Health & Wellness; Women and Child,https://www.myscheme.gov.in/schemes/mbffwjkbocwwb
Jammu and Kashmir,Registered Construction Worker in case of his/her Natural Death (JKBOCWWB),State,Workers' welfare boards & labour,yes,Social welfare & Empowerment,https://www.myscheme.gov.in/schemes/rcwicohndjkbocwwb
Jammu and Kashmir,Janani Suraksha Yojana (JSY),Central,Health & disability,yes,Health & Wellness; Women and Child,https://www.myscheme.gov.in/schemes/jsy1
Jammu and Kashmir,Revised Education Scheme For Children Of Artisans/Weavers Of Handicrafts And Handloom Departments,State,Not for workers: students & education,no,Education & Learning,https://www.myscheme.gov.in/schemes/rescaw
Jammu and Kashmir,Financial Assistance for Funeral Expenses (JKBOCWWB),State,Workers' welfare boards & labour,yes,Social welfare & Empowerment,https://www.myscheme.gov.in/schemes/fafejkbocwwb
Jammu and Kashmir,Indira Gandhi National Widow Pension Scheme (Jammu and Kashmir),State,Pensions,yes,Social welfare & Empowerment; Women and Child,https://www.myscheme.gov.in/schemes/ignwpsjak
Jammu and Kashmir,Ladli Beti Scheme,State,"Insurance, accident & death help",yes,"Banking,Financial Services and Insurance; Social welfare & Empowerment; Women and Child",https://www.myscheme.gov.in/schemes/lbs
Jammu and Kashmir,Integrated Sheep Development Scheme,State,"Food, LPG & ration",yes,"Agriculture,Rural & Environment",https://www.myscheme.gov.in/schemes/isds
Jammu and Kashmir,Rise Together,State,"Food, LPG & ration",yes,Business & Entrepreneurship,https://www.myscheme.gov.in/schemes/rt
Jammu and Kashmir,Phase-II Of The Grid Connected Rooftop Solar Programme,Central,Other,no,Transport & Infrastructure,https://www.myscheme.gov.in/schemes/gcrsp-p2
Jammu and Kashmir,Karkhandar Scheme For Development Of Craft Sector,State,Not for workers: students & education,no,Skills & Employment,https://www.myscheme.gov.in/schemes/ksdcs
Uttar Pradesh,Shop Construction/Shop Operation Scheme For Rehabilitation Of PwDs,State,Health & disability,yes,Social welfare & Empowerment,https://www.myscheme.gov.in/schemes/scsfr
Uttar Pradesh,Marriage Incentive Reward Scheme,State,Health & disability,yes,Social welfare & Empowerment,https://www.myscheme.gov.in/schemes/mirs
Uttar Pradesh,Surgical Grant For The Prevention Of Disability,State,Health & disability,yes,Social welfare & Empowerment,https://www.myscheme.gov.in/schemes/sgpd
Uttar Pradesh,Marriage Grant Scheme,State,"Women, marriage & maternity",yes,Social welfare & Empowerment,https://www.myscheme.gov.in/schemes/mgs
Uttar Pradesh,Awasiya Vidyala Yojana,State,Housing,yes,Education & Learning,https://www.myscheme.gov.in/schemes/avy
Uttar Pradesh,Laxman Award / Rani Laxmi Bai Award Scheme,State,"Not for workers: sports, arts, awards",no,Sports & Culture,https://www.myscheme.gov.in/schemes/larlbas
Uttar Pradesh,Gambhir Bimari Sahayata Yojana,State,Workers' welfare boards & labour,yes,Health & Wellness,https://www.myscheme.gov.in/schemes/gbsy
Uttar Pradesh,"Matritva, Shishu Evam Baalika Madad Yojana",State,"Women, marriage & maternity",yes,Women and Child; Social welfare & Empowerment,https://www.myscheme.gov.in/schemes/mesy
Uttar Pradesh,Laxman Award / Rani Laxmi Bai Award Scheme- Differently-abled and Posthumously,State,"Not for workers: sports, arts, awards",no,Sports & Culture,https://www.myscheme.gov.in/schemes/larlbasdaap
Uttar Pradesh,Dr. APJ Abdul Kalam Shramik Pravidhik Shiksha Sahaayata Yojana,State,Not for workers: students & education,no,Education & Learning,https://www.myscheme.gov.in/schemes/dapjsss
Uttar Pradesh,Ganesh Shankar Vidyaarthi Shramik Puraskar Rashi Yojana,State,"Not for workers: sports, arts, awards",no,Education & Learning,https://www.myscheme.gov.in/schemes/gsvsps
Uttar Pradesh,SC/ST Pre Matric Scholarship - Uttar Pradesh,State,Not for workers: students & education,no,Education & Learning,https://www.myscheme.gov.in/schemes/pmcup
Uttar Pradesh,OBC Pre Matric Scholarship-Uttar Pradesh,State,Not for workers: students & education,no,Education & Learning,https://www.myscheme.gov.in/schemes/obcpms
Uttar Pradesh,Fee Reimbursement Scheme,State,Not for workers: students & education,no,Social welfare & Empowerment,https://www.myscheme.gov.in/schemes/frs
Uttar Pradesh,Computer Training Scheme,State,"Livelihood, loans & self-employment",yes,Social welfare & Empowerment; Education & Learning,https://www.myscheme.gov.in/schemes/cts
Uttar Pradesh,Artificial Limbs/Assistive Equipments Scheme,State,Health & disability,yes,Social welfare & Empowerment,https://www.myscheme.gov.in/schemes/alaes
Uttar Pradesh,Widow Pension - Uttar Pradesh,State,Pensions,yes,Social welfare & Empowerment,https://www.myscheme.gov.in/schemes/wpup
Uttar Pradesh,Atal Awasiya Vidyala Yojana,State,Housing,yes,Education & Learning,https://www.myscheme.gov.in/schemes/aavy
Uttar Pradesh,General Pre Matric Scholarship-Uttar Pradesh,State,Not for workers: students & education,no,Education & Learning,https://www.myscheme.gov.in/schemes/gpmsup
Uttar Pradesh,Berojgari Bhatta Yojna,State,"Livelihood, loans & self-employment",yes,Social welfare & Empowerment,https://www.myscheme.gov.in/schemes/bby
Uttar Pradesh,Pre-Matric Scholarship,State,Not for workers: students & education,no,Education & Learning,https://www.myscheme.gov.in/schemes/pmrs
Uttar Pradesh,Uttar Pradesh Old Age Pension Scheme,State,Pensions,yes,Social welfare & Empowerment,https://www.myscheme.gov.in/schemes/upoaps
Uttar Pradesh,Post-matric Scholarship Scheme- Uttar Pradesh,State,Not for workers: students & education,no,Education & Learning,https://www.myscheme.gov.in/schemes/mpss
Uttar Pradesh,Uttar Pradesh Mukhyamantri Bal Seva Yojana (Genearal),State,Other,no,Women and Child; Social welfare & Empowerment,https://www.myscheme.gov.in/schemes/upmbsyg
Uttar Pradesh,Sant Ravidaas Shiksha Protsaahan Yojana ,State,Not for workers: students & education,no,Education & Learning,https://www.myscheme.gov.in/schemes/srspy
Uttar Pradesh,Shauchalaya Sahayata Yojana,State,Workers' welfare boards & labour,yes,Social welfare & Empowerment,https://www.myscheme.gov.in/schemes/ssyup
Uttar Pradesh,Financial Assistance to Former Sports Person of UP,State,"Not for workers: sports, arts, awards",no,Sports & Culture; Social welfare & Empowerment,https://www.myscheme.gov.in/schemes/fafspup
Uttar Pradesh,Chetan Chauhan Labor Sports Promotion Scheme,State,"Not for workers: sports, arts, awards",no,Sports & Culture,https://www.myscheme.gov.in/schemes/ccskpy
Uttar Pradesh,Kanya Sumangala Yojana,State,Other,no,Social welfare & Empowerment; Women and Child,https://www.myscheme.gov.in/schemes/ksy
Uttar Pradesh,Leprosy Pension Scheme,State,Pensions,yes,Social welfare & Empowerment,https://www.myscheme.gov.in/schemes/lpsup
Uttar Pradesh,Divyang Pension Yojana,State,Pensions,yes,Social welfare & Empowerment,https://www.myscheme.gov.in/schemes/dpyup
Uttar Pradesh,Kaushal Vikas Yojana,State,"Livelihood, loans & self-employment",yes,Education & Learning,https://www.myscheme.gov.in/schemes/kvy
Uttar Pradesh,Free Motorized Tricycle Scheme for Persons with Disabilities,State,Health & disability,yes,Social welfare & Empowerment,https://www.myscheme.gov.in/schemes/fmtsfpwd
Uttar Pradesh,Mahadevi Verma Shramik Pustak Kraya Dhan Yojana,State,Not for workers: students & education,no,Education & Learning,https://www.myscheme.gov.in/schemes/mvspkdpy
Uttar Pradesh,Mukhyamantri Svadeshi Gau Samvardhan Yojana,State,"Livelihood, loans & self-employment",yes,"Agriculture,Rural & Environment; Women and Child; Skills & Employment",https://www.myscheme.gov.in/schemes/msgsy
Uttar Pradesh,Mukhyamantri Pragatishil Pashupalak Protsahan Yojana,State,Farmers & agriculture,yes,"Agriculture,Rural & Environment",https://www.myscheme.gov.in/schemes/mpppy
Uttar Pradesh,Janani Suraksha Yojana (JSY),Central,Health & disability,yes,Health & Wellness; Women and Child,https://www.myscheme.gov.in/schemes/jsy1
Uttar Pradesh,Krishak Durghatna Kalyan Yojana,State,"Insurance, accident & death help",yes,"Agriculture,Rural & Environment",https://www.myscheme.gov.in/schemes/kdky
Uttar Pradesh,Dattopant Thengadi Mratak Shramik Aarthik Sahayata Yojana,State,Workers' welfare boards & labour,yes,Social welfare & Empowerment,https://www.myscheme.gov.in/schemes/dtlfas
Uttar Pradesh,Kanya Vivah Sahayta Yojana,State,"Women, marriage & maternity",yes,Social welfare & Empowerment,https://www.myscheme.gov.in/schemes/kvsy
Uttar Pradesh,Panchayat Kalyan Kosh,State,"Insurance, accident & death help",yes,Social welfare & Empowerment,https://www.myscheme.gov.in/schemes/pkk
Uttar Pradesh,National Family Benefit Scheme - Uttar Pradesh,State,Other,no,Social welfare & Empowerment,https://www.myscheme.gov.in/schemes/nfbsup
Uttar Pradesh,Nirmaan Kamgar Mrtyu Va Divyangta Sahayta Yojana ,State,Health & disability,yes,Health & Wellness,https://www.myscheme.gov.in/schemes/nkmds
Uttar Pradesh,Shravan Kumar Shramik Parivar Tirth Yatra Yojana,State,Workers' welfare boards & labour,yes,Social welfare & Empowerment; Transport & Infrastructure,https://www.myscheme.gov.in/schemes/sksptyy
Uttar Pradesh,Raja Harishachandra Shramik Mratak Antyeshti Sahayata Yojana,State,Workers' welfare boards & labour,yes,Social welfare & Empowerment,https://www.myscheme.gov.in/schemes/rhsmas
Uttar Pradesh,Jyotiba Phule Shramik Kanyadan Yojana,State,Workers' welfare boards & labour,yes,Social welfare & Empowerment,https://www.myscheme.gov.in/schemes/jpsky
Uttar Pradesh,Mukhyamantri Samuhik Vivah Yojana,State,Other,no,Social welfare & Empowerment,https://www.myscheme.gov.in/schemes/msvy
Arunachal Pradesh,Cash Award (APB&OCWWB),State,"Not for workers: sports, arts, awards",no,Social welfare & Empowerment; Education & Learning,https://www.myscheme.gov.in/schemes/caapbandocwwb
Arunachal Pradesh,Medical Assistance (APB&OCWWB),State,Workers' welfare boards & labour,yes,Health & Wellness,https://www.myscheme.gov.in/schemes/maapbandocwwb
Arunachal Pradesh,Chief Minister’s Free Cancer Chemotherapy Scheme,State,Health & disability,yes,Health & Wellness,https://www.myscheme.gov.in/schemes/cmfccs
Arunachal Pradesh,Arunachal Pradesh State Stipend Scheme,State,Not for workers: students & education,no,Education & Learning; Social welfare & Empowerment,https://www.myscheme.gov.in/schemes/sasstsap
Arunachal Pradesh,Chief Minister’s Yuva Kaushal Yojana,State,Not for workers: students & education,no,Skills & Employment,https://www.myscheme.gov.in/schemes/cm-yky
Arunachal Pradesh,Cluster Nutritional Kitchen Garden Scheme,State,Farmers & agriculture,yes,"Agriculture,Rural & Environment",https://www.myscheme.gov.in/schemes/cnkgs
Arunachal Pradesh,Advance For Purchase Or Construction Of House (APB&OCWWB),State,Workers' welfare boards & labour,yes,Social welfare & Empowerment,https://www.myscheme.gov.in/schemes/apchapbandocwwb
Arunachal Pradesh,Arun Pig Development Scheme,State,"Livelihood, loans & self-employment",yes,"Agriculture,Rural & Environment",https://www.myscheme.gov.in/schemes/apds
Arunachal Pradesh,Atma Nirbhar Krishi Yojana,State,Farmers & agriculture,yes,"Agriculture,Rural & Environment",https://www.myscheme.gov.in/schemes/anky
Arunachal Pradesh,Atma Nirbhar Matsya Palan Yojana,State,"Livelihood, loans & self-employment",yes,"Agriculture,Rural & Environment; Banking,Financial Services and Insurance",https://www.myscheme.gov.in/schemes/anmpy
Arunachal Pradesh,Integrated Scheme for Export Promotion & Quality Improvement in Spices and Research and Development of Cardamom: Export Oriented Production:Large Cardamom Replanting/New planting (Ha),Central,Farmers & agriculture,yes,"Agriculture,Rural & Environment",https://www.myscheme.gov.in/schemes/isfepqiisaradoceoplcrnp
Arunachal Pradesh,Chief Minister's Krishi Rinn Yojana,State,"Livelihood, loans & self-employment",yes,"Agriculture,Rural & Environment; Banking,Financial Services and Insurance",https://www.myscheme.gov.in/schemes/cmkry
Arunachal Pradesh,Chief Minister’s Shasakt Kisan Yojana,State,"Food, LPG & ration",yes,"Agriculture,Rural & Environment",https://www.myscheme.gov.in/schemes/cm-sky
Arunachal Pradesh,Girl Students Health & Hygiene Scheme,State,Not for workers: students & education,no,Health & Wellness; Women and Child,https://www.myscheme.gov.in/schemes/gshhs
Arunachal Pradesh,Atma Nirbhar Plantation Yojana,State,"Insurance, accident & death help",yes,"Agriculture,Rural & Environment; Banking,Financial Services and Insurance",https://www.myscheme.gov.in/schemes/anpyap
Arunachal Pradesh,Mid Day Meals Scheme,State,Not for workers: students & education,no,Education & Learning,https://www.myscheme.gov.in/schemes/mdmss
Arunachal Pradesh,Old Age Pension Scheme (APB&OCWWB),State,Pensions,yes,Social welfare & Empowerment,https://www.myscheme.gov.in/schemes/oapsapbandocwwb
Arunachal Pradesh,Chief Minister’s Scheme For Wood Carving Artists,State,Not for workers: honour & service pensions,no,Skills & Employment; Business & Entrepreneurship,https://www.myscheme.gov.in/schemes/cmswca
Arunachal Pradesh,State Programme For Rehabilitation Of Persons With Disabilities,State,Health & disability,yes,Social welfare & Empowerment,https://www.myscheme.gov.in/schemes/sprpd
Arunachal Pradesh,Deen Dayal Upadhyaya Bunkar Yojana,State,"Livelihood, loans & self-employment",yes,Business & Entrepreneurship; Women and Child,https://www.myscheme.gov.in/schemes/dduby
Arunachal Pradesh,Atma Nirbhar Bagwani Yojana,State,"Livelihood, loans & self-employment",yes,"Agriculture,Rural & Environment",https://www.myscheme.gov.in/schemes/anby
Arunachal Pradesh,Financial Support To The Students Of N.E.R For Higher Professional Courses (NEC Merit Scholarship),Central,Not for workers: students & education,no,Education & Learning,https://www.myscheme.gov.in/schemes/necms
Arunachal Pradesh,Vidya Scheme,State,Not for workers: students & education,no,Education & Learning; Women and Child,https://www.myscheme.gov.in/schemes/vidya
Arunachal Pradesh,Financial Assistance For Marriage (APB&OCWWB),State,Workers' welfare boards & labour,yes,Social welfare & Empowerment,https://www.myscheme.gov.in/schemes/famapbandocwwb
Arunachal Pradesh,Chief Minister’s Paryatan Siksha Yojana,State,Other,no,Travel & Tourism; Education & Learning,https://www.myscheme.gov.in/schemes/cmpsy
Arunachal Pradesh,Maternity Benefit Scheme (APB&OCWWB),State,Workers' welfare boards & labour,yes,Health & Wellness; Social welfare & Empowerment; Women and Child,https://www.myscheme.gov.in/schemes/mbsapbandocwwb
Arunachal Pradesh,“Ishan Uday” Special Scholarship Scheme For North Eastern Region,Central,Not for workers: students & education,no,Education & Learning,https://www.myscheme.gov.in/schemes/iu-sss-ner
Arunachal Pradesh,Dulari Kanya,State,"Women, marriage & maternity",yes,Social welfare & Empowerment; Women and Child,https://www.myscheme.gov.in/schemes/dk
Arunachal Pradesh,Northeast BPO Promotion Scheme,Central,"Livelihood, loans & self-employment",yes,Business & Entrepreneurship; Skills & Employment,https://www.myscheme.gov.in/schemes/nebps
Arunachal Pradesh,Uttar Poorva Transformative Industrialization Scheme,Central,Other,no,Business & Entrepreneurship,https://www.myscheme.gov.in/schemes/unnatidpiit
Arunachal Pradesh,Death Benefit Scheme (APB&OCWWB),State,Workers' welfare boards & labour,yes,Social welfare & Empowerment,https://www.myscheme.gov.in/schemes/dbsapbandocwwb
Arunachal Pradesh,Funeral Financial Assistant (APB&OCWWB),State,Workers' welfare boards & labour,yes,Social welfare & Empowerment,https://www.myscheme.gov.in/schemes/ffaapbandocwwb
Arunachal Pradesh,Chief Minister Arogya Arunachal Yojana,State,Health & disability,yes,Health & Wellness,https://www.myscheme.gov.in/schemes/cmaay
Arunachal Pradesh,AICTE - Grant For Augmenting Infrastructure In North Eastern Region,Central,Other,no,Education & Learning; Transport & Infrastructure,https://www.myscheme.gov.in/schemes/a-gainer
Arunachal Pradesh,Chief Minister’s Agriculture Mechanisation Programme,State,"Food, LPG & ration",yes,"Agriculture,Rural & Environment",https://www.myscheme.gov.in/schemes/cmamp
Arunachal Pradesh,Deen Dayal Upadhyaya Swawlamban Yojana,State,"Livelihood, loans & self-employment",yes,Business & Entrepreneurship,https://www.myscheme.gov.in/schemes/ddusy
Arunachal Pradesh,Chief Minister’s Paryatan Vikas Yojana,State,Other,no,Travel & Tourism,https://www.myscheme.gov.in/schemes/cmpvy
Arunachal Pradesh,Crop Cluster Development Programme,State,"Livelihood, loans & self-employment",yes,"Agriculture,Rural & Environment",https://www.myscheme.gov.in/schemes/ccdp
Arunachal Pradesh,Chief Minister’s Krishi Samuh Yojana,State,Farmers & agriculture,yes,"Agriculture,Rural & Environment",https://www.myscheme.gov.in/schemes/cmksy
Arunachal Pradesh,Chief Minister's Adarsh Gram Yoiana 2017,State,Not for workers: students & education,no,Housing & Shelter; Social welfare & Empowerment,https://www.myscheme.gov.in/schemes/cmagy
Arunachal Pradesh,District Innovation And Challenge Fund,State,Other,no,Transport & Infrastructure; Utility & Sanitation,https://www.myscheme.gov.in/schemes/dicf
Arunachal Pradesh,Chief Minister’s White Revolutions Scheme,State,"Livelihood, loans & self-employment",yes,"Agriculture,Rural & Environment",https://www.myscheme.gov.in/schemes/cmwrs
Arunachal Pradesh,Atma Nirbhar Pashu Palan Yojana,State,"Livelihood, loans & self-employment",yes,"Agriculture,Rural & Environment; Banking,Financial Services and Insurance",https://www.myscheme.gov.in/schemes/anppy
Arunachal Pradesh,National Mission on Edible Oils- Oil Palm,Central,Farmers & agriculture,yes,"Agriculture,Rural & Environment",https://www.myscheme.gov.in/schemes/nmeo-op
Arunachal Pradesh,Arunachal Pradesh Entrepreneurship Challenge,State,"Not for workers: sports, arts, awards",no,Business & Entrepreneurship; Skills & Employment,https://www.myscheme.gov.in/schemes/apepc
Tripura,Mukhyamantri Yuba Yogayog Yojana-Special,State,Not for workers: students & education,no,Education & Learning,https://www.myscheme.gov.in/schemes/myyyt
Tripura,Scheme for Pension Benefits to the Journalists/Photojournalists,State,"Not for workers: sports, arts, awards",no,Social welfare & Empowerment; Skills & Employment,https://www.myscheme.gov.in/schemes/sfpbttjp
Tripura,Mukhyamantri Sports Development Scheme - Retired Person,State,"Not for workers: sports, arts, awards",no,Skills & Employment,https://www.myscheme.gov.in/schemes/msdsrp
Tripura,Lakshya Scheme,State,Not for workers: students & education,no,Education & Learning,https://www.myscheme.gov.in/schemes/ls
Tripura,Scheme for Funeral Assistance in Case of Death of Registered Construction Worker,State,Workers' welfare boards & labour,yes,Social welfare & Empowerment,https://www.myscheme.gov.in/schemes/sfacdrcw
Tripura,Scheme For Loan And Advances to the Beneficiary For Construction Of House,State,Workers' welfare boards & labour,yes,Housing & Shelter,https://www.myscheme.gov.in/schemes/slabch
Tripura,Mukhyamantri Samajik Sahayata Prakalpa - Unorganized Workers,State,Pensions,yes,Social welfare & Empowerment,https://www.myscheme.gov.in/schemes/mssp-uw
Tripura,Pension Scheme for Grade II Deformed Leprosy Patients,State,Pensions,yes,Health & Wellness; Social welfare & Empowerment,https://www.myscheme.gov.in/schemes/psfgdlp
Tripura,Pension Scheme for Cancer Patients,State,Pensions,yes,Health & Wellness; Social welfare & Empowerment,https://www.myscheme.gov.in/schemes/pscp
Tripura,"""SUPER 30"" Scheme",State,Not for workers: students & education,no,Education & Learning,https://www.myscheme.gov.in/schemes/s30s
Tripura,Disability Benefit Who Met With an Accident at Worksite,State,Workers' welfare boards & labour,yes,Social welfare & Empowerment,https://www.myscheme.gov.in/schemes/dbwmwaaaw
Tripura,Integrated Scheme for Export Promotion & Quality Improvement in Spices and Research and Development of Cardamom: Export Oriented Production:Large Cardamom Replanting/New planting (Ha),Central,Farmers & agriculture,yes,"Agriculture,Rural & Environment",https://www.myscheme.gov.in/schemes/isfepqiisaradoceoplcrnp
Tripura,Tripura Industrial Investment Promotion Incentive,State,Other,no,Business & Entrepreneurship,https://www.myscheme.gov.in/schemes/tipii
Tripura,Pension Scheme for Transgender,State,Pensions,yes,Social welfare & Empowerment,https://www.myscheme.gov.in/schemes/psft
Tripura,Mukhyamantri Samajik Sahayata Prakalpa - Vulnerable Women ,State,Pensions,yes,Social welfare & Empowerment; Women and Child,https://www.myscheme.gov.in/schemes/mssp-vm
Tripura,Allowance for 100% Blind,State,Pensions,yes,Social welfare & Empowerment,https://www.myscheme.gov.in/schemes/tpsftbp
Tripura,Honorarium for Pradhan Samajpatis of Indigenous Tribal Community,State,Other,no,Social welfare & Empowerment,https://www.myscheme.gov.in/schemes/hpsitc
Tripura,60% and above Disability Allowances,State,Pensions,yes,Social welfare & Empowerment,https://www.myscheme.gov.in/schemes/da-60ada
Tripura,Pension to the Persons who lost 100% eye sight,State,Pensions,yes,Social welfare & Empowerment,https://www.myscheme.gov.in/schemes/pfeslpbtac
Tripura,Pension Benefit (TBOCWW),State,Not for workers: honour & service pensions,no,Social welfare & Empowerment,https://www.myscheme.gov.in/schemes/pb-tbocww
Tripura,Mahila Nirman Shramik Vivah Yojana,State,Workers' welfare boards & labour,yes,Social welfare & Empowerment; Women and Child,https://www.myscheme.gov.in/schemes/mnsvy
Tripura,One Time Financial Support for Economically Weaker Meritorious ST Students,State,Not for workers: students & education,no,Education & Learning,https://www.myscheme.gov.in/schemes/otfs-t
Tripura,Mukhyamantri Matrupushti Uphar,State,Health & disability,yes,Women and Child; Social welfare & Empowerment; Health & Wellness,https://www.myscheme.gov.in/schemes/mmus
Tripura,Tripura Journalist Health Insurance Scheme,State,Not for workers: honour & service pensions,no,Health & Wellness,https://www.myscheme.gov.in/schemes/tjhis
Tripura,Mukhyamantri Konya Atmonirbhor Yojana,State,Not for workers: students & education,no,Women and Child; Education & Learning,https://www.myscheme.gov.in/schemes/mkay
Tripura,Financial Assistance for Education of Children of Registered Construction Worker,State,Not for workers: students & education,no,Education & Learning; Women and Child,https://www.myscheme.gov.in/schemes/faecrcw
Tripura,Financial Support To The Students Of N.E.R For Higher Professional Courses (NEC Merit Scholarship),Central,Not for workers: students & education,no,Education & Learning,https://www.myscheme.gov.in/schemes/necms
Tripura,Boarding House Stipend Scheme (Tripura Govt.),State,Not for workers: students & education,no,Social welfare & Empowerment; Housing & Shelter,https://www.myscheme.gov.in/schemes/bhsstg
Tripura,Mukhyamantri Sports Development Scheme - Unemployed Young Professional Sportsperson,State,"Not for workers: sports, arts, awards",no,Skills & Employment,https://www.myscheme.gov.in/schemes/msdsuyps
Tripura,Scheme for Maternity Benefit,State,"Women, marriage & maternity",yes,Social welfare & Empowerment; Women and Child,https://www.myscheme.gov.in/schemes/sfmb
Tripura,Scheme for Financial Assistance in Case of Death,State,Workers' welfare boards & labour,yes,Social welfare & Empowerment,https://www.myscheme.gov.in/schemes/sfacd
Tripura,Self-Certification Scheme,State,"Livelihood, loans & self-employment",yes,"Business & Entrepreneurship; Public Safety,Law & Justice; Skills & Employment",https://www.myscheme.gov.in/schemes/scs
Tripura,“Ishan Uday” Special Scholarship Scheme For North Eastern Region,Central,Not for workers: students & education,no,Education & Learning,https://www.myscheme.gov.in/schemes/iu-sss-ner
Tripura,Mukhyamantri Samajik Sahayata Prakalpa - Persons with Disabilities,State,Pensions,yes,Social welfare & Empowerment,https://www.myscheme.gov.in/schemes/mssp-pws
Tripura,Mukhyamantri Samajik Sahayata Prakalpa - Old and Infirm,State,Pensions,yes,Social welfare & Empowerment,https://www.myscheme.gov.in/schemes/mssp-oai
Tripura,Northeast BPO Promotion Scheme,Central,"Livelihood, loans & self-employment",yes,Business & Entrepreneurship; Skills & Employment,https://www.myscheme.gov.in/schemes/nebps
Tripura,Uttar Poorva Transformative Industrialization Scheme,Central,Other,no,Business & Entrepreneurship,https://www.myscheme.gov.in/schemes/unnatidpiit
Tripura,Tripura Lynching/Mob Violence Victim Compensation Scheme,State,Other,no,"Public Safety,Law & Justice",https://www.myscheme.gov.in/schemes/tlmvvcs
Tripura,Tripura Scheme For Incentive To Girl Child,State,"Women, marriage & maternity",yes,Social welfare & Empowerment; Women and Child,https://www.myscheme.gov.in/schemes/tsigc
Tripura,Madhyamik Drop-out Coaching,State,Not for workers: students & education,no,Education & Learning; Social welfare & Empowerment,https://www.myscheme.gov.in/schemes/mdoc
Tripura,AICTE - Grant For Augmenting Infrastructure In North Eastern Region,Central,Other,no,Education & Learning; Transport & Infrastructure,https://www.myscheme.gov.in/schemes/a-gainer
Tripura,"The Tripura Tribal Folk Arts & Cultural (Financial Assistance) Rules, 2022",State,"Not for workers: sports, arts, awards",no,Sports & Culture; Social welfare & Empowerment,https://www.myscheme.gov.in/schemes/ttfacfar-2022
Tripura,New Generation Innovation Network,State,Not for workers: students & education,no,Transport & Infrastructure,https://www.myscheme.gov.in/schemes/ngin
Tripura,National Mission on Edible Oils- Oil Palm,Central,Farmers & agriculture,yes,"Agriculture,Rural & Environment",https://www.myscheme.gov.in/schemes/nmeo-op
Punjab,Direct Lending Scheme,State,"Insurance, accident & death help",yes,"Banking,Financial Services and Insurance; Social welfare & Empowerment",https://www.myscheme.gov.in/schemes/dls-punjab
Punjab,Mukhmantri Sehat Bima Yojana,State,"Insurance, accident & death help",yes,Health & Wellness,https://www.myscheme.gov.in/schemes/mmsby
Punjab,Skill Upgradation and Vocational Education Scheme: For Worker (P.B.O.C.W.W.B),State,Workers' welfare boards & labour,yes,Education & Learning,https://www.myscheme.gov.in/schemes/suvesfwpbocwwb
Punjab,Indira Gandhi National Old Age Pension Scheme (Punjab),State,Pensions,yes,Social welfare & Empowerment,https://www.myscheme.gov.in/schemes/ignoapsp
Punjab,Indira Gandhi National Disability Pension Scheme (Punjab),State,Pensions,yes,Social welfare & Empowerment,https://www.myscheme.gov.in/schemes/igndpsp
Punjab,Indira Gandhi National Widow Pension Scheme (Punjab),State,Pensions,yes,Social welfare & Empowerment; Women and Child,https://www.myscheme.gov.in/schemes/ignwpsp
Punjab,Ashirwad,State,"Women, marriage & maternity",yes,Social welfare & Empowerment; Women and Child,https://www.myscheme.gov.in/schemes/asd
Punjab,Scheme of Pension for Eminent Sports Persons,State,"Not for workers: sports, arts, awards",no,"Sports & Culture; Banking,Financial Services and Insurance",https://www.myscheme.gov.in/schemes/spesp
Punjab,Post Matric Scholarship For Scheduled Caste,State,Not for workers: students & education,no,Social welfare & Empowerment,https://www.myscheme.gov.in/schemes/pmssc
Punjab,Bank Tie-Up Scheme,State,"Insurance, accident & death help",yes,"Banking,Financial Services and Insurance; Social welfare & Empowerment",https://www.myscheme.gov.in/schemes/btus
Punjab,Dependent Children Pension Scheme - Punjab,State,Pensions,yes,Social welfare & Empowerment,https://www.myscheme.gov.in/schemes/dcps
Punjab,The Punjab Financial Assistance to Acid Victims Scheme,State,Health & disability,yes,Women and Child; Social welfare & Empowerment,https://www.myscheme.gov.in/schemes/pfaavs
Punjab,Punjab Farm Tourism Scheme,State,"Not for workers: sports, arts, awards",no,Travel & Tourism,https://www.myscheme.gov.in/schemes/pfts
Punjab,Ex-gratia Scheme: Disability Compensation (P.B.O.C.W.W.B),State,Workers' welfare boards & labour,yes,Social welfare & Empowerment,https://www.myscheme.gov.in/schemes/egsdcppbocwwb
Punjab,Scholarships to Students with Disabilities Scheme,State,Not for workers: students & education,no,Education & Learning,https://www.myscheme.gov.in/schemes/ssds-punjab
Punjab,Mai Bhago Vidya Scheme,State,Not for workers: students & education,no,Social welfare & Empowerment; Women and Child,https://www.myscheme.gov.in/schemes/mbvs
Punjab,Bebe Nanki Laadli Beti Kalyan Scheme,State,Other,no,Social welfare & Empowerment; Women and Child,https://www.myscheme.gov.in/schemes/bnlbks
Punjab,Widow / Destitute Women Pension Scheme - Punjab,State,Pensions,yes,Social welfare & Empowerment; Women and Child,https://www.myscheme.gov.in/schemes/wdwps
Punjab,Old Age Pension Scheme - Punjab,State,Pensions,yes,Social welfare & Empowerment,https://www.myscheme.gov.in/schemes/oapsp
Punjab,Concessional Bus Travel Facility to Women above 60 years of age- Punjab,State,"Food, LPG & ration",yes,Social welfare & Empowerment; Travel & Tourism; Women and Child,https://www.myscheme.gov.in/schemes/cbtfw60ya-p
Punjab,Old Age Pension Scheme (P.B.O.C.W.W.B),State,Pensions,yes,Social welfare & Empowerment,https://www.myscheme.gov.in/schemes/oapspbocwwb
Punjab,Reimbursement of Expenditure for Occupational Diseases (P.B.O.C.W.W.B),State,Workers' welfare boards & labour,yes,Health & Wellness,https://www.myscheme.gov.in/schemes/reodpbocwwb
Punjab,Disabled Person Pension Scheme - Punjab,State,Pensions,yes,Social welfare & Empowerment,https://www.myscheme.gov.in/schemes/dpps
Punjab,Bed & Breakfast/Homestay Scheme- Punjab,State,"Not for workers: sports, arts, awards",no,Travel & Tourism,https://www.myscheme.gov.in/schemes/bbhs
Punjab,Leave Travelling Concession Scheme (P.B.O.C.W.W.B),State,Workers' welfare boards & labour,yes,Social welfare & Empowerment,https://www.myscheme.gov.in/schemes/ltcpbocwwb
Punjab,Tool Kit Scheme (P.B.O.C.W.W.B),State,Workers' welfare boards & labour,yes,Business & Entrepreneurship,https://www.myscheme.gov.in/schemes/tkspbocwwb
Punjab,Attendance Scholarship Scheme for Girl Students with Disabilities of Rural Areas,State,Not for workers: students & education,no,Education & Learning; Women and Child,https://www.myscheme.gov.in/schemes/assgsdra
Punjab,Stipend Scheme (P.B.O.C.W.W.B),State,Not for workers: students & education,no,Education & Learning,https://www.myscheme.gov.in/schemes/sspboceeb
Punjab,Shagun Scheme (P.B.O.C.W.W.B),State,Workers' welfare boards & labour,yes,Social welfare & Empowerment,https://www.myscheme.gov.in/schemes/sspbocwwb
Punjab,General Surgery Scheme (P.B.O.C.W.W.B),State,Workers' welfare boards & labour,yes,Health & Wellness,https://www.myscheme.gov.in/schemes/gsspbocwwb
Punjab,Cycle Scheme for the Children of Construction Workers (P.B.O.C.W.W.B),State,Workers' welfare boards & labour,yes,Social welfare & Empowerment,https://www.myscheme.gov.in/schemes/csccwpbocwwb
Punjab,Urban Health Kiosk Scheme (P.B.O.C.W.W.B),State,Workers' welfare boards & labour,yes,Health & Wellness,https://www.myscheme.gov.in/schemes/uhkspbocwwb
Punjab,Mobile Lab Scheme (P.B.O.C.W.W.B),State,Workers' welfare boards & labour,yes,Health & Wellness,https://www.myscheme.gov.in/schemes/mlsp
Punjab,"Denture, Spectacles & Hearing Aid Scheme (P.B.O.C.W.W.B)",State,Workers' welfare boards & labour,yes,Health & Wellness,https://www.myscheme.gov.in/schemes/dshaspbocwwb
Punjab,Family/ Widow Pension Scheme (P.B.O.C.W.W.B),State,Pensions,yes,Social welfare & Empowerment,https://www.myscheme.gov.in/schemes/fwpspbocwwb
Punjab,National Family Benefit Scheme (Punjab),State,Pensions,yes,Social welfare & Empowerment,https://www.myscheme.gov.in/schemes/nfbsp
Punjab,Permanent Disability Pension Scheme (P.B.O.C.W.W.B),State,Pensions,yes,Social welfare & Empowerment,https://www.myscheme.gov.in/schemes/pdpspbocwwb
Punjab,Skill Upgradation and Vocational Education Scheme: For Worker's Childrens (P.B.O.C.W.W.B),State,Workers' welfare boards & labour,yes,Education & Learning,https://www.myscheme.gov.in/schemes/suvesfwcpbocwwb
Punjab,Maternity Benefit Scheme (P.B.O.C.W.W.B),State,Workers' welfare boards & labour,yes,Health & Wellness,https://www.myscheme.gov.in/schemes/mbspbocwwb
Punjab,Mentally Retarded Children Benefit Scheme (P.B.O.C.W.W.B),State,Workers' welfare boards & labour,yes,Health & Wellness,https://www.myscheme.gov.in/schemes/mrcbspbocwwb
Punjab,Balri Birth Gift Scheme (P.B.O.C.W.W.B),State,Workers' welfare boards & labour,yes,Social welfare & Empowerment,https://www.myscheme.gov.in/schemes/bbgspbocwwb
Manipur,Chief Ministergi Artistesinggi Tengbang (CMAT): Support For Purchase Of Instruments / Equipment,State,Not for workers: students & education,no,Sports & Culture; Social welfare & Empowerment,https://www.myscheme.gov.in/schemes/cmat-spie
Manipur,IMA Nongthangleima Yaipha Tengbang Scheme,State,"Women, marriage & maternity",yes,Social welfare & Empowerment; Women and Child,https://www.myscheme.gov.in/schemes/inyts
Manipur,Financial Assistance for Education of Children of Beneficiary,State,Workers' welfare boards & labour,yes,Education & Learning,https://www.myscheme.gov.in/schemes/faecb
Manipur,Loans and Advances for Construction of a House,State,Workers' welfare boards & labour,yes,Housing & Shelter,https://www.myscheme.gov.in/schemes/lach
Manipur,Financial Assistance To Poor & Needy Widow Women,State,"Women, marriage & maternity",yes,Social welfare & Empowerment; Women and Child,https://www.myscheme.gov.in/schemes/fapnw
Manipur,Chief Ministergi Shotharabasingi Tengbang (CMST): Scholarship Of Students With Disabilities,State,Not for workers: students & education,no,Social welfare & Empowerment; Education & Learning,https://www.myscheme.gov.in/schemes/cmstsswd
Manipur,Chief Ministergi Artistesinggi Tengbang (CMAT) – Artiste’s Pension,State,"Not for workers: sports, arts, awards",no,Sports & Culture; Social welfare & Empowerment,https://www.myscheme.gov.in/schemes/cmat-ap
Manipur,Maternity Benefit to the Female Beneficiary,State,Workers' welfare boards & labour,yes,Social welfare & Empowerment; Women and Child,https://www.myscheme.gov.in/schemes/mbttfb
Manipur,Integrated Scheme for Export Promotion & Quality Improvement in Spices and Research and Development of Cardamom: Export Oriented Production:Large Cardamom Replanting/New planting (Ha),Central,Farmers & agriculture,yes,"Agriculture,Rural & Environment",https://www.myscheme.gov.in/schemes/isfepqiisaradoceoplcrnp
Manipur,Super IAS 500 Scholarship Manipur,State,Not for workers: students & education,no,Education & Learning,https://www.myscheme.gov.in/schemes/alsias
Manipur,State Merit Scholarship Manipur,State,Not for workers: students & education,no,Education & Learning,https://www.myscheme.gov.in/schemes/smsm
Manipur,Incentive Award For Marriage With Disabled Person,State,"Not for workers: sports, arts, awards",no,Social welfare & Empowerment,https://www.myscheme.gov.in/schemes/iamdp
Manipur,Chief Ministergi Shotharabasingi Tengbang,State,Health & disability,yes,Social welfare & Empowerment,https://www.myscheme.gov.in/schemes/cmst
Manipur,Vocational Training Of Destitute Women And Adolescent Girls,State,Pensions,yes,Skills & Employment; Social welfare & Empowerment; Women and Child,https://www.myscheme.gov.in/schemes/vtdwag
Manipur,Chief Ministergi Artistesinggi Tengbang (CMAT) – Scheme Of Festival Assistance For Participating In International & National Festival,State,"Not for workers: sports, arts, awards",no,Sports & Culture; Social welfare & Empowerment,https://www.myscheme.gov.in/schemes/cmst-sfapinf
Manipur,Chief Minister’s College Students Rehabilitation Scheme (CMCSRS),State,Not for workers: students & education,no,Education & Learning,https://www.myscheme.gov.in/schemes/cmcsrs
Manipur,Skill Development Training Manipur,State,Workers' welfare boards & labour,yes,Skills & Employment,https://www.myscheme.gov.in/schemes/sdtm
Manipur,Scheme Of Assistance To Persons With Disabilities For Purchase/Fitting Of Aids And Appliances,State,Health & disability,yes,Social welfare & Empowerment,https://www.myscheme.gov.in/schemes/sapwdpfaa
Manipur,Unemployment Allowance To The Educated Unemployed Persons With Disabilities,State,Health & disability,yes,Social welfare & Empowerment,https://www.myscheme.gov.in/schemes/ueeupwd
Manipur,Financial Support To The Students Of N.E.R For Higher Professional Courses (NEC Merit Scholarship),Central,Not for workers: students & education,no,Education & Learning,https://www.myscheme.gov.in/schemes/necms
Manipur,Chief Ministergi Artistessingi Tengbang - Assistance To The Cultural Group For Training With New Production,State,"Not for workers: sports, arts, awards",no,Sports & Culture; Social welfare & Empowerment; Skills & Employment,https://www.myscheme.gov.in/schemes/cmst-acgtnp
Manipur,“Ishan Uday” Special Scholarship Scheme For North Eastern Region,Central,Not for workers: students & education,no,Education & Learning,https://www.myscheme.gov.in/schemes/iu-sss-ner
Manipur,Northeast BPO Promotion Scheme,Central,"Livelihood, loans & self-employment",yes,Business & Entrepreneurship; Skills & Employment,https://www.myscheme.gov.in/schemes/nebps
Manipur,Uttar Poorva Transformative Industrialization Scheme,Central,Other,no,Business & Entrepreneurship,https://www.myscheme.gov.in/schemes/unnatidpiit
Manipur,Chief Ministergi Artistesinggi Tengbang (CMAT) - Scheme For Award To Distinguished Artistes,State,"Not for workers: sports, arts, awards",no,Sports & Culture; Social welfare & Empowerment,https://www.myscheme.gov.in/schemes/cmat-sada
Manipur,Pension to the Beneficiary Building Worker Who Has Completed 60 Years,State,Pensions,yes,Social welfare & Empowerment,https://www.myscheme.gov.in/schemes/pbbwc60y
Manipur,Natural Death Relief (MBOCWWB),State,Workers' welfare boards & labour,yes,Social welfare & Empowerment,https://www.myscheme.gov.in/schemes/ndr-mbocwwb
Manipur,Chief Minister's COVID-19 Affected Livelihood Support Scheme,State,"Livelihood, loans & self-employment",yes,Social welfare & Empowerment,https://www.myscheme.gov.in/schemes/cmcalss
Manipur,Immediate Assistance in Case of Accident to the Beneficiary,State,Workers' welfare boards & labour,yes,Social welfare & Empowerment,https://www.myscheme.gov.in/schemes/iacab
Manipur,Medical Expenses for Treatment of Major Ailments of a Beneficiary,State,Workers' welfare boards & labour,yes,Health & Wellness,https://www.myscheme.gov.in/schemes/metmab
Manipur,AICTE - Grant For Augmenting Infrastructure In North Eastern Region,Central,Other,no,Education & Learning; Transport & Infrastructure,https://www.myscheme.gov.in/schemes/a-gainer
Manipur,Startup Manipur,State,"Livelihood, loans & self-employment",yes,Business & Entrepreneurship,https://www.myscheme.gov.in/schemes/strtupmpr
Manipur,CM’s Lairik Heiminnashi Programme (CMLH): Pre-Matric Remedial Coaching,State,Not for workers: students & education,no,Education & Learning; Social welfare & Empowerment,https://www.myscheme.gov.in/schemes/cmlh-prem
Manipur,National Mission on Edible Oils- Oil Palm,Central,Farmers & agriculture,yes,"Agriculture,Rural & Environment",https://www.myscheme.gov.in/schemes/nmeo-op
Mizoram,Scholarship For Cadets Of Sainik School Imphal,State,Not for workers: students & education,no,Education & Learning; Social welfare & Empowerment,https://www.myscheme.gov.in/schemes/scossi
Mizoram,State Disability Pension,State,Pensions,yes,Social welfare & Empowerment,https://www.myscheme.gov.in/schemes/sdp
Mizoram,Handicapped Students Stipend Mizoram,State,Not for workers: students & education,no,Social welfare & Empowerment; Education & Learning,https://www.myscheme.gov.in/schemes/hssm
Mizoram,"Scholarship For Cadets Of Rashtriya Indian Military College (RIMC), Dehradun",State,Not for workers: students & education,no,Education & Learning; Social welfare & Empowerment,https://www.myscheme.gov.in/schemes/scrimc
Mizoram,The Post-Matric Scholarship For Scheduled Tribes Students,State,Not for workers: students & education,no,Education & Learning,https://www.myscheme.gov.in/schemes/pmssts
Mizoram,Stipend to Educated Unemployed,State,Not for workers: students & education,no,Social welfare & Empowerment,https://www.myscheme.gov.in/schemes/steu
Mizoram,Post Matric Merit Scholarship,State,Not for workers: students & education,no,Education & Learning,https://www.myscheme.gov.in/schemes/pmms
Mizoram,Integrated Scheme for Export Promotion & Quality Improvement in Spices and Research and Development of Cardamom: Export Oriented Production:Large Cardamom Replanting/New planting (Ha),Central,Farmers & agriculture,yes,"Agriculture,Rural & Environment",https://www.myscheme.gov.in/schemes/isfepqiisaradoceoplcrnp
Mizoram,Mizoram Sports Incentive Cash Award Scheme,State,"Not for workers: sports, arts, awards",no,Sports & Culture,https://www.myscheme.gov.in/schemes/msias
Mizoram,State Senior Citizens Home,State,Pensions,yes,Social welfare & Empowerment; Housing & Shelter,https://www.myscheme.gov.in/schemes/ssch
Mizoram,"Scholarship Scheme of Sainik School Chhingchhip, Mizoram",State,Not for workers: students & education,no,Education & Learning,https://www.myscheme.gov.in/schemes/sssscm
Mizoram,Mizoram Research Fellowship,State,Not for workers: students & education,no,Education & Learning,https://www.myscheme.gov.in/schemes/mrf
Mizoram,Pre Matric Scholarship for Students belonging to Scheduled Caste Community,State,Not for workers: students & education,no,Education & Learning,https://www.myscheme.gov.in/schemes/pmssbscc
Mizoram,Welfare Services for Other Socially Disabled Persons (Senior Citizens & Destitute),State,Pensions,yes,Social welfare & Empowerment,https://www.myscheme.gov.in/schemes/wsosdp
Mizoram,Welfare Services for Women,State,Not for workers: students & education,no,Social welfare & Empowerment,https://www.myscheme.gov.in/schemes/wsfw
Mizoram,Financial Support To The Students Of N.E.R For Higher Professional Courses (NEC Merit Scholarship),Central,Not for workers: students & education,no,Education & Learning,https://www.myscheme.gov.in/schemes/necms
Mizoram,Feed And Fodder Entrepreneurship Scheme,State,"Food, LPG & ration",yes,"Agriculture,Rural & Environment",https://www.myscheme.gov.in/schemes/ffes
Mizoram,Training Centre for Specially-Abled Persons,State,Not for workers: students & education,no,Social welfare & Empowerment; Skills & Employment,https://www.myscheme.gov.in/schemes/tcfsap
Mizoram,Government of Mizoram Incentive Cash Award Scheme To Successful Candidates for Central and All India Service Examination,State,Not for workers: students & education,no,Education & Learning,https://www.myscheme.gov.in/schemes/gmicassccaise
Mizoram,“Ishan Uday” Special Scholarship Scheme For North Eastern Region,Central,Not for workers: students & education,no,Education & Learning,https://www.myscheme.gov.in/schemes/iu-sss-ner
Mizoram,Post Matric Scholarship for Students belonging to Scheduled Caste Community,State,Not for workers: students & education,no,Education & Learning,https://www.myscheme.gov.in/schemes/mpmssc
Mizoram,Northeast BPO Promotion Scheme,Central,"Livelihood, loans & self-employment",yes,Business & Entrepreneurship; Skills & Employment,https://www.myscheme.gov.in/schemes/nebps
Mizoram,Welfare Services for Disabled Persons,State,Pensions,yes,Social welfare & Empowerment; Health & Wellness,https://www.myscheme.gov.in/schemes/wsfdp
Mizoram,Welfare Services for Children,State,Health & disability,yes,Women and Child; Social welfare & Empowerment; Housing & Shelter,https://www.myscheme.gov.in/schemes/wsfc
Mizoram,Uttar Poorva Transformative Industrialization Scheme,Central,Other,no,Business & Entrepreneurship,https://www.myscheme.gov.in/schemes/unnatidpiit
Mizoram,Grant-in-aid (TB),State,Health & disability,yes,Health & Wellness,https://www.myscheme.gov.in/schemes/giatb
Mizoram,AICTE - Grant For Augmenting Infrastructure In North Eastern Region,Central,Other,no,Education & Learning; Transport & Infrastructure,https://www.myscheme.gov.in/schemes/a-gainer
Mizoram,Mizoram Bana Kaih (Handholding) Scheme,State,"Food, LPG & ration",yes,Business & Entrepreneurship,https://www.myscheme.gov.in/schemes/mbkhhs
Mizoram,Breed Multiplication Farm Entrepreneurship,State,Farmers & agriculture,yes,"Agriculture,Rural & Environment",https://www.myscheme.gov.in/schemes/bmfe
Mizoram,Mizoram Grant-in-Aid to Voluntary Organisations and Individuals,State,Health & disability,yes,Social welfare & Empowerment,https://www.myscheme.gov.in/schemes/mgiavoi
Mizoram,The Mizoram Provisional Employees Savings Scheme,State,Pensions,yes,"Banking,Financial Services and Insurance",https://www.myscheme.gov.in/schemes/mpess
Mizoram,National Mission on Edible Oils- Oil Palm,Central,Farmers & agriculture,yes,"Agriculture,Rural & Environment",https://www.myscheme.gov.in/schemes/nmeo-op
Sikkim,Skilled Youth Startup Scheme,State,"Livelihood, loans & self-employment",yes,"Business & Entrepreneurship; Agriculture,Rural & Environment; Skills & Employment",https://www.myscheme.gov.in/schemes/syss
Sikkim,Indira Gandhi National Old Age Pension Scheme - Sikkim,State,Pensions,yes,"Social welfare & Empowerment; Banking,Financial Services and Insurance",https://www.myscheme.gov.in/schemes/ignoaps-sikkim
Sikkim,Sikkim Grant Of Award To Transgender,State,"Not for workers: sports, arts, awards",no,"Social welfare & Empowerment; Banking,Financial Services and Insurance",https://www.myscheme.gov.in/schemes/sgatt
Sikkim,Sikkim Grant of Scholarship to Students with Disabilities Scheme,State,Not for workers: students & education,no,Social welfare & Empowerment; Women and Child; Education & Learning,https://www.myscheme.gov.in/schemes/sgssds
Sikkim,Marriage Assistance for the Construction Workers,State,Workers' welfare boards & labour,yes,Social welfare & Empowerment; Women and Child,https://www.myscheme.gov.in/schemes/maftcwsb
Sikkim,Partial Disability Benefit for the Construction Workers,State,Workers' welfare boards & labour,yes,Social welfare & Empowerment,https://www.myscheme.gov.in/schemes/pdbftcws
Sikkim,Samajik Sewa Bhatta Scheme,State,Pensions,yes,Social welfare & Empowerment,https://www.myscheme.gov.in/schemes/ssbs
Sikkim,Sikkim Unmarried Women Pension Scheme,State,Pensions,yes,"Social welfare & Empowerment; Banking,Financial Services and Insurance; Women and Child",https://www.myscheme.gov.in/schemes/suwps
Sikkim,Indira Gandhi National Widow Pension Scheme - Sikkim,State,Pensions,yes,"Banking,Financial Services and Insurance; Social welfare & Empowerment; Women and Child",https://www.myscheme.gov.in/schemes/ignwps-sikkim
Sikkim,Comprehensive Educational Loan Scheme - Sikkim,State,Not for workers: students & education,no,"Banking,Financial Services and Insurance; Education & Learning; Women and Child",https://www.myscheme.gov.in/schemes/cels-s
Sikkim,Funeral Assistance for the Construction Worker,State,Workers' welfare boards & labour,yes,Social welfare & Empowerment,https://www.myscheme.gov.in/schemes/faftcwsb
Sikkim,Medical Assistance for the Construction Worker,State,Workers' welfare boards & labour,yes,Social welfare & Empowerment; Health & Wellness,https://www.myscheme.gov.in/schemes/maftcwsbw
Sikkim,Cash Incentive Award to Bonafede Meritorious Sportspersons,State,Not for workers: students & education,no,Sports & Culture,https://www.myscheme.gov.in/schemes/cia
Sikkim,Integrated Scheme for Export Promotion & Quality Improvement in Spices and Research and Development of Cardamom: Export Oriented Production:Large Cardamom Replanting/New planting (Ha),Central,Farmers & agriculture,yes,"Agriculture,Rural & Environment",https://www.myscheme.gov.in/schemes/isfepqiisaradoceoplcrnp
Sikkim,Chief Minister's State Disability Pension Scheme - Sikkim,State,Pensions,yes,"Social welfare & Empowerment; Banking,Financial Services and Insurance",https://www.myscheme.gov.in/schemes/cmdps-sikkim
Sikkim,Hon’ble Chief Minister’s Merit Scholarship Scheme-Sikkim,State,Not for workers: students & education,no,Education & Learning,https://www.myscheme.gov.in/schemes/hcmmsss
Sikkim,Chief Ministers’ Education Assistance Scheme,State,Not for workers: students & education,no,Education & Learning,https://www.myscheme.gov.in/schemes/cmeas
Sikkim,Indira Gandhi National Disability Pension Scheme - Sikkim,State,Pensions,yes,"Social welfare & Empowerment; Banking,Financial Services and Insurance",https://www.myscheme.gov.in/schemes/igndps-sikkim
Sikkim,Maternity Assistance for the Construction Worker,State,Workers' welfare boards & labour,yes,Social welfare & Empowerment; Women and Child,https://www.myscheme.gov.in/schemes/mafcws
Sikkim,Financial Support To The Students Of N.E.R For Higher Professional Courses (NEC Merit Scholarship),Central,Not for workers: students & education,no,Education & Learning,https://www.myscheme.gov.in/schemes/necms
Sikkim,Chief Minister's Self Employment Scheme,State,"Insurance, accident & death help",yes,"Skills & Employment; Banking,Financial Services and Insurance",https://www.myscheme.gov.in/schemes/cmses
Sikkim,Permanent Disability/ Death Benefit for the Construction Workers,State,Workers' welfare boards & labour,yes,Social welfare & Empowerment,https://www.myscheme.gov.in/schemes/pddbftcw
Sikkim,Pension Benefit for the Construction Worker,State,Pensions,yes,Social welfare & Empowerment,https://www.myscheme.gov.in/schemes/pbftcw
Sikkim,“Ishan Uday” Special Scholarship Scheme For North Eastern Region,Central,Not for workers: students & education,no,Education & Learning,https://www.myscheme.gov.in/schemes/iu-sss-ner
Sikkim,Northeast BPO Promotion Scheme,Central,"Livelihood, loans & self-employment",yes,Business & Entrepreneurship; Skills & Employment,https://www.myscheme.gov.in/schemes/nebps
Sikkim,Uttar Poorva Transformative Industrialization Scheme,Central,Other,no,Business & Entrepreneurship,https://www.myscheme.gov.in/schemes/unnatidpiit
Sikkim,National Family Benefit Scheme - Sikkim,State,"Insurance, accident & death help",yes,Social welfare & Empowerment,https://www.myscheme.gov.in/schemes/nfbs-sikkim
Sikkim,Su-Swastha Yojana,State,"Insurance, accident & death help",yes,Health & Wellness,https://www.myscheme.gov.in/schemes/su-swastha-yojana
Sikkim,AICTE - Grant For Augmenting Infrastructure In North Eastern Region,Central,Other,no,Education & Learning; Transport & Infrastructure,https://www.myscheme.gov.in/schemes/a-gainer
Telangana,Hospitalisation Relief Scheme,State,Workers' welfare boards & labour,yes,Social welfare & Empowerment; Health & Wellness,https://www.myscheme.gov.in/schemes/hrs
Telangana,Maternity Benefit Scheme - Telangana,State,Workers' welfare boards & labour,yes,Social welfare & Empowerment; Women and Child,https://www.myscheme.gov.in/schemes/mbs-t
Telangana,Marriage Gift Scheme - Telangana,State,Workers' welfare boards & labour,yes,Social welfare & Empowerment; Women and Child,https://www.myscheme.gov.in/schemes/mgs-tbocwwb
Telangana,₹ 5 Lakh Insurance Cover To Farmers,State,"Insurance, accident & death help",yes,"Agriculture,Rural & Environment; Banking,Financial Services and Insurance",https://www.myscheme.gov.in/schemes/farmer-insurance
Telangana,Disability Aids and Appliances - Telangana,State,Workers' welfare boards & labour,yes,Social welfare & Empowerment,https://www.myscheme.gov.in/schemes/daaa
Telangana,Disability Relief - Telangana,State,Workers' welfare boards & labour,yes,Social welfare & Empowerment,https://www.myscheme.gov.in/schemes/dr-tbocwwb
Telangana,Feed The Seed,State,"Food, LPG & ration",yes,"Agriculture,Rural & Environment",https://www.myscheme.gov.in/schemes/feed-the-seed
Telangana,Mahatma Jyothiba Phule Overseas Vidya Nidhi for BC and EBC Students,State,Not for workers: students & education,no,Education & Learning,https://www.myscheme.gov.in/schemes/mjpovnbcebcs
Telangana,Chief Minister's Overseas Scholarship Scheme for Minorities,State,Not for workers: students & education,no,Education & Learning,https://www.myscheme.gov.in/schemes/cmossm
Telangana,KCR Nutrition Kit,State,Health & disability,yes,Health & Wellness; Social welfare & Empowerment; Women and Child,https://www.myscheme.gov.in/schemes/kcr-nutrition-kit
Telangana,Rythu Bima Scheme,State,"Insurance, accident & death help",yes,"Agriculture,Rural & Environment",https://www.myscheme.gov.in/schemes/rythu-bima
Telangana,Fatal Accident Relief - Telangana,State,Workers' welfare boards & labour,yes,Social welfare & Empowerment,https://www.myscheme.gov.in/schemes/far-tbocwwb
Telangana,Skill Development Training - 15 Days Residential Skill Up-gradation Training Programme,State,Workers' welfare boards & labour,yes,Social welfare & Empowerment; Skills & Employment,https://www.myscheme.gov.in/schemes/sugtpctrcw-t
Telangana,Skill Development Training - 15 Days Recognition of Prior Learning (RPL) Training Programme at Work Site ,State,Workers' welfare boards & labour,yes,Social welfare & Empowerment; Skills & Employment,https://www.myscheme.gov.in/schemes/sdt-15drpltpws
Telangana,Kalyana Lakshmi Pathakam,State,"Women, marriage & maternity",yes,Social welfare & Empowerment; Women and Child,https://www.myscheme.gov.in/schemes/klp
Telangana,Relief to the Unregistered Workers,State,"Insurance, accident & death help",yes,Social welfare & Empowerment,https://www.myscheme.gov.in/schemes/rttuw
Telangana,Shaadi Mubarak Scheme,State,"Women, marriage & maternity",yes,Social welfare & Empowerment; Women and Child,https://www.myscheme.gov.in/schemes/sms
Telangana,Natural Death Relief - Telangana,State,Workers' welfare boards & labour,yes,Social welfare & Empowerment,https://www.myscheme.gov.in/schemes/ndr-tbocwwb
Telangana,Skill Development Training - 90 Days Residential Skill Development Training Programme,State,"Livelihood, loans & self-employment",yes,Skills & Employment; Social welfare & Empowerment,https://www.myscheme.gov.in/schemes/sdt-90drsdtp
Telangana,Skill Development Training - 90 Days Skill Development Training Programme in Curtain & Garment Stitching ,State,Workers' welfare boards & labour,yes,Women and Child; Social welfare & Empowerment; Skills & Employment,https://www.myscheme.gov.in/schemes/sdt-90dsdtpcgs
Telangana,Dalit Bandhu,State,"Insurance, accident & death help",yes,"Social welfare & Empowerment; Skills & Employment; Banking,Financial Services and Insurance; Business & Entrepreneurship",https://www.myscheme.gov.in/schemes/dalit-bandhu
Telangana,Haritha Haram,State,"Not for workers: sports, arts, awards",no,"Agriculture,Rural & Environment",https://www.myscheme.gov.in/schemes/haritha-haram
Telangana,National Mission on Edible Oils- Oil Palm,Central,Farmers & agriculture,yes,"Agriculture,Rural & Environment",https://www.myscheme.gov.in/schemes/nmeo-op
Nagaland,Chief Minister’s Health Insurance Scheme - Nagaland,State,"Insurance, accident & death help",yes,"Banking,Financial Services and Insurance; Health & Wellness",https://www.myscheme.gov.in/schemes/cmhisn
Nagaland,Children Education Allowance,State,Workers' welfare boards & labour,yes,Education & Learning,https://www.myscheme.gov.in/schemes/cea
Nagaland,Post Matric Scholarship To Scheduled Tribe Students Of Nagaland,State,Not for workers: students & education,no,Education & Learning,https://www.myscheme.gov.in/schemes/pmsscsn
Nagaland,State Technical Scholarship for ST Student,State,Not for workers: students & education,no,Education & Learning,https://www.myscheme.gov.in/schemes/stssts
Nagaland,Nagaland State Merit Scholarship,State,Not for workers: students & education,no,Education & Learning,https://www.myscheme.gov.in/schemes/nsms
Nagaland,Maternity Benefit for Women Beneficiaries,State,Workers' welfare boards & labour,yes,Women and Child; Health & Wellness,https://www.myscheme.gov.in/schemes/mbfwb
Nagaland,State Disability Scholarship (Scholarship for Persons with Disabilities),State,Not for workers: students & education,no,Education & Learning,https://www.myscheme.gov.in/schemes/sdsspd
Nagaland,"State Medical Scholarship (Scholarship Scheme for MBBS & Allied Courses, Nursing and Paramedical Students)",State,Not for workers: students & education,no,Education & Learning,https://www.myscheme.gov.in/schemes/smsssmbbsacnps
Nagaland,State Agriculture Thesis Grant for M.Sc. Agriculture,State,Not for workers: students & education,no,Education & Learning,https://www.myscheme.gov.in/schemes/satgmsa
Nagaland,State Horticulture Scholarship,State,Not for workers: students & education,no,Education & Learning,https://www.myscheme.gov.in/schemes/shs
Nagaland,Integrated Child Development Services Scheme,State,Health & disability,yes,Social welfare & Empowerment; Health & Wellness,https://www.myscheme.gov.in/schemes/icdss
Nagaland,State Research Scholarship,State,Not for workers: students & education,no,Education & Learning,https://www.myscheme.gov.in/schemes/srsn
Nagaland,Financial Support To The Students Of N.E.R For Higher Professional Courses (NEC Merit Scholarship),Central,Not for workers: students & education,no,Education & Learning,https://www.myscheme.gov.in/schemes/necms
Nagaland,State Agriculture Scholarship for B.Sc. & M.Sc. Agriculture,State,Not for workers: students & education,no,Education & Learning,https://www.myscheme.gov.in/schemes/sasbma
Nagaland,“Ishan Uday” Special Scholarship Scheme For North Eastern Region,Central,Not for workers: students & education,no,Education & Learning,https://www.myscheme.gov.in/schemes/iu-sss-ner
Nagaland,NEC Stipend And Book Grant Scheme,State,Not for workers: students & education,no,Education & Learning,https://www.myscheme.gov.in/schemes/nsbgs
Nagaland,Northeast BPO Promotion Scheme,Central,"Livelihood, loans & self-employment",yes,Business & Entrepreneurship; Skills & Employment,https://www.myscheme.gov.in/schemes/nebps
Nagaland,Uttar Poorva Transformative Industrialization Scheme,Central,Other,no,Business & Entrepreneurship,https://www.myscheme.gov.in/schemes/unnatidpiit
Nagaland,Medical Assistance (NBOCWWB),State,Workers' welfare boards & labour,yes,Health & Wellness,https://www.myscheme.gov.in/schemes/manbocwwb
Nagaland,AICTE - Grant For Augmenting Infrastructure In North Eastern Region,Central,Other,no,Education & Learning; Transport & Infrastructure,https://www.myscheme.gov.in/schemes/a-gainer
Nagaland,Chief Minister's Micro Finance Initiative,State,"Insurance, accident & death help",yes,"Banking,Financial Services and Insurance",https://www.myscheme.gov.in/schemes/cmmfi
Nagaland,National Mission on Edible Oils- Oil Palm,Central,Farmers & agriculture,yes,"Agriculture,Rural & Environment",https://www.myscheme.gov.in/schemes/nmeo-op
Chandigarh,Widow Pension (CBOCWWB),State,Pensions,yes,Social welfare & Empowerment; Women and Child,https://www.myscheme.gov.in/schemes/wpcbocwwb
Chandigarh,Scholarship to the Ward of Beneficiary (CBOCWWB),State,Not for workers: students & education,no,Education & Learning; Social welfare & Empowerment,https://www.myscheme.gov.in/schemes/swbcbocwwb
Chandigarh,Assistance For Purchase of Aids/Appliances,State,Health & disability,yes,Women and Child; Health & Wellness; Social welfare & Empowerment,https://www.myscheme.gov.in/schemes/afpoaa
Chandigarh,Pension To Widows And Destitute Women-Chandigarh,State,Pensions,yes,Social welfare & Empowerment; Women and Child,https://www.myscheme.gov.in/schemes/ptwadwc
Chandigarh,Pension To The Disabled Person,State,Pensions,yes,Social welfare & Empowerment,https://www.myscheme.gov.in/schemes/disabled-pension
Chandigarh,"Financial Assistance for Purchase of Spectacles, Denture, Hearing Aid (CBOCWWB)",State,Workers' welfare boards & labour,yes,Social welfare & Empowerment,https://www.myscheme.gov.in/schemes/fapsdhacbocwwb
Chandigarh,Interest Free Loan (CBOCWWB),State,Workers' welfare boards & labour,yes,"Banking,Financial Services and Insurance; Social welfare & Empowerment",https://www.myscheme.gov.in/schemes/iflcbocwwb
Chandigarh,Maternity Benefit (CBOCWWB),State,Workers' welfare boards & labour,yes,Social welfare & Empowerment; Women and Child,https://www.myscheme.gov.in/schemes/mbcbocwwb
Chandigarh,Unemployment Allowance to Disabled Persons,State,Health & disability,yes,Social welfare & Empowerment,https://www.myscheme.gov.in/schemes/uatdp
Chandigarh,Integrated Child Development Services: Chandigarh,State,Not for workers: students & education,no,Health & Wellness,https://www.myscheme.gov.in/schemes/icds-chandigarh
Chandigarh,Financial Assistance for the Purchase of Sewing Machine (CBOCWWB),State,Workers' welfare boards & labour,yes,Social welfare & Empowerment; Women and Child,https://www.myscheme.gov.in/schemes/fapsmcbocwwb
Chandigarh,Supply of Tri-Cycles (CBOCWWB),State,Workers' welfare boards & labour,yes,Social welfare & Empowerment,https://www.myscheme.gov.in/schemes/stccbocwwb
Chandigarh,Old Age Pension - Chandigarh,State,Pensions,yes,Social welfare & Empowerment,https://www.myscheme.gov.in/schemes/oapc
Chandigarh,Scholarship to Meritorious Sportspersons,State,Not for workers: students & education,no,Sports & Culture,https://www.myscheme.gov.in/schemes/stmsp
Chandigarh,Petrol Subsidy To Persons With Disability,State,Health & disability,yes,Social welfare & Empowerment,https://www.myscheme.gov.in/schemes/petro-subsidy-for-disabled
Chandigarh,Financial Assistance to Physically/Mentally Disabled Children of Beneficiary (CBOCWWB),State,Workers' welfare boards & labour,yes,Social welfare & Empowerment,https://www.myscheme.gov.in/schemes/fapmdcbcbocwwb
Chandigarh,Financial Assistance for the Marriage of Daughters of Widows/Destitute Women belonging to the Scheduled Caste,State,Pensions,yes,Social welfare & Empowerment; Women and Child,https://www.myscheme.gov.in/schemes/marriage-of-daughter-of-sc-widow
Chandigarh,Kanyadaan Scheme (CBOCWWB),State,Workers' welfare boards & labour,yes,Social welfare & Empowerment; Women and Child,https://www.myscheme.gov.in/schemes/kscbocwwb
Chandigarh,Funeral Assistance (CBOCWWB),State,Workers' welfare boards & labour,yes,Social welfare & Empowerment,https://www.myscheme.gov.in/schemes/facbocwwb
Chandigarh,Financial Assistance on Death/Disablement of Beneficiary (CBOCWWB),State,Workers' welfare boards & labour,yes,Social welfare & Empowerment,https://www.myscheme.gov.in/schemes/faddbcbocwwb
Chandigarh,Financial Assistance To Dependent Children Of Widows And Destitute Women,State,Pensions,yes,Social welfare & Empowerment; Women and Child,https://www.myscheme.gov.in/schemes/fsdcwdw
Andaman and Nicobar Islands,The Andaman & Nicobar Islands Disability Allowance Scheme,State,Health & disability,yes,Social welfare & Empowerment,https://www.myscheme.gov.in/schemes/anidas
Andaman and Nicobar Islands,Pension Benefit (ANBOCWWB),State,Pensions,yes,"Banking,Financial Services and Insurance; Social welfare & Empowerment",https://www.myscheme.gov.in/schemes/pbanbocwwb
Andaman and Nicobar Islands,The Andaman & Nicobar Islands Allowance to Destitute Women Scheme,State,Pensions,yes,Social welfare & Empowerment; Women and Child,https://www.myscheme.gov.in/schemes/aniadws
Andaman and Nicobar Islands,The Andaman & Nicobar Islands Widow Pension Scheme,State,Pensions,yes,Social welfare & Empowerment; Women and Child,https://www.myscheme.gov.in/schemes/aniwps
Andaman and Nicobar Islands,Disability Assistance (ANBOCWWB),State,Workers' welfare boards & labour,yes,Social welfare & Empowerment,https://www.myscheme.gov.in/schemes/daanbocwwb
Andaman and Nicobar Islands,Incentive Scheme For The Electricity Consumers Under Various Categories In Andaman & Nicobar Islands,State,Other,no,Utility & Sanitation; Social welfare & Empowerment,https://www.myscheme.gov.in/schemes/isecvcani
Andaman and Nicobar Islands,Scheme for Grant of Additional Scholarship to the Students Belonging to Scheduled Tribes of Andaman and Nicobar Islands for Pursuing Higher Studies Anywhere in India Post-Senior Secondary Courses (Post 10+2 Courses),State,Not for workers: students & education,no,Education & Learning,https://www.myscheme.gov.in/schemes/sgassbstaniphsaip-sscp10p2c
Andaman and Nicobar Islands,Andaman & Nicobar Islands Scheme for Health Insurance,State,"Insurance, accident & death help",yes,Health & Wellness,https://www.myscheme.gov.in/schemes/anishi
Andaman and Nicobar Islands,Skill Development Assistance (ANBOCWWB),State,Workers' welfare boards & labour,yes,Skills & Employment; Social welfare & Empowerment,https://www.myscheme.gov.in/schemes/sdaanbocwwb
Andaman and Nicobar Islands,Dulari Scheme,State,Not for workers: students & education,no,Education & Learning; Health & Wellness; Women and Child,https://www.myscheme.gov.in/schemes/ds-aandn
Andaman and Nicobar Islands,"Scheme for Grant of Additional Scholarship to the Students of Other Backward Classes of Andaman and Nicobar Islands, for Pursuing Higher Studies Anywhere in India after Secondary Level (Except Class XI & XII)",State,Not for workers: students & education,no,Education & Learning; Social welfare & Empowerment,https://www.myscheme.gov.in/schemes/sgassobcaniphsaislecxixii
Andaman and Nicobar Islands,Andaman & Nicobar Bed & Breakfast / Home Stay Establishment Scheme,State,"Food, LPG & ration",yes,Travel & Tourism,https://www.myscheme.gov.in/schemes/acbbhses
Andaman and Nicobar Islands,The Andaman & Nicobar Islands Old Age Assistance Scheme,State,Pensions,yes,Social welfare & Empowerment,https://www.myscheme.gov.in/schemes/anioaas
Andaman and Nicobar Islands,Maternity Benefit (ANBOCWWB),State,Workers' welfare boards & labour,yes,Social welfare & Empowerment; Women and Child,https://www.myscheme.gov.in/schemes/mbanbocwwb
Andaman and Nicobar Islands,Medical Assistance (ANBOCWWB),State,Workers' welfare boards & labour,yes,Health & Wellness; Social welfare & Empowerment,https://www.myscheme.gov.in/schemes/maanbocwwb
Andaman and Nicobar Islands,Death Benefit (ANBOCWWB),State,Workers' welfare boards & labour,yes,Social welfare & Empowerment,https://www.myscheme.gov.in/schemes/dbanbocwwb
Andaman and Nicobar Islands,Funeral Assistance (ANBOCWWB),State,Workers' welfare boards & labour,yes,Social welfare & Empowerment,https://www.myscheme.gov.in/schemes/faanbocwwb
Andaman and Nicobar Islands,Marriage Assistance (ANBOCWWB),State,Workers' welfare boards & labour,yes,Social welfare & Empowerment,https://www.myscheme.gov.in/schemes/ma-anbocwwb
Andaman and Nicobar Islands,Educational Assistance (ANBOCWWB),State,Not for workers: students & education,no,Education & Learning; Social welfare & Empowerment,https://www.myscheme.gov.in/schemes/eaanbocwwb
Lakshadweep,Union Territory of Lakshadweep Pension Scheme for Widows,State,Pensions,yes,Social welfare & Empowerment; Women and Child,https://www.myscheme.gov.in/schemes/wspsl
Lakshadweep,Lakshadweep Scholarship Scheme,State,Not for workers: students & education,no,Education & Learning,https://www.myscheme.gov.in/schemes/lkdss
Lakshadweep,Special Jobs to PwDs - Clerical Assistant,State,Health & disability,yes,Skills & Employment,https://www.myscheme.gov.in/schemes/sjpwds
Lakshadweep,Special Jobs to PwDs - Helper,State,Health & disability,yes,Skills & Employment,https://www.myscheme.gov.in/schemes/pwdhelper
Lakshadweep,Marriage Assistance to Person with Disability / BPL,State,Health & disability,yes,Social welfare & Empowerment,https://www.myscheme.gov.in/schemes/mapdbpl
Lakshadweep,Union Territory of Lakshadweep Pension Scheme for Specially Abled Persons,State,Pensions,yes,Social welfare & Empowerment,https://www.myscheme.gov.in/schemes/sapsp
Lakshadweep,Union Territory of Lakshadweep Pension Scheme for Abandoned Ladies/Destitute,State,Pensions,yes,Social welfare & Empowerment; Women and Child,https://www.myscheme.gov.in/schemes/aldspsl
Lakshadweep,Union Territory of Lakshadweep Pension Scheme for Old Age,State,Pensions,yes,Social welfare & Empowerment,https://www.myscheme.gov.in/schemes/oaspsl
Lakshadweep,25% Capital Investment Subsidy Scheme,State,Other,no,Business & Entrepreneurship,https://www.myscheme.gov.in/schemes/25-ciss
Ladakh,Integrated Social Security Scheme: Pension for Women in Distress,State,Pensions,yes,Social welfare & Empowerment; Women and Child,https://www.myscheme.gov.in/schemes/issspwd
Ladakh,State Marriage Assistance Scheme,State,Health & disability,yes,Social welfare & Empowerment; Women and Child,https://www.myscheme.gov.in/schemes/smas
Ladakh,Integrated Social Security Scheme: Pension to Physically Challenged Persons,State,Pensions,yes,Social welfare & Empowerment,https://www.myscheme.gov.in/schemes/isssppcp
Ladakh,Pradhan Mantri Uchchatar Shiksha Protsahan Yojana - Special Scholarship Scheme for Jammu & Kashmir and Ladakh,Central,Not for workers: students & education,no,Education & Learning,https://www.myscheme.gov.in/schemes/pm-usp-sssjkl
Ladakh,Integrated Social Security Scheme: Old Age Pension,State,Pensions,yes,Social welfare & Empowerment,https://www.myscheme.gov.in/schemes/isssoap
